relative_path,parent_directory,name,suffix,size_bytes,sha256,is_text,detected_encoding,printable_ratio,line_count,categories,uft_markers,object_reference_markers,parameter_markers,control_flow_markers,function_or_sub_markers,error
db_xmlmap.xml,.,db_xmlmap.xml,.xml,436562,51d9c6afa028bb3ef5cfd793fcdbb1e13f018f2d11244898067d235281c093ae,True,utf-8-sig,1.0000,7178,text; known_text_extension; contains_control_flow; xml_candidate,,,,For ; Next,,
dbid.xml,.,dbid.xml,.xml,1157,b0311c519dd65b92362e7029b06f80993f2569b21984f412e5b6dee100d05760,True,utf-8-sig,1.0000,24,text; known_text_extension; contains_control_flow; xml_candidate,,,,Then,,
ProjRep/000/000/000/000/001,ProjRep/000/000/000/000,001,,0,e3b0c44298fc1c149afbf4c8996fb92427ae41e4649b934ca495991b7852b855,True,utf-8-sig,1.0000,,text,,,,,,
ProjRep/000/000/000/001/001,ProjRep/000/000/000/001,001,,21280,a67cd9062f6da5d0110da0932d0b4a26f873d875756ac1e2438919f99aa28b22,False,,,,binary,,,,,,
ProjRep/000/000/000/001/002,ProjRep/000/000/000/001,002,,13872,5e01ea3768be3da8504c86d9a4088549b00435802a8b5fde61804c9322c51025,False,,,,binary,,,,,,
ProjRep/000/000/000/001/003,ProjRep/000/000/000/001,003,,15477,9f160737940ef651ab61b0ca3fade10435f9503bbb958ad3b6a0a0508e34770b,False,,,,binary,,,,,,
ProjRep/000/000/000/001/004,ProjRep/000/000/000/001,004,,18433,afff1118790e5d0082e336804acdd1dfe6b99d648cedaa83af94163245e988e3,False,,,,binary,,,,,,
ProjRep/000/000/000/001/005,ProjRep/000/000/000/001,005,,19065,bbd6348570429efa129b1421109d22626260f7b9a49f328583b0100baae2e3ca,False,,,,binary,,,,,,
ProjRep/000/000/000/001/006,ProjRep/000/000/000/001,006,,18630,117711b0d414242761e502131d73486da1cf406485d5181e56158dae0bb0b85c,False,,,,binary,,,,,,
ProjRep/000/000/000/001/007,ProjRep/000/000/000/001,007,,19931,84f7354ca65cf94fa008333e338d460deda6d148d8231cab520682937a44c09a,False,,,,binary,,,,,,
ProjRep/000/000/000/001/008,ProjRep/000/000/000/001,008,,18885,e85be86d3a1ec9cd60ecc272c905e03f7d710047bcf5d67ee529e6c7e4e3ef0c,False,,,,binary,,,,,,
ProjRep/000/000/000/001/009,ProjRep/000/000/000/001,009,,17993,0e8d97029c9e2b594d6390ea8651cb77fdea85317ecbaa029adbaa325a290021,False,,,,binary,,,,,,
ProjRep/000/000/000/001/010,ProjRep/000/000/000/001,010,,18526,a075fd439e9a44c77c37b88adff73c4d53b3c3fa901ccebe7c0c102668acc904,False,,,,binary,,,,,,
ProjRep/000/000/000/001/011,ProjRep/000/000/000/001,011,,19687,fa6c9556b81f02e5f0835cdb068273a40db8c0a279f314d143fcc1e95c3ca2c8,False,,,,binary,,,,,,
ProjRep/000/000/000/001/012,ProjRep/000/000/000/001,012,,21743,f866fef709f36aed5e90bc36191fc8117a79362b5d68817c2a0d23e45ee4d7cc,False,,,,binary,,,,,,
ProjRep/000/000/000/001/013,ProjRep/000/000/000/001,013,,18695,e1da9da80eb64fa97610688b932d9149967ae2f2781ab9f498bfda84357d4c37,False,,,,binary,,,,,,
ProjRep/000/000/000/001/014,ProjRep/000/000/000/001,014,,19304,56dc72fc5c0a08889daa6abe7f2ab11db82260a3cfaad53af3ec34d7931c357e,False,,,,binary,,,,,,
ProjRep/000/000/000/001/015,ProjRep/000/000/000/001,015,,18414,7fa8300aa568be2616513a5f8490920b56553b3070a3f9b9e60d70621df0ccd8,False,,,,binary,,,,,,
ProjRep/000/000/000/001/016,ProjRep/000/000/000/001,016,,18589,094ce45d65adfdca52083afd291ae4fd3e14342abe68c1d8f6d0cd76ab8662ca,False,,,,binary,,,,,,
ProjRep/000/000/000/001/017,ProjRep/000/000/000/001,017,,14679,b3af41c4d3d57bc4b491ab6c8c2c92d87e94f1a620b4dfef9cea8017fdff1cd7,False,,,,binary,,,,,,
ProjRep/000/000/000/001/018,ProjRep/000/000/000/001,018,,18437,0f7de8bf4f11a95e8f6144586b5205fd859499a6fb6a4cee38eefebe61717411,False,,,,binary,,,,,,
ProjRep/000/000/000/001/019,ProjRep/000/000/000/001,019,,17960,f58ad9b6276cf1b4c34b4f25d8182f24a6c36b17ac2de195b95d30c6a21f5079,False,,,,binary,,,,,,
ProjRep/000/000/000/001/020,ProjRep/000/000/000/001,020,,18664,2870677c4131fdaa3ee8eede0a4487a2ad8a289b9c936218311674a294750b95,False,,,,binary,,,,,,
ProjRep/000/000/000/001/021,ProjRep/000/000/000/001,021,,18650,f83c0406f312f80fd3930a8f27077879ceed951490760f53aeef37d1d9381a66,False,,,,binary,,,,,,
ProjRep/000/000/000/001/022,ProjRep/000/000/000/001,022,,18596,d5e2cfd99f9a0cc85ca282ee3f54c8b5ee53c1ceba6f21bc3a7f05761acdaca3,False,,,,binary,,,,,,
ProjRep/000/000/000/001/023,ProjRep/000/000/000/001,023,,16198,2014e078b63c4fbc303163758234657299ef9ec9ea2f8aac0aa88d120418f290,False,,,,binary,,,,,,
ProjRep/000/000/000/001/024,ProjRep/000/000/000/001,024,,19287,dbcc1a96400008c5456bc38e629324f64043a1df9fbb5558e68d3642c5b06d69,False,,,,binary,,,,,,
ProjRep/000/000/000/001/025,ProjRep/000/000/000/001,025,,18446,c0710f574d4d9ec5446711300f6807ba552a324374c722ecf050a248222a208e,False,,,,binary,,,,,,
ProjRep/000/000/000/001/026,ProjRep/000/000/000/001,026,,18878,3b2c1425d363dfe1a8fcd413cf3dcae6cfd449362ed9b5a7d1fd27d963c0fdc4,False,,,,binary,,,,,,
ProjRep/000/000/000/001/027,ProjRep/000/000/000/001,027,,18078,ccdfbec5782137b0ceee8d65dbe9b26b7e3c00937d517f85a678e2c723169b66,False,,,,binary,,,,,,
ProjRep/000/000/000/001/028,ProjRep/000/000/000/001,028,,18527,e3fae46b99174890a0e76517776abcf85550f145fb85cd145e53b44567891478,False,,,,binary,,,,,,
ProjRep/000/000/000/001/029,ProjRep/000/000/000/001,029,,18959,bf44506c3381fd07ad82c8f9141ac8536cc1597964270a9471673a459d4502a2,False,,,,binary,,,,,,
ProjRep/000/000/000/001/030,ProjRep/000/000/000/001,030,,18039,1c9b9411382cf00bf148254ff41009ddca3f3a91c63be4e22b0c2a356f7ccae5,False,,,,binary,,,,,,
ProjRep/000/000/000/001/031,ProjRep/000/000/000/001,031,,18435,11ab1811d3d801b660f5d8e33cba0a13f65b7024b8d1bf3c462820a2adbcef3c,False,,,,binary,,,,,,
ProjRep/000/000/000/001/032,ProjRep/000/000/000/001,032,,19417,71d662902a147666861042433a87aded308bddec1015ddb3dc9d327482acee50,False,,,,binary,,,,,,
ProjRep/000/000/000/001/033,ProjRep/000/000/000/001,033,,18637,aa0886eb77c040a11e8ae43ad772cae8f73ae819226396782a177254e678331a,False,,,,binary,,,,,,
ProjRep/000/000/000/001/034,ProjRep/000/000/000/001,034,,18233,5a5f2e3ea56be30f4da66c5dc69f37bd64bf2fc7b4c7b1211357494f0b124cd8,False,,,,binary,,,,,,
ProjRep/000/000/000/001/035,ProjRep/000/000/000/001,035,,18551,94147be0547cc4218a4ed813e33c10d387b2343b0c5cf97f3cc46893a3fb3f2e,False,,,,binary,,,,,,
ProjRep/000/000/000/001/036,ProjRep/000/000/000/001,036,,17665,fef85aa9475f07533bfa3aad63b23cd1d9aba8a65f3de3db402c96d0deaacbd1,False,,,,binary,,,,,,
ProjRep/000/000/000/001/037,ProjRep/000/000/000/001,037,,17651,aa388247c9720d2edc2b969e12a1ad476b6d0de450144fc354537ca1e8b486cc,False,,,,binary,,,,,,
ProjRep/000/000/000/001/038,ProjRep/000/000/000/001,038,,17662,c5e981c8b866a92f8b0c6d8c5058d64822fa8028d70433f1b4741cef273e0486,False,,,,binary,,,,,,
ProjRep/000/000/000/001/039,ProjRep/000/000/000/001,039,,18364,c6955594f47d526267e062cb8ae41d8d9c8e8ed7cbff13c9fb90012fba8fc95e,False,,,,binary,,,,,,
ProjRep/000/000/000/001/040,ProjRep/000/000/000/001,040,,18925,f48c73afaa4ed08a36a3dda93c7296e9843262ec493008601e63f1c52c31e031,False,,,,binary,,,,,,
ProjRep/000/000/000/001/041,ProjRep/000/000/000/001,041,,18620,bd72fd79bf20fd2266cfe90198eb5525b94c24704d320849893ff7215d68ea56,False,,,,binary,,,,,,
ProjRep/000/000/000/001/042,ProjRep/000/000/000/001,042,,18816,c41e08e0dafb6bf5446594ca7cc12af7ec760fd9140f3185b89292b2c7e6b279,False,,,,binary,,,,,,
ProjRep/000/000/000/001/043,ProjRep/000/000/000/001,043,,19169,bea45ca5209dfd905bc00b9facd7f906a14683eefa17c46d939e5e8f70225973,False,,,,binary,,,,,,
ProjRep/000/000/000/001/044,ProjRep/000/000/000/001,044,,18205,e0376e1d71471ca8671d775247f5594989d749f4113773186ec614b2a70477cd,False,,,,binary,,,,,,
ProjRep/000/000/000/001/045,ProjRep/000/000/000/001,045,,18556,75a0b7f28d51b3f98b834304e2ab04ad9814465329ddb9b2e1353841d04947f1,False,,,,binary,,,,,,
ProjRep/000/000/000/001/046,ProjRep/000/000/000/001,046,,18052,660f93d388e60e3bd5419ec651906471190b88d0e9d56e3a0399e52bc1529012,False,,,,binary,,,,,,
ProjRep/000/000/000/001/047,ProjRep/000/000/000/001,047,,18518,959c17a45c94dcde69f1b07026204759cab405959a484f7cbf96ae83f92204b6,False,,,,binary,,,,,,
ProjRep/000/000/000/001/048,ProjRep/000/000/000/001,048,,18418,d567dfa7ab100f16628d4fcaea17194fb9d18cc4e67f5f4cc5a8eb5365658b36,False,,,,binary,,,,,,
ProjRep/000/000/000/001/049,ProjRep/000/000/000/001,049,,18938,5fbee34bfb875249debeeb66865a9390690ee6acd73226b4356bcfacbb2201ad,False,,,,binary,,,,,,
ProjRep/000/000/000/001/050,ProjRep/000/000/000/001,050,,18539,a1ebcb59a87941beb5e37e89fb9c21579d09dcdb0e7646cb36e8dc5112a12076,False,,,,binary,,,,,,
ProjRep/000/000/000/001/051,ProjRep/000/000/000/001,051,,17653,90892300fe304009ba351127e9b38287bc640f5aa7028c9898444e051b2ab692,False,,,,binary,,,,,,
ProjRep/000/000/000/001/052,ProjRep/000/000/000/001,052,,19371,c531df5052bec86e7c21de3f4ab16cd86133c38a49866e93c4adb2dbf2f8f70d,False,,,,binary,,,,,,
ProjRep/000/000/000/001/053,ProjRep/000/000/000/001,053,,18527,18590e5deba0c7f5c2bbce6076f90e222d4df0aec9197db6230fe18f62571f13,False,,,,binary,,,,,,
ProjRep/000/000/000/001/054,ProjRep/000/000/000/001,054,,14861,9c67f424fd93802db74ac6d423b7b64f2c81497ab1c81540d37c80e74687880b,False,,,,binary,,,,,,
ProjRep/000/000/000/001/055,ProjRep/000/000/000/001,055,,18684,409c05f2956819a10d05da6bf462b85dc3912d197d94946686be6279c07d349a,False,,,,binary,,,,,,
ProjRep/000/000/000/001/056,ProjRep/000/000/000/001,056,,196608,4c2148780f767c02b3561f73990eaa5d7c11690e9f1c7c54cba8aabaa022f4a1,False,,,,binary,,,,,,
ProjRep/000/000/000/001/057,ProjRep/000/000/000/001,057,,6656,163b799f7c83ef8a49423fec70fc195de1824aa6141ff36098036ade9fc91cde,False,,,,binary,,,,,,
ProjRep/000/000/000/001/058,ProjRep/000/000/000/001,058,,60,e072760a88703fef9b9fa45a28ad68b1ed65dd0f3f0988eca91f7780dd3c2228,True,utf-8-sig,1.0000,1,text,,,,,,
ProjRep/000/000/000/001/059,ProjRep/000/000/000/001,059,,196608,7ef7367799ee347fb4d7320c47c0e80614bca740e7327fe70303eaba1d3b7355,False,,,,binary,,,,,,
ProjRep/000/000/000/001/060,ProjRep/000/000/000/001,060,,8704,53c312bed066cd2d12f789cb9fd811606d3034b0db97adc136ef627490525b23,False,,,,binary,,,,,,
ProjRep/000/000/000/001/061,ProjRep/000/000/000/001,061,,3,f1945cd6c19e56b3c1c78943ef5ec18116907a4ca1efc40a57d48ab1db7adfc5,True,utf-8-sig,1.0000,,text,,,,,,
ProjRep/000/000/000/001/062,ProjRep/000/000/000/001,062,,4096,65650ccab529ef2bed1c84165d5b4ef373fb515f65aa342d9987e093c0725ffe,False,,,,binary,,,,,,
ProjRep/000/000/000/001/063,ProjRep/000/000/000/001,063,,2875,fbb90100cb5ad2370734788b17d369225d2676aecaed6540dc87609b3135cca9,True,utf-8-sig,1.0000,72,text; xml_candidate,,,,,,
ProjRep/000/000/000/001/064,ProjRep/000/000/000/001,064,,2560,9773b1ffe4af83a229ae92b19cd5141596a20d1bb4716a492806762631672a67,False,,,,binary,,,,,,
ProjRep/000/000/000/001/065,ProjRep/000/000/000/001,065,,36864,d035a10d4e9f7c06f70f606e86acc38e20a69de3afac8473d7db9faace114934,False,,,,binary,,,,,,
ProjRep/000/000/000/001/066,ProjRep/000/000/000/001,066,,16874,1244ef878b3747028260fb0e6c49cf254a1ca1153de522078207f6b7b3dd2056,True,utf-16,1.0000,518,text; xml_candidate,,,,,,
ProjRep/000/000/000/001/067,ProjRep/000/000/000/001,067,,196608,bddbce5b1b47baa5a131fe524c963a72f285f97b2b69ba613c04d130a01331f0,False,,,,binary,,,,,,
ProjRep/000/000/000/001/068,ProjRep/000/000/000/001,068,,13312,ac95974883de9370c9070740e69e3464402e4f3241672f2a34f2161c12fb28d2,False,,,,binary,,,,,,
ProjRep/000/000/000/001/069,ProjRep/000/000/000/001,069,,40,fc3fa70e310b5cad7d380d21bbd732d9cb8c1d43095eb4f1bf51b56d99339645,True,utf-8-sig,1.0000,1,text,,,,,,
ProjRep/000/000/000/001/070,ProjRep/000/000/000/001,070,,196608,a10f01882af4ac83772e976d6cd1e7716e337eff36136eda9c20f5c66b56479c,False,,,,binary,,,,,,
ProjRep/000/000/000/001/071,ProjRep/000/000/000/001,071,,13312,29d7dcb599c7474c321a096134dd3d361b3417c5bb53827a097fb49ea7dead00,False,,,,binary,,,,,,
ProjRep/000/000/000/001/073,ProjRep/000/000/000/001,073,,4096,1396ff641549fe4f481675df5c6f9d133193ad8cb0787b20ae1116367bcca4d0,False,,,,binary,,,,,,
ProjRep/000/000/000/001/074,ProjRep/000/000/000/001,074,,2560,3512522e4eaa87dcd5eae7c3470086c2798d6a3808aba080c17f5d9a815fbc98,False,,,,binary,,,,,,
ProjRep/000/000/000/001/075,ProjRep/000/000/000/001,075,,37888,de572be9b6f29d94ca213a6a9b00ecfa3815072605e036856374130d73e387c4,False,,,,binary,,,,,,
ProjRep/000/000/000/001/076,ProjRep/000/000/000/001,076,,10766,80e8991c3080d794336dd07fda27cf80b72643e330543ee2688a68a0f7087c95,True,utf-16,1.0000,333,text; xml_candidate,,,,,,
ProjRep/000/000/000/001/077,ProjRep/000/000/000/001,077,,196608,db6c24fa10ba25e66e980e36ebcc8b15217094133b0d32f81595ae2f8bba8409,False,,,,binary,,,,,,
ProjRep/000/000/000/001/078,ProjRep/000/000/000/001,078,,6656,7fc25995ffa95676ba2d11e5df7ff7982b41e1bb2f390f4ce092d215e0a92855,False,,,,binary,,,,,,
ProjRep/000/000/000/001/079,ProjRep/000/000/000/001,079,,33,bcf7e92df54ea59e281fa8321cbf8fcce3eb3e3c09219e082c25cbf2313701fa,True,utf-8-sig,1.0000,1,text,,,,,,
ProjRep/000/000/000/001/080,ProjRep/000/000/000/001,080,,196608,28441816643ef0956b23732d26b516716e09694f5d16788b6702f1f4b94eaafa,False,,,,binary,,,,,,
ProjRep/000/000/000/001/081,ProjRep/000/000/000/001,081,,6656,0291c039cd29b3a33a2bf8e0c8e533d9dee9c5e00c4805d788d2b9eccb0ca218,False,,,,binary,,,,,,
ProjRep/000/000/000/001/083,ProjRep/000/000/000/001,083,,4096,5cce398c530dd2528ac8478d49ab8fd2182b14e4fc9a81d14d4b23bceff3ce29,False,,,,binary,,,,,,
ProjRep/000/000/000/001/084,ProjRep/000/000/000/001,084,,2560,e939aa7226d50a6bf4eac7a7a999b549af6bb1361e89383be159d6ae02abbb75,False,,,,binary,,,,,,
ProjRep/000/000/000/001/085,ProjRep/000/000/000/001,085,,31744,1c1b97dc1b12dd8996c1a4d56420bf8faf0c56121c7ac0975b654832c7606d04,False,,,,binary,,,,,,
ProjRep/000/000/000/001/087,ProjRep/000/000/000/001,087,,139,d22e1f91f7316113f296af18867554b8be4bb73d0e97b85392d6ab55ce265e77,True,utf-8-sig,1.0000,6,text,,,,,,
ProjRep/000/000/000/001/090,ProjRep/000/000/000/001,090,,463,fd2a285b39e2dab125ec3b8d0910688b31544322e3e9a84be57ff752474352cf,True,utf-8-sig,1.0000,29,text,,,,,,
ProjRep/000/000/000/001/102,ProjRep/000/000/000/001,102,,466,0eff775d5d0649b1a61d918a375809f0f1999d324349a2a1bc10a327428c01d9,True,utf-8-sig,1.0000,18,text; uft_script_candidate; contains_object_references,Browser(,WebList(; Page(; Browser(,,,,
ProjRep/000/000/000/001/103,ProjRep/000/000/000/001,103,,14934,d003bf3c5e389acc6d088a9ad6c1d22c4038ae23203114b85fc9491e9c7b3638,True,cp1250,1.0000,163,text; contains_control_flow; contains_function_or_sub; xml_candidate,,,,For ,Function ,
ProjRep/000/000/000/001/104,ProjRep/000/000/000/001,104,,657,a026ab70fea2b81ca58ccf7794a498e2108dd3059a52a037889d6be7e7286f26,True,utf-8-sig,1.0000,24,text; uft_script_candidate; contains_object_references,Browser(,Page(; Browser(,,,,
ProjRep/000/000/000/001/105,ProjRep/000/000/000/001,105,,28154,c7448eecc1a03d877e6c1cdfdd6c1e3a86444464172e7b867b4c6530b3df5b44,True,cp1250,1.0000,228,text; contains_control_flow; contains_function_or_sub; xml_candidate,,,,If ; For ,Function ,
ProjRep/000/000/000/001/106,ProjRep/000/000/000/001,106,,180,9009e4a419bdfaf84b6a6f60968b98d28050f131a0de61a822bc01fc802393e8,True,utf-8-sig,1.0000,8,text; uft_script_candidate; contains_object_references,Browser(,Browser(,,,,
ProjRep/000/000/000/001/107,ProjRep/000/000/000/001,107,,3398,95ad3afbe12f1b2e40d6a838824660545df231a8203e995da35d7e8553242a7a,False,,,,binary,,,,,,
ProjRep/000/000/000/001/108,ProjRep/000/000/000/001,108,,6858,b685173ca629e6d83318a90f00c860a780f92e9830ef67f8e99e877396b650cc,True,cp1250,1.0000,115,text; contains_control_flow; xml_candidate,,,,Do ,,
ProjRep/000/000/000/001/109,ProjRep/000/000/000/001,109,,180,1cda6015753f7ef2f803c8b3da9d24ee1e979aaeedfb2d4f15ebe45f9c3433a0,True,utf-8-sig,1.0000,8,text; uft_script_candidate; contains_object_references,Browser(,Browser(,,,,
ProjRep/000/000/000/001/110,ProjRep/000/000/000/001,110,,3398,bd814889538690329815aeec52d6149f4d1e68130ec1b79f8b08eb436921b054,False,,,,binary,,,,,,
ProjRep/000/000/000/001/111,ProjRep/000/000/000/001,111,,6858,756a3143332e64253e19019c2c83fa4da4618a90edcf2ddfc7aa8373674ca605,True,cp1250,1.0000,115,text; contains_control_flow; xml_candidate,,,,Do ,,
ProjRep/000/000/000/001/112,ProjRep/000/000/000/001,112,,180,346f150c9c7509df6b977b4434083b6ee6e3c2d157ce65522d335827b16b3087,True,utf-8-sig,1.0000,8,text; uft_script_candidate; contains_object_references,Browser(,Browser(,,,,
ProjRep/000/000/000/001/113,ProjRep/000/000/000/001,113,,4736,6b0a8c642ceeb0f2fd201ee2f230b03ee119ecb71e8cb69f289001539b0cc46e,False,,,,binary,,,,,,
ProjRep/000/000/000/001/114,ProjRep/000/000/000/001,114,,8430,1dafd2b798f79baf010fa688b2e922b70d7e5133cf6d99c84291178c5453a0df,True,cp1250,1.0000,134,text; contains_control_flow; xml_candidate,,,,For ; Do ,,
ProjRep/000/000/000/001/115,ProjRep/000/000/000/001,115,,472,be3c152dfb2cec14c11e06e5ad7156a0307822f2bf9f4cedf8a2cc8b6d4939fb,True,utf-8-sig,1.0000,18,text; uft_script_candidate; contains_object_references,Browser(,WebList(; Page(; Browser(,,,,
ProjRep/000/000/000/001/116,ProjRep/000/000/000/001,116,,14934,0e4fa085e791c287fc65953c5407813f90833fc037cbb2fe292aa727fe733912,True,cp1250,1.0000,163,text; contains_control_flow; contains_function_or_sub; xml_candidate,,,,For ,Function ,
ProjRep/000/000/000/001/117,ProjRep/000/000/000/001,117,,496,528cf8d6f1e815f5ef6c40b7e020490d580a02714ba65eb49696af8aeb486f6a,True,utf-8-sig,1.0000,19,text; uft_script_candidate; contains_object_references,Browser(,Page(; Browser(,,,,
ProjRep/000/000/000/001/118,ProjRep/000/000/000/001,118,,14934,c3cc01e1d196f3317ce6a9c9428368690df98f25c494ba033f720529009c3a4c,True,cp1250,1.0000,163,text; contains_control_flow; contains_function_or_sub; xml_candidate,,,,For ,Function ,
ProjRep/000/000/000/001/119,ProjRep/000/000/000/001,119,,316,21d2fc05f56ac5972573dee3739e06e3af0ba2c15da726d65007a1a47f375018,True,utf-8-sig,1.0000,12,text; uft_script_candidate; contains_object_references,Browser(,Page(; Browser(,,,,
ProjRep/000/000/000/001/120,ProjRep/000/000/000/001,120,,15133,b26bb2b558541214d5dc0013b8e0a5b15038b53c8427ebc78a08cdd6a9c2e24a,True,cp1250,1.0000,177,text; contains_control_flow; contains_function_or_sub; xml_candidate,,,,For ,Function ,
ProjRep/000/000/000/001/121,ProjRep/000/000/000/001,121,,483,a1236013dbb259a2446147ccac6c2f7229fae2bf32189df27f6d5960367f5575,True,utf-8-sig,1.0000,18,text; uft_script_candidate; contains_object_references,Browser(,WebRadioGroup(; Page(; Browser(,,,,
ProjRep/000/000/000/001/122,ProjRep/000/000/000/001,122,,14928,6bca54247ce051f720e907937064e76c346b62b96ca0120b092296f3f126053c,True,cp1250,1.0000,163,text; contains_control_flow; contains_function_or_sub; xml_candidate,,,,For ,Function ,
ProjRep/000/000/000/001/123,ProjRep/000/000/000/001,123,,14928,643f287e2081f2609f6aa126a098b498a82ac8bae2651b47d220315653c04617,True,cp1250,1.0000,163,text; contains_control_flow; contains_function_or_sub; xml_candidate,,,,For ,Function ,
ProjRep/000/000/000/001/124,ProjRep/000/000/000/001,124,,337,ed38757d2d53f62a04c1abf0a16f506e7d8245360f18348d73e69f2b38f624fe,True,utf-8-sig,1.0000,12,text; uft_script_candidate; contains_object_references,Browser(,Page(; Browser(,,,,
ProjRep/000/000/000/001/125,ProjRep/000/000/000/001,125,,29203,95b24a9954ccf793cb06986787487665e5621d1fea99894bd3a8b22d548e2e33,True,cp1250,1.0000,228,text; contains_control_flow; contains_function_or_sub; xml_candidate,,,,If ; For ,Function ,
ProjRep/000/000/000/001/126,ProjRep/000/000/000/001,126,,3398,ddb9cad04aa700eaef34822728b6213cc7423fe4f48547c1354476e78b1dc1f5,False,,,,binary,,,,,,
ProjRep/000/000/000/001/127,ProjRep/000/000/000/001,127,,6858,df23cd470e6c90f8259d850898e7d42c33568eced839d506c8c4c74c78b07c35,True,utf-8-sig,1.0000,115,text; contains_control_flow; xml_candidate,,,,Do ,,
ProjRep/000/000/000/001/128,ProjRep/000/000/000/001,128,,3398,c12a9a3fc8722e4f5a4e68b31c6b3006ebf6c156b834b5f3bf17f6de186f44a4,False,,,,binary,,,,,,
ProjRep/000/000/000/001/129,ProjRep/000/000/000/001,129,,6858,6fcb7a2c8e4dcdc40297b2281330583fc37501c2ab5d137671569f38472f4c52,True,utf-8-sig,1.0000,115,text; contains_control_flow; xml_candidate,,,,Do ,,
ProjRep/000/000/000/001/130,ProjRep/000/000/000/001,130,,4736,2177fe15ff3a3e3d30e3d8ea6856d1e57c002f16a8b68766caa0509033490c4a,False,,,,binary,,,,,,
ProjRep/000/000/000/001/131,ProjRep/000/000/000/001,131,,8430,df411174cf486f4731a39e03252ed341c6056c6a1b7e258d838acd0a564ea8e9,True,utf-8-sig,1.0000,134,text; contains_control_flow; xml_candidate,,,,For ; Do ,,
ProjRep/000/000/000/001/132,ProjRep/000/000/000/001,132,,180,948dbe679bf38776643876996d4a0a4800518a1122e9e8872a62ce57639fd510,True,utf-8-sig,1.0000,8,text; uft_script_candidate; contains_object_references,Browser(,Browser(,,,,
ProjRep/000/000/000/001/133,ProjRep/000/000/000/001,133,,4709,fa7114eb66a66380d62a1b1c0e011cb17509446ad94d4f637cb0427e6761a5c4,False,,,,binary,,,,,,
ProjRep/000/000/000/001/134,ProjRep/000/000/000/001,134,,8430,e7e3f580c2b5ce27053e96f45f47852efba351521ffc33e56dadd622e686691b,True,utf-8-sig,1.0000,134,text; contains_control_flow; xml_candidate,,,,For ; Do ,,
ProjRep/000/000/000/001/135,ProjRep/000/000/000/001,135,,14928,93835f1df6438ae4a0908308b04c64fe01f9c39944ee773ca198719f40365170,True,cp1250,1.0000,163,text; contains_control_flow; contains_function_or_sub; xml_candidate,,,,For ,Function ,
ProjRep/000/000/000/001/136,ProjRep/000/000/000/001,136,,15133,8bdc1287cf2e361e6260bc09975aed868f6f66ef860689b33301b8b02b1c5cba,True,cp1250,1.0000,177,text; contains_control_flow; contains_function_or_sub; xml_candidate,,,,For ,Function ,
ProjRep/000/000/000/001/137,ProjRep/000/000/000/001,137,,305,7559bf326943be92860189243e44496c9cbf00a11230f4d44d60e97f7ef01b7b,True,utf-8-sig,1.0000,12,text; uft_script_candidate; contains_object_references,Browser(,Page(; Browser(,,,,
ProjRep/000/000/000/001/138,ProjRep/000/000/000/001,138,,13162,eb86a7500eb76a71b5ea90e5c6a60302c83edb936fd3e7404546ebbe867ae468,True,cp1250,1.0000,244,text; contains_control_flow; contains_function_or_sub; xml_candidate,,,,If ; For ,Function ,
ProjRep/000/000/000/001/139,ProjRep/000/000/000/001,139,,219,31bee29d77b14dd90f7632b022a910222fcd260bf1db6df0a27d77b4de3d1d23,True,utf-8-sig,1.0000,12,text; uft_script_candidate; contains_object_references,Browser(,Page(; Browser(,,,,
ProjRep/000/000/000/001/140,ProjRep/000/000/000/001,140,,41,995d4e8a60e9ac6e62be67b8210b1027e83c63bb510bb9d5dcfffb574c2c0483,True,utf-8-sig,1.0000,2,text; xml_candidate,,,,,,
ProjRep/000/000/000/001/141,ProjRep/000/000/000/001,141,,213,4404ce4016ad6994777be13d2b42f8b3ab345813516d8fdfccd0c344c2f082f7,True,utf-8-sig,1.0000,12,text; uft_script_candidate; contains_object_references,Browser(,Page(; Browser(,,,,
ProjRep/000/000/000/001/142,ProjRep/000/000/000/001,142,,173,cddf04eaa58624bd1de8ad4d4968d6951ee30d9050b350d6f5d98618eec6fa28,True,utf-8-sig,1.0000,8,text; uft_script_candidate; contains_object_references,Browser(,Browser(,,,,
ProjRep/000/000/000/001/143,ProjRep/000/000/000/001,143,,3398,71a339f9d19c4115cd8b79d4dabc9c2cd015ec145eb86f55628066a652021e89,False,,,,binary,,,,,,
ProjRep/000/000/000/001/144,ProjRep/000/000/000/001,144,,6858,1335f3afea5dba6a65803b4073032fa748880bd910683025c5ede7450186e0cd,True,utf-8-sig,1.0000,115,text; contains_control_flow; xml_candidate,,,,Do ,,
ProjRep/000/000/000/001/145,ProjRep/000/000/000/001,145,,184,a13e681a8f2f4a7005b39431ea353d0708e9217770ec9db4c6997f4cc71f8478,True,utf-8-sig,1.0000,8,text; uft_script_candidate; contains_object_references,Browser(,Browser(,,,,
ProjRep/000/000/000/001/146,ProjRep/000/000/000/001,146,,3398,d38b83f02935c7664194ee727f774edc2337fd29535aa07c4cd339224a76a08e,False,,,,binary,,,,,,
ProjRep/000/000/000/001/147,ProjRep/000/000/000/001,147,,6858,29a1faf51128cd330af9984952ece9538c2c3c495e97a51c6c84d84a85a3f578,True,utf-8-sig,1.0000,115,text; contains_control_flow; xml_candidate,,,,Do ,,
ProjRep/000/000/000/001/148,ProjRep/000/000/000/001,148,,647,3a12daeef1ca592cdaf151037efef282053fb2dbec8a4bba2eba5011e0347357,True,utf-8-sig,1.0000,24,text; uft_script_candidate; contains_object_references,Browser(,WebList(; WebRadioGroup(; Page(; Browser(,,,,
ProjRep/000/000/000/001/149,ProjRep/000/000/000/001,149,,15133,d385e11167fdd721e76dabe1d6bc86ff0b56654620ce5f893b8205a46d3d0050,True,cp1250,1.0000,177,text; contains_control_flow; contains_function_or_sub; xml_candidate,,,,For ,Function ,
ProjRep/000/000/000/001/150,ProjRep/000/000/000/001,150,,466,a1f7b96d491002d6aa257e441223002ed03a0cd6accdf8a226627f4753c111a0,True,utf-8-sig,1.0000,18,text; uft_script_candidate; contains_object_references,Browser(,WebList(; Page(; Browser(,,,,
ProjRep/000/000/000/001/151,ProjRep/000/000/000/001,151,,523,fc858782085177852cd95a539136c5a544b02bcc9642873a6d41f378b6a41a38,True,utf-8-sig,1.0000,19,text; uft_script_candidate; contains_object_references,Browser(,Page(; Browser(,,,,
ProjRep/000/000/000/001/152,ProjRep/000/000/000/001,152,,29221,3790c571bfbcb1d770a52f927c11caa6f07984f52db79946f3ad9d8e305af76d,True,cp1250,1.0000,228,text; contains_control_flow; contains_function_or_sub; xml_candidate,,,,If ; For ,Function ,
ProjRep/000/000/000/001/153,ProjRep/000/000/000/001,153,,3398,133ea4095e92c98fded4af9fc2ccf61a06222054c858eb05143c718ad707187c,False,,,,binary,,,,,,
ProjRep/000/000/000/001/154,ProjRep/000/000/000/001,154,,180,9e035061af6970f2253e6aebcebad961f1dbac70595115064d0b1a3289b2f7c4,True,utf-8-sig,1.0000,8,text; uft_script_candidate; contains_object_references,Browser(,Browser(,,,,
ProjRep/000/000/000/001/155,ProjRep/000/000/000/001,155,,3398,ad46b02dfeec45f8cbf454ee4e1a464d9d3ed253ddde682e1525512b835bee0f,False,,,,binary,,,,,,
ProjRep/000/000/000/001/156,ProjRep/000/000/000/001,156,,6858,858acfa69c9071bb1778703c57a2dbda339ce73777e5eb2c66d4155e8074e067,True,utf-8-sig,1.0000,115,text; contains_control_flow; xml_candidate,,,,Do ,,
ProjRep/000/000/000/001/157,ProjRep/000/000/000/001,157,,180,48c350f4911635d47c1323f6a229a203c1faa8d9e3a7705961856b7b019e8201,True,utf-8-sig,1.0000,8,text; uft_script_candidate; contains_object_references,Browser(,Browser(,,,,
ProjRep/000/000/000/001/158,ProjRep/000/000/000/001,158,,3398,6ad8b6dc173ecd316fe53729d8d271d68886cfe48abcc12be5df55dbf23b9709,False,,,,binary,,,,,,
ProjRep/000/000/000/001/159,ProjRep/000/000/000/001,159,,6858,67aa755ff6566c69c965b6bf0de2abe2ae5a69106c09959f1924211921f15f6a,True,utf-8-sig,1.0000,115,text; contains_control_flow; xml_candidate,,,,Do ,,
ProjRep/000/000/000/001/160,ProjRep/000/000/000/001,160,,180,fba099746e6a99e3af052d901ae9df265b93a180c53b8dc64f5f06c4cc27f845,True,utf-8-sig,1.0000,8,text; uft_script_candidate; contains_object_references,Browser(,Browser(,,,,
ProjRep/000/000/000/001/161,ProjRep/000/000/000/001,161,,4736,b0e4bada2d18b055c7f45108fbdd148fc45e9326bd006c58d48a096679e9030e,False,,,,binary,,,,,,
ProjRep/000/000/000/001/162,ProjRep/000/000/000/001,162,,8430,a74cea730affac148307c7654b006c7098c240248638e8bc92674153007c7e02,True,utf-8-sig,1.0000,134,text; contains_control_flow; xml_candidate,,,,For ; Do ,,
ProjRep/000/000/000/001/163,ProjRep/000/000/000/001,163,,180,d1b5ea087831b60efeac5276d9ffb5a41b420079f9ade96e837419646bbabe86,True,utf-8-sig,1.0000,8,text; uft_script_candidate; contains_object_references,Browser(,Browser(,,,,
ProjRep/000/000/000/001/164,ProjRep/000/000/000/001,164,,3398,2fee27a654120e66bb608ddb3e02cdf3b18d941ba0a05c30e20f06309a4fdd6c,False,,,,binary,,,,,,
ProjRep/000/000/000/001/165,ProjRep/000/000/000/001,165,,180,7834ce4262cc20e950c0adeb390a241bff6118fd1b4ac85aab2e83bd1ea60a77,True,utf-8-sig,1.0000,8,text; uft_script_candidate; contains_object_references,Browser(,Browser(,,,,
ProjRep/000/000/000/001/166,ProjRep/000/000/000/001,166,,4736,eadea694f08e664f91b090854a0d4382b1721a4c501bc060d798cedcb2adbf52,False,,,,binary,,,,,,
ProjRep/000/000/000/001/167,ProjRep/000/000/000/001,167,,8430,fe457bab927331d46a147eb91f0ceb5600321e076a60585a795893a6fc288457,True,utf-8-sig,1.0000,134,text; contains_control_flow; xml_candidate,,,,For ; Do ,,
ProjRep/000/000/000/001/168,ProjRep/000/000/000/001,168,,15133,0c3e10fb62383c87fb79ad8212392dc1830585d08d60b04db625780c0e3336ef,True,cp1250,1.0000,177,text; contains_control_flow; contains_function_or_sub; xml_candidate,,,,For ,Function ,
ProjRep/000/000/000/001/169,ProjRep/000/000/000/001,169,,322,a39a7e4be5c22eb90ffa373df2b66111344d34668ed344cd8677780732e4a3b2,True,utf-8-sig,1.0000,12,text; uft_script_candidate; contains_object_references,Browser(,Page(; Browser(,,,,
ProjRep/000/000/000/001/170,ProjRep/000/000/000/001,170,,496,605934fc4e0b3ef51117c3fc890c206147ae72e2946f3a8ac7ae174ca247cd10,True,utf-8-sig,1.0000,19,text; uft_script_candidate; contains_object_references,Browser(,Page(; Browser(,,,,
ProjRep/000/000/000/001/171,ProjRep/000/000/000/001,171,,15133,5e9ee5b3f7da1b9e412abcb16d8b6d597eed9c9327260be33ee01e151e2d695a,True,cp1250,1.0000,177,text; contains_control_flow; contains_function_or_sub; xml_candidate,,,,For ,Function ,
ProjRep/000/000/000/001/172,ProjRep/000/000/000/001,172,,331,b051df997ead71492f73d2399af2a3835200f8b182e0e9f6b6e094b659650d8b,True,utf-8-sig,1.0000,12,text; uft_script_candidate; contains_object_references,Browser(,Page(; Browser(,,,,
ProjRep/000/000/000/001/173,ProjRep/000/000/000/001,173,,28158,1db639fabb025c54ac5843853a56da2df4871c5a203309e5678f205f480e5fed,True,cp1250,1.0000,228,text; contains_control_flow; contains_function_or_sub; xml_candidate,,,,If ; For ,Function ,
ProjRep/000/000/000/001/174,ProjRep/000/000/000/001,174,,391,096d9e91d7a4c0912101249d87779f518bb8d55ab0bf7255628889890592591e,True,utf-8-sig,1.0000,15,text; uft_script_candidate; contains_object_references,Browser(,Page(; Browser(,,,,
ProjRep/000/000/000/001/175,ProjRep/000/000/000/001,175,,34544,1e5817222c4fa588320d03e73d90e96a38679fba2858dfc7a31eb1daef87e4b2,True,cp1250,1.0000,266,text; contains_control_flow; contains_function_or_sub; xml_candidate,,,,If ,Function ,
ProjRep/000/000/000/001/176,ProjRep/000/000/000/001,176,,470,43b30520b26ac38c29a40739daaa077408b1f9fb609c1618119103e660430632,True,utf-8-sig,1.0000,19,text; uft_script_candidate; contains_object_references,Browser(,WebEdit(; Page(; Browser(,,,,
ProjRep/000/000/000/001/177,ProjRep/000/000/000/001,177,,14768,3d99651b44f17597bab29196190e4bcf1e38e02279de1f6d4680ed1ca49532fa,True,cp1250,1.0000,228,text; contains_function_or_sub; xml_candidate,,,,,Function ,
ProjRep/000/000/000/001/178,ProjRep/000/000/000/001,178,,476,afb325d46684a440bb43fbcc7a491ac486ce60575a1398355f830fed80639267,True,utf-8-sig,1.0000,19,text; uft_script_candidate; contains_object_references,Browser(,Page(; Browser(,,,,
ProjRep/000/000/000/001/179,ProjRep/000/000/000/001,179,,14783,651e1a9155e8db40e0def4d541285ec56500de6df1e8d330655fa395f7ae5bf0,True,cp1250,1.0000,228,text; contains_function_or_sub; xml_candidate,,,,,Function ,
ProjRep/000/000/000/001/180,ProjRep/000/000/000/001,180,,167,0a87b5b0730824c5128bf64a40de8264edb728312889a9dfe3a37248035879c8,True,utf-8-sig,1.0000,8,text; uft_script_candidate; contains_object_references,Browser(,Browser(,,,,
ProjRep/000/000/000/001/181,ProjRep/000/000/000/001,181,,6181,3d1f0861b2412237218938ff2b5dadcb355d29c421d657f4879d58367e855e87,False,,,,binary,,,,,,
ProjRep/000/000/000/001/182,ProjRep/000/000/000/001,182,,23887,295beaf08e11983e790796db2b9896b325aa44c63eef9ac6c5f89d826dabd306,True,utf-8-sig,1.0000,389,text; contains_control_flow; xml_candidate,,,,Do ,,
ProjRep/000/000/000/001/183,ProjRep/000/000/000/001,183,,474,ed7aa1144462598c41abefeb3651a2ca49abd3867cdc6221f7f9946a43558403,True,utf-8-sig,1.0000,19,text; uft_script_candidate; contains_object_references,Browser(,WebEdit(; Page(; Browser(,,,,
ProjRep/000/000/000/001/184,ProjRep/000/000/000/001,184,,173,7589cb8366f4a764a8170bef9796292a08e5ec7b5d9788f9f91508cdc7ea77bf,True,utf-8-sig,1.0000,8,text; uft_script_candidate; contains_object_references,Browser(,Browser(,,,,
ProjRep/000/000/000/001/185,ProjRep/000/000/000/001,185,,3398,6d316e86572b3d04bab9c05fe370227bac319c79d9c237e99061502935040813,False,,,,binary,,,,,,
ProjRep/000/000/000/001/186,ProjRep/000/000/000/001,186,,6858,1aa8699dcdcf7b6e1f2d779f21039585cde238ff39a5b488df3731da1326aec6,True,cp1250,1.0000,115,text; contains_control_flow; xml_candidate,,,,Do ,,
ProjRep/000/000/000/001/187,ProjRep/000/000/000/001,187,,173,1035862a2f30cbc9825598ab25967fd5ba4f99e70d7f47483e4a6b1077883a30,True,utf-8-sig,1.0000,8,text; uft_script_candidate; contains_object_references,Browser(,Browser(,,,,
ProjRep/000/000/000/001/188,ProjRep/000/000/000/001,188,,4736,66a344bd0940d6ea2e50484ca0a3f92e4460b737491e494791398020e577d1ff,False,,,,binary,,,,,,
ProjRep/000/000/000/001/189,ProjRep/000/000/000/001,189,,8430,0a23532f67ff0cda86290ee4773b282d7b0879f6545c8a3f15f6822d828119e4,True,cp1250,1.0000,134,text; contains_control_flow; xml_candidate,,,,For ; Do ,,
ProjRep/000/000/000/001/190,ProjRep/000/000/000/001,190,,173,cdd738dccd07020a06ea2a877c474960d4ed13e2690a5f9424c9fb2a6a9f35b3,True,utf-8-sig,1.0000,8,text; uft_script_candidate; contains_object_references,Browser(,Browser(,,,,
ProjRep/000/000/000/001/191,ProjRep/000/000/000/001,191,,3398,1c89158b0519964042f49a56640148b4ccf01956cbeccafbfb1b65df4e2d59ef,False,,,,binary,,,,,,
ProjRep/000/000/000/001/192,ProjRep/000/000/000/001,192,,6858,e20e462c20a0c269ea259c7308d839f6d2dffe594b84c36dd95541d84e386351,True,cp1250,1.0000,115,text; contains_control_flow; xml_candidate,,,,Do ,,
ProjRep/000/000/000/001/193,ProjRep/000/000/000/001,193,,302,9048ae67f70055880026c13cf8bca483baf60e19db1c23c503005831f0194159,True,utf-8-sig,1.0000,12,text; uft_script_candidate; contains_object_references,Browser(,Page(; Browser(,,,,
ProjRep/000/000/000/001/194,ProjRep/000/000/000/001,194,,12214,c2a185aab401c46b78116e1f19b60081f876d3df33f87e69757351736be961e9,True,cp1250,1.0000,153,text; contains_control_flow; contains_function_or_sub; xml_candidate,,,,For ,Function ,
ProjRep/000/000/000/001/195,ProjRep/000/000/000/001,195,,14928,1db7f797daa186446cef6de59a5a59747f45aded2006508d810cff27664a24c3,True,cp1250,1.0000,163,text; contains_control_flow; contains_function_or_sub; xml_candidate,,,,For ,Function ,
ProjRep/000/000/000/001/196,ProjRep/000/000/000/001,196,,318,da9c9ef268aeffcaad48fdb6f92d1ffd6fb28b3b361a75146894b8c1d53074b8,False,,,,binary,,,,,,
ProjRep/000/000/000/001/197,ProjRep/000/000/000/001,197,,1078,aac99e61c1419879904a376680d252b96aac0ad628993f9b8c43564fbd269ce6,False,,,,binary,,,,,,
ProjRep/000/000/000/001/198,ProjRep/000/000/000/001,198,,318,aac95b3e7116e26e2d817c8f02cd878bea16e67db57eecfaeae1062a4547a0c1,False,,,,binary,,,,,,
ProjRep/000/000/000/001/199,ProjRep/000/000/000/001,199,,318,a42a9cde490f9a92031abcac60c5e143186321dae499afd84cc7626b4540ce87,False,,,,binary,,,,,,
ProjRep/000/000/000/001/200,ProjRep/000/000/000/001,200,,318,8efb24ee0eb96d348f644fea61d8de8407c353b8acfaf6755d7dadca010aafc0,False,,,,binary,,,,,,
ProjRep/000/000/000/001/201,ProjRep/000/000/000/001,201,,318,b535e87b377ceeb2f2eb1c85f76165a9e5d0621516a51aac81b56a384fa2dec5,False,,,,binary,,,,,,
ProjRep/000/000/000/001/202,ProjRep/000/000/000/001,202,,1078,91079326161a6c2095326ad17e6b9836d2fc2cb519c66f6af357b3243c64e287,False,,,,binary,,,,,,
ProjRep/000/000/000/001/203,ProjRep/000/000/000/001,203,,1406,f826d0f44ba584baef25fcf41df0314c27c012b79d92a8e237e6574eab766178,False,,,,binary,,,,,,
ProjRep/000/000/000/001/204,ProjRep/000/000/000/001,204,,3638,7b6a35c0d03a1e97cb16b91077ae6847f189b862c6c382c99b09332e1399a001,False,,,,binary,,,,,,
ProjRep/000/000/000/001/205,ProjRep/000/000/000/001,205,,4307,9b6acc140df86c517b4ebeea9dc6e862a9c07892b36c0873ec1c25272c2fca1e,True,utf-8-sig,1.0000,24,text; uft_script_candidate; contains_object_references; contains_parameter_references,Browser(; Dialog(,WebList(; WebRadioGroup(; Page(; Browser(,DataTable(,,,
ProjRep/000/000/000/001/206,ProjRep/000/000/000/001,206,,6656,6c976539266740b89abce8ab2f9d889ef8d5407141f8e8bf2d522f376bb2c89b,False,,,,binary,,,,,,
ProjRep/000/000/000/001/207,ProjRep/000/000/000/001,207,,278528,e4489cd40c44ac299985f8c7f525374fda50d5b75738ac439c2914c6f238c7e4,False,,,,binary,,,,,,
ProjRep/000/000/000/001/208,ProjRep/000/000/000/001,208,,262,0b448a24855c4bdc9650d566a6f11be1604cff9fb0edba62907bd8042ddde14b,True,utf-8-sig,1.0000,3,text; uft_script_candidate; contains_object_references,Browser(,Page(; Browser(,,,,
ProjRep/000/000/000/001/209,ProjRep/000/000/000/001,209,,6656,838a9d3ab514874c4f67575cbac1286b289efb98de02869499a0c05fa07b3ddf,False,,,,binary,,,,,,
ProjRep/000/000/000/001/210,ProjRep/000/000/000/001,210,,196608,1201d4ef78de7fa614502a9156c4082adf4cca14f7c78fafb847de54850bae97,False,,,,binary,,,,,,
ProjRep/000/000/000/001/211,ProjRep/000/000/000/001,211,,6656,bab3edce73381566b4012f85268392a7e5818b37422e6101db79ad4d9856e2e6,False,,,,binary,,,,,,
ProjRep/000/000/000/001/212,ProjRep/000/000/000/001,212,,393,3415c1cdc03f4a3b44b7235ea7c219b973313e38dde222a6dc48681ccebe0541,True,utf-8-sig,1.0000,4,text,,,,,,
ProjRep/000/000/000/001/213,ProjRep/000/000/000/001,213,,12288,c6fb0a03d61489d20b0e5bd1a2165058cfdad6d0ac7bec96119bc46bb18bd6ce,False,,,,binary,,,,,,
ProjRep/000/000/000/001/214,ProjRep/000/000/000/001,214,,196608,65817b830aa92d4c6a25e635ae8bb9da996ef65efa54455e4ae0f4b6e872a891,False,,,,binary,,,,,,
ProjRep/000/000/000/001/215,ProjRep/000/000/000/001,215,,675,ecce9f3500d23da47dddc6acf0bad0a86c969122c2ee02ad96465afc17dbcea2,True,utf-8-sig,1.0000,11,text; uft_script_candidate; contains_object_references; contains_control_flow; contains_function_or_sub,Browser(; Dialog(,Page(; Browser(,,Then,Function ,
ProjRep/000/000/000/001/216,ProjRep/000/000/000/001,216,,6656,a30deb67505dde5dc07709d45fb1feb13e53fcea1b2725a949ffcf61eb1652ee,False,,,,binary,,,,,,
ProjRep/000/000/000/001/217,ProjRep/000/000/000/001,217,,196608,c3a46ce3ff775d871b5a764c4367a53d5c2c96e29b832ebcd1889eea5ca034a7,False,,,,binary,,,,,,
ProjRep/000/000/000/001/218,ProjRep/000/000/000/001,218,,6656,6d87d9e1ab472333e0ae282e3374ccee759cc345f52144e988a463dbd8d2b58c,False,,,,binary,,,,,,
ProjRep/000/000/000/001/219,ProjRep/000/000/000/001,219,,196608,4d06e91debcd30721f04315cc9c88251aff6b31407ff00b5f4238a4cc7a2110e,False,,,,binary,,,,,,
ProjRep/000/000/000/001/220,ProjRep/000/000/000/001,220,,1617,b0291ebbc3f09207e0368731c3932e61d877cfddb71c297cb5c0165f4cd18d24,True,utf-8-sig,1.0000,9,text; uft_script_candidate; contains_object_references; contains_parameter_references,Browser(; Dialog(,WebEdit(; Page(; Browser(,DataTable(,,,
ProjRep/000/000/000/001/221,ProjRep/000/000/000/001,221,,6656,1b3424ef45b5bd0fca3d7f8f3a7a845d14047551cdff720dd0c4ae25f07e18be,False,,,,binary,,,,,,
ProjRep/000/000/000/001/222,ProjRep/000/000/000/001,222,,245760,6a5e2e63381d823e26b8ab647a17c5207d6a1d942ce31fa34dd5ce5510dcc525,False,,,,binary,,,,,,
ProjRep/000/000/000/001/223,ProjRep/000/000/000/001,223,,330,ccdf5119de79033b07f4c8ce8e18b9d0b19ca011c4c99f506530162342a8100b,True,utf-8-sig,1.0000,4,text,,,,,,
ProjRep/000/000/000/001/224,ProjRep/000/000/000/001,224,,11264,4bfa4634aa6e0e2a53a4e4a2fe2e357a276675021b3b60fcd82ca4cb68420c30,False,,,,binary,,,,,,
ProjRep/000/000/000/001/225,ProjRep/000/000/000/001,225,,196608,97685bd04161f146aba32b5e2d08027c7c35492cc220a6e8b1f1d24269a83161,False,,,,binary,,,,,,
ProjRep/000/000/000/001/226,ProjRep/000/000/000/001,226,,6656,e8195843ae9f90d61ff54d6cc61532e251d467e395542a849de605b5971b02c8,False,,,,binary,,,,,,
ProjRep/000/000/000/001/227,ProjRep/000/000/000/001,227,,196608,c5cb4bf48c55a5234b6924679333a24f944037747c6e84083e41635a4ec3d3ec,False,,,,binary,,,,,,
ProjRep/000/000/000/001/228,ProjRep/000/000/000/001,228,,243,92efaed6226deb40db271b374eedd0dfc925045aab0b65be12cb6d43eda5f399,True,utf-8-sig,1.0000,4,text,,,,,,
ProjRep/000/000/000/001/229,ProjRep/000/000/000/001,229,,8192,70105d1e27b68cfc5a71da99b3c672ba196693a3d7295bcd997e5bf09d1926c8,False,,,,binary,,,,,,
ProjRep/000/000/000/001/230,ProjRep/000/000/000/001,230,,6816,4729154eeb9f9fdd4caa44e1be56e3120fbefa066f3bdd799704b5a2464648d6,True,utf-8-sig,1.0000,172,text; xml_candidate,,,,,,
ProjRep/000/000/000/001/231,ProjRep/000/000/000/001,231,,224,3d30231131e440f05a3e6f0bdcfe8a70ef21218a4113f8dfddfacd1d2c9df012,True,utf-8-sig,1.0000,14,text,,,,,,
ProjRep/000/000/000/001/232,ProjRep/000/000/000/001,232,,706,61f3c68bd2beb954a9afc4a16424721af63ccd4134f0a9663eea6c4ae56eb53a,True,utf-8-sig,1.0000,11,text; xml_candidate,,,,,,
ProjRep/000/000/000/001/233,ProjRep/000/000/000/001,233,,628,c3b5696cf0a3ef39a9b5338b787da8ac52c0e283cc83e328d181f67b4a27cc35,True,utf-16,1.0000,12,text,,,,,,
ProjRep/000/000/000/001/234,ProjRep/000/000/000/001,234,,4096,acbe668b2f67f0442b383986aacf99c0faafff5878cc13526918502eb2001afd,False,,,,binary,,,,,,
ProjRep/000/000/000/001/235,ProjRep/000/000/000/001,235,,3619,2f5ecfce667ccf8e9fa1cb2ebf83806e3557fe03fd493340622532a6b13ad1ed,True,utf-8-sig,1.0000,32,text; uft_script_candidate; contains_object_references; contains_parameter_references; contains_control_flow,Reporter.ReportEvent; Browser(; Dialog(,WebList(; WebRadioGroup(; Page(; Browser(,DataTable(,If ; Then; Else; End If,,
ProjRep/000/000/000/001/236,ProjRep/000/000/000/001,236,,6656,02c7312c6b3bf0c40edb24fc4ab10fa02a0f5f6d352f46c1d19e3440c60be912,False,,,,binary,,,,,,
ProjRep/000/000/000/001/237,ProjRep/000/000/000/001,237,,245760,f340779b535e2e2a813d84906845707b624b494f8d83e919c348bb6a8926ddaa,False,,,,binary,,,,,,
ProjRep/000/000/000/001/238,ProjRep/000/000/000/001,238,,2763,63f6d2bdd7830cf1bdcc2d8648e2e717a62949fc4c19fa895d477ec1b7bcaa4d,True,utf-8-sig,1.0000,17,text; uft_script_candidate; contains_object_references; contains_parameter_references,Browser(; Dialog(,WebList(; Page(; Browser(,DataTable(,,,
ProjRep/000/000/000/001/239,ProjRep/000/000/000/001,239,,6656,ec8042d0203c0825054299cb3883dc75b964e76a60509a38bba8c3c3f396f5e2,False,,,,binary,,,,,,
ProjRep/000/000/000/001/240,ProjRep/000/000/000/001,240,,360448,ea77f6727c1115cc108713f7b6128bcc7f872f43a36fa3e9d16407ee45dcd96b,False,,,,binary,,,,,,
ProjRep/000/000/000/001/241,ProjRep/000/000/000/001,241,,9235,be3635ed7fd150fd52756b4b1d7029f53b82bbf4b63b4e16682cdec0ca45be07,True,utf-8-sig,1.0000,227,text; uft_script_candidate; contains_function_or_sub; xml_candidate,Reporter.ReportEvent,,,,Function ,
ProjRep/000/000/000/001/242,ProjRep/000/000/000/001,242,,223,53747321fc2e18bf52197b8a84be775e47acc8de5ed8a2c0fd3fc74f6d0fe1bb,True,utf-8-sig,1.0000,14,text,,,,,,
ProjRep/000/000/000/001/243,ProjRep/000/000/000/001,243,,695,ae806975d922fa1ef93359bc4c4b04e67f513393ef2e3fd36485a0905aaa8c7e,True,utf-8-sig,1.0000,11,text; xml_candidate,,,,,,
ProjRep/000/000/000/001/244,ProjRep/000/000/000/001,244,,602,7347a53deac2912d98f4788669249bcddfe393bc0655919140edd614d4817f98,True,utf-16,1.0000,12,text,,,,,,
ProjRep/000/000/000/001/245,ProjRep/000/000/000/001,245,,4096,9b2e6d7780c8ee711f24e23f4ce38a397043ffa3dcf3cb0a81a8ccbc6a8940d8,False,,,,binary,,,,,,
ProjRep/000/000/000/001/246,ProjRep/000/000/000/001,246,,572,ab67a07d1a6ab4a480ec10c28f615248b822046be60f7b759031940792da79b1,True,utf-8-sig,1.0000,8,text; uft_script_candidate; contains_object_references; contains_control_flow; contains_function_or_sub,Browser(; Dialog(,Page(; Browser(,,Then,Function ,
ProjRep/000/000/000/001/247,ProjRep/000/000/000/001,247,,6656,c8b3d0e888b07c5fb2a6c1b557126cf3c1a6999b3a93982d46d9fd6d7fbd3690,False,,,,binary,,,,,,
ProjRep/000/000/000/001/248,ProjRep/000/000/000/001,248,,6656,c647f06fd36ab648396d021c90d6b245915f1c4b0189f6e8f56c54a240f50e12,False,,,,binary,,,,,,
ProjRep/000/000/000/001/249,ProjRep/000/000/000/001,249,,382,af90561e1f88e96d2e719ff45f017ef322cae265792cb791ad606085bef26b53,True,utf-8-sig,1.0000,4,text,,,,,,
ProjRep/000/000/000/001/250,ProjRep/000/000/000/001,250,,11776,22799bbb8c48e44c79798bf58bdf87bc6209375b8afa0504fa8a2d5235c5066d,False,,,,binary,,,,,,
ProjRep/000/000/000/001/251,ProjRep/000/000/000/001,251,,196608,402067193e3fd3bbb03422615f18652600bf8052eb4836eaf6800aacb323e6f0,False,,,,binary,,,,,,
ProjRep/000/000/000/001/252,ProjRep/000/000/000/001,252,,232,714c2b185aba98700b8d3ecacaf44004ce47ff56f8c2812ca63d490688db02f3,True,utf-8-sig,1.0000,4,text,,,,,,
ProjRep/000/000/000/001/253,ProjRep/000/000/000/001,253,,8192,43f623cf33914d0f00f2449f56c4ce3c228658870b895ae8825dd4bcfdfa4854,False,,,,binary,,,,,,
ProjRep/000/000/000/001/254,ProjRep/000/000/000/001,254,,891,e36f5330f0457b3050ccab5b1273ff1b859f6c6b6231d9a6fb06c60e3e89112d,True,utf-8-sig,1.0000,38,text,,,,,,
ProjRep/000/000/000/001/255,ProjRep/000/000/000/001,255,,1033,cbc373d51d02b2e1d373b6213ef6dc7eb166c9732a3b06647fa452d5edfdc23b,True,utf-8-sig,1.0000,60,text,,,,,,
ProjRep/000/000/000/001/256,ProjRep/000/000/000/001,256,,68404,5db7aea5ee4a3b7c9809c1122e75af598f6fae9de115037eebaaa02388cef040,False,,,,binary,,,,,,
ProjRep/000/000/000/001/257,ProjRep/000/000/000/001,257,,7680,0d6ac820b927b60536b8a5707378ae2c5d9ec87169d5a3e0e11c6766e3f5c534,False,,,,binary,,,,,,
ProjRep/000/000/000/001/258,ProjRep/000/000/000/001,258,,1215,43bbcdfc7a14cfb7c8e03eba5be31eb19c7a3f781ffd1bd32629bfb50dc6d709,True,utf-8-sig,1.0000,65,text,,,,,,
ProjRep/000/000/000/001/259,ProjRep/000/000/000/001,259,,505,5c636c38ae4ee4eac50e45f604d2df6877ab7c49d3849787c09694a4316d83a9,True,utf-8-sig,1.0000,12,text; contains_function_or_sub,,,,,Function ; End Function,
ProjRep/000/000/000/001/260,ProjRep/000/000/000/001,260,,10752,ab49b3e5befc587703eac23f96befbaff6754ae2341926065490911df6c85182,False,,,,binary,,,,,,
ProjRep/000/000/000/001/261,ProjRep/000/000/000/001,261,,347,85af0a0b08515841456baf85aeb066a8418e2fd11849280c4d61f10c426bf01b,True,utf-8-sig,1.0000,15,text,,,,,,
ProjRep/000/000/000/001/262,ProjRep/000/000/000/001,262,,2792,b436c82c9894c8f02a2fa70b9ef42644b6d97dd69fc9b5956728600d4203385b,True,utf-8-sig,1.0000,113,text; contains_control_flow,,,,Next,,
ProjRep/000/000/000/001/263,ProjRep/000/000/000/001,263,,1505,0b21bef2c88cdf172c48f9314dc60555e9f867ee9a1309921056b9963ad7bc03,True,utf-8-sig,1.0000,89,text,,,,,,
ProjRep/000/000/000/001/264,ProjRep/000/000/000/001,264,,67614,2d4ab2054ec50cda98314ca20b7512e65326ea4f4289f10cf1bc476223a0e368,False,,,,binary,,,,,,
ProjRep/000/000/000/001/265,ProjRep/000/000/000/001,265,,7680,bbd8ba9bb9145681d9fa3c3cdf5118b7f285390a6069685b7bd50cf380108fad,False,,,,binary,,,,,,
ProjRep/000/000/000/001/266,ProjRep/000/000/000/001,266,,5632,cd2136f408d3a6fe682865e579be415ee6ae39c9e4d5dcb2d6d894460fa0c0f3,False,,,,binary,,,,,,
ProjRep/000/000/000/001/267,ProjRep/000/000/000/001,267,,1505,b07fc9358c436aa6d859c9e8d8ae1ac40219e2991a59d5f4206f124065d5e2a8,True,utf-8-sig,1.0000,89,text,,,,,,
ProjRep/000/000/000/001/268,ProjRep/000/000/000/001,268,,41,dde083328d7c3fa37cdf7252af045160cc56122c30e3a617e51749907fd8b06f,True,utf-8-sig,1.0000,1,text,,,,,,
ProjRep/000/000/000/001/269,ProjRep/000/000/000/001,269,,8192,8ad47be7c9e26b3230fc0705c62d7a23c40139473fd5a5fe5d5fb7e481acd869,False,,,,binary,,,,,,
ProjRep/000/000/000/001/270,ProjRep/000/000/000/001,270,,196608,d0d9a2ff90af123d69d4356048338fc1a4a1b7e5d7647d5c9f221dd291a8f30c,False,,,,binary,,,,,,
ProjRep/000/000/000/001/271,ProjRep/000/000/000/001,271,,39,b6bb9abf11c925473b5e976dbadf6d3d725226d51e1c45272b69d39ef7a0fd10,True,utf-8-sig,1.0000,1,text,,,,,,
ProjRep/000/000/000/001/272,ProjRep/000/000/000/001,272,,15360,4b45ad1d5e851d381d07bafa33bfc38f2e19c980694acebc5e5438c0c0b9aa32,False,,,,binary,,,,,,
ProjRep/000/000/000/001/275,ProjRep/000/000/000/001,275,,141,82db26c8e8c5cb5ff293d499c388f45edf8c51f2b65a71ccf43cf525b05b1f8c,True,utf-8-sig,1.0000,2,text; uft_script_candidate,Window(,,,,,
ProjRep/000/000/000/001/276,ProjRep/000/000/000/001,276,,9728,7bde68c77a5256dc06272344360e497a73c45bf0c5d2427b194bdc194fe32f7d,False,,,,binary,,,,,,
ProjRep/000/000/000/001/277,ProjRep/000/000/000/001,277,,293,dceab250b6ef2fdea464b9ef007aa69bb63811f606d47e4c93fd4e22354ebdaa,False,,,,binary,,,,,,
ProjRep/000/000/000/001/278,ProjRep/000/000/000/001,278,,6656,7ed76fe0c82c8bf61d926cc59f154926bf2750f543bcf8d551ddeabacb6adb3c,False,,,,binary,,,,,,
ProjRep/000/000/000/001/279,ProjRep/000/000/000/001,279,,233,591915dc6276a23ca1b9091d70767b8ba7bedd107faf06f60ed6e16e15654e19,True,utf-8-sig,1.0000,3,text; uft_script_candidate,Window(,,,,,
ProjRep/000/000/000/001/280,ProjRep/000/000/000/001,280,,19456,3dbae66f875d06956ea01ac58aca9e43f63c17fda1dec8e5229ed4601542e4ff,False,,,,binary,,,,,,
ProjRep/000/000/000/001/281,ProjRep/000/000/000/001,281,,40664,a1a59a0f92d977e445e621060e8f62cb9478c9eaae9939402862fa7690915f39,False,,,,binary,,,,,,
ProjRep/000/000/000/001/282,ProjRep/000/000/000/001,282,,196608,eaeedffdfb3f4707ff9a3ece5fbc93f5b08dfb689607ca61043436d597ac4d1a,False,,,,binary,,,,,,
ProjRep/000/000/000/001/283,ProjRep/000/000/000/001,283,,128,cba6ea71c401eabe64d36058c918f604bdcebe832701bf9df8f50ac3003748b6,True,utf-8-sig,1.0000,2,text; uft_script_candidate,Window(,,,,,
ProjRep/000/000/000/001/284,ProjRep/000/000/000/001,284,,15360,bbf5dc2f0f5ace441320892d5d869e78d09b450aedb4bf252442f19392c8eec0,False,,,,binary,,,,,,
ProjRep/000/000/000/001/285,ProjRep/000/000/000/001,285,,54629,f82568fa6cfdd5641ff8024014e2dac579898afddee7f321cdd6635f7167178d,False,,,,binary,,,,,,
ProjRep/000/000/000/001/286,ProjRep/000/000/000/001,286,,196608,33da2ebaf0fd0d8911dad332ddcd6be5b127011c74ebfe1fd2689d01c03f28f7,False,,,,binary,,,,,,
ProjRep/000/000/000/001/287,ProjRep/000/000/000/001,287,,10240,e519e39d8e79a20df4398050b947f08ee7d7e18906822bada3c8f62e6795efa7,False,,,,binary,,,,,,
ProjRep/000/000/000/001/288,ProjRep/000/000/000/001,288,,126,5335004388a82354de3efcb99c43f80dcc46a195cdf841cc01e42e956ca25710,True,utf-8-sig,1.0000,2,text; contains_parameter_references,,,Parameter(,,,
ProjRep/000/000/000/001/289,ProjRep/000/000/000/001,289,,16384,6bdf4823cadbeca47d2bf3745c8120326527d89485c4cd5bf96b2147fdb56775,False,,,,binary,,,,,,
ProjRep/000/000/000/001/290,ProjRep/000/000/000/001,290,,196608,de12157079658dea6950682a5981b08813d72c6837fa5c88cbe2235922995b40,False,,,,binary,,,,,,
ProjRep/000/000/000/001/291,ProjRep/000/000/000/001,291,,250,df8eb2d22036e1b16b966bf3147cd20ca7cd55b40fc99f78cc199cf8d7836f21,True,utf-8-sig,1.0000,4,text; uft_script_candidate; contains_parameter_references,Window(,,Parameter(,,,
ProjRep/000/000/000/001/292,ProjRep/000/000/000/001,292,,10752,2223d1a3456518c16e6f3b4eb39f4e93c8dedb430006697c0b1dca4af73546df,False,,,,binary,,,,,,
ProjRep/000/000/000/001/293,ProjRep/000/000/000/001,293,,55159,c5fbe45f16d2b2c2b45b397dddb5452d1f1fadf482048e7eed870be4aaf202cc,False,,,,binary,,,,,,
ProjRep/000/000/000/001/294,ProjRep/000/000/000/001,294,,41,fe0f311e4cd795cb8b9d984cbf247b9366662dd3153d59f8362c38eb7f14b613,True,utf-8-sig,1.0000,1,text,,,,,,
ProjRep/000/000/000/001/295,ProjRep/000/000/000/001,295,,6656,7496e8dfd3e8806e703303b576e86796ec3842e53c3e90a772df08b191e63ca6,False,,,,binary,,,,,,
ProjRep/000/000/000/001/296,ProjRep/000/000/000/001,296,,51,eff4903f5868cd195f1105cac5b6ee084ff84fc7f625ab68ae386da12f46f53c,True,utf-8-sig,1.0000,1,text,,,,,,
ProjRep/000/000/000/001/297,ProjRep/000/000/000/001,297,,8192,02a2a496c0e28587bb258ca79bfb70786dd03dd8104b9c334ece59701ee9dc41,False,,,,binary,,,,,,
ProjRep/000/000/000/001/298,ProjRep/000/000/000/001,298,,196608,bc0c8cefe4495c1d3cac6554baefd1b4018d77f00b7cf9ec346aa3cb83b2b3ae,False,,,,binary,,,,,,
ProjRep/000/000/000/001/299,ProjRep/000/000/000/001,299,,717,ac9f7b9236aed391e1295efc140555586102313ed5305fd4958d8acc970f3702,True,utf-8-sig,1.0000,38,text,,,,,,
ProjRep/000/000/000/001/300,ProjRep/000/000/000/001,300,,975,ed8622f209e5b9523cf815a342e9a1bf77190bdfd53a674b30d92e97c729d33a,True,utf-8-sig,1.0000,60,text,,,,,,
ProjRep/000/000/000/001/301,ProjRep/000/000/000/001,301,,62896,90285495f89c6756e9258e263824cc33dca8213accb1e2ebbe13b9f25d783425,False,,,,binary,,,,,,
ProjRep/000/000/000/001/302,ProjRep/000/000/000/001,302,,6144,08c77850268f3894e2e03ac0c8c0a0e98b708f4ab681961f8e2ef38234141f3a,False,,,,binary,,,,,,
ProjRep/000/000/000/001/303,ProjRep/000/000/000/001,303,,1157,9e55edf52631d88681dd32ed46fcbc3f243382c0b9929ee64d084a1b08d575fa,True,utf-8-sig,1.0000,65,text,,,,,,
ProjRep/000/000/000/001/304,ProjRep/000/000/000/001,304,,10752,bcec613f9cf1e8961bd722be8598f9f2e6ebd45d38c3ebb7f7d57f99468ae7f3,False,,,,binary,,,,,,
ProjRep/000/000/000/001/305,ProjRep/000/000/000/001,305,,2286,26fbf901b04a8a24677c1e24dd02747cc16a2e29a070f92fac54664cc9eea905,True,utf-8-sig,1.0000,97,text; contains_control_flow,,,,Next,,
ProjRep/000/000/000/001/306,ProjRep/000/000/000/001,306,,1505,cabbd1a7716f38f17b00b2e63f04d0d43ac41ae89c2ce4439f4ec8c591663f17,True,utf-8-sig,1.0000,89,text,,,,,,
ProjRep/000/000/000/001/307,ProjRep/000/000/000/001,307,,815,7176565412791cc00867ae78725304fe1b17fb3595cfa9728dab29f82baf3f9d,True,utf-8-sig,1.0000,10,text; uft_script_candidate; contains_parameter_references,Window(; Dialog(,,Parameter(,,,
ProjRep/000/000/000/001/308,ProjRep/000/000/000/001,308,,10240,f9f8d661a07c55bfc7f9fe6af3066af9189e2177a2283031850199b7999a9910,False,,,,binary,,,,,,
ProjRep/000/000/000/001/309,ProjRep/000/000/000/001,309,,583,904243d9f33423295accdf5f06ac2e0214b46164cc3cb941e4eeb7850dc28bd1,True,utf-8-sig,1.0000,7,text; uft_script_candidate; contains_parameter_references,Window(; Dialog(,,Parameter(,,,
ProjRep/000/000/000/001/310,ProjRep/000/000/000/001,310,,19456,ca27c3e21caf86d0034d54171196d950793a72165d1be9fa5613081d1a7fbc48,False,,,,binary,,,,,,
ProjRep/000/000/000/001/311,ProjRep/000/000/000/001,311,,48,962d460a15537dd93e97b7ff31c4b57bd4348b9d01564748f243c8c9c3f32985,True,utf-8-sig,1.0000,1,text,,,,,,
ProjRep/000/000/000/001/312,ProjRep/000/000/000/001,312,,15360,1fede047d3989bf2a299fdb22b4fdd16554ad6699e3346369a2ad293eff354f6,False,,,,binary,,,,,,
ProjRep/000/000/000/001/313,ProjRep/000/000/000/001,313,,50,ff5454bd28c259f7d7540bceab8d5e89e5cb09a6990ab56c0fbfcd9fd409ee47,True,utf-8-sig,1.0000,1,text,,,,,,
ProjRep/000/000/000/001/314,ProjRep/000/000/000/001,314,,8192,9e7974e420e16a194fc0a2e0e4994d33e5afc2e2cfcf20f3e2cfd14411d75f0a,False,,,,binary,,,,,,
ProjRep/000/000/000/001/315,ProjRep/000/000/000/001,315,,196608,7f6c215cbd08432c41b27910752891e658a7298b9d063640d94c401b97742739,False,,,,binary,,,,,,
ProjRep/000/000/000/001/316,ProjRep/000/000/000/001,316,,79,3c5e2be7412c3d99d0431fb535a4eed900d2d5722e5e72e7821933b14e168658,False,,,,binary,,,,,,
ProjRep/000/000/000/001/317,ProjRep/000/000/000/001,317,,34,a4f048a3abd42b4898c0f8da11747030dc91c9d83ca89c27fdf7beec2ca36061,True,utf-8-sig,1.0000,1,text,,,,,,
ProjRep/000/000/000/001/318,ProjRep/000/000/000/001,318,,8192,c80e6606653fd045342363b42ea00d7c431af73206d69001addb0e4414ace05e,False,,,,binary,,,,,,
ProjRep/000/000/000/001/319,ProjRep/000/000/000/001,319,,196608,7284f92a2e2175d5f8a86a7821631564d2f385dd1a47b39d3339a4739868089a,False,,,,binary,,,,,,
ProjRep/000/000/000/001/320,ProjRep/000/000/000/001,320,,410,b402476178f76362acc514e7cae89af3e9389b8d25068aa68a5ccb52f494c3d5,True,utf-8-sig,1.0000,5,text; uft_script_candidate,Window(; Dialog(,,,,,
ProjRep/000/000/000/001/321,ProjRep/000/000/000/001,321,,10240,a7b7b62aecc22c964812de98a717ef75acd513dec286b9012e251d91a1f0ab7a,False,,,,binary,,,,,,
ProjRep/000/000/000/001/322,ProjRep/000/000/000/001,322,,196608,e1b5b9cb66a7b37d9d3799f43795c9ea2db8891eec6a739dec4a27a147eb1ffd,False,,,,binary,,,,,,
ProjRep/000/000/000/001/323,ProjRep/000/000/000/001,323,,42,8d06641e9fe797be8f936bdaf02ec35efb8af6b9036ef5c321f10a035fef6059,True,utf-8-sig,1.0000,1,text,,,,,,
ProjRep/000/000/000/001/324,ProjRep/000/000/000/001,324,,8192,bec6c3c1effbbd6b597626060aa5fa5d0da8d8589ef4399f5746ec0fea2578f9,False,,,,binary,,,,,,
ProjRep/000/000/000/001/325,ProjRep/000/000/000/001,325,,196608,4d7d1d4469ff0aae386d34b45e3784cf506b594a5ca5a3d3f99672e46b82f6aa,False,,,,binary,,,,,,
ProjRep/000/000/000/001/326,ProjRep/000/000/000/001,326,,76,d2c3c6ea9e473fbb02ab38ab702b0a66544de0612efe3d17f3a8a7f1413a4633,True,utf-16,1.0000,3,text,,,,,,
ProjRep/000/000/000/001/327,ProjRep/000/000/000/001,327,,195,ac1debe1078e421298f9de14b1593ea8d944a2892099df508c1bba7539304a17,True,utf-8-sig,1.0000,18,text,,,,,,
ProjRep/000/000/000/001/328,ProjRep/000/000/000/001,328,,306,2fbcba76c4c8f5187f1e49d71a3c42ef6a09df02618264563264b2fe55185828,True,utf-8-sig,1.0000,4,text,,,,,,
ProjRep/000/000/000/001/329,ProjRep/000/000/000/001,329,,318,095fe60ff8402a100b6a0c0dd5f1061a15b70bfa5d547b64ac54dfed6099e6ed,True,utf-8-sig,1.0000,18,text,,,,,,
ProjRep/000/000/000/001/330,ProjRep/000/000/000/001,330,,152,7a44b0e14499148c3d62b930b8d038e6ad605206e1d687c308bcb22e1c1be375,True,utf-8-sig,1.0000,3,text,,,,,,
ProjRep/000/000/000/001/331,ProjRep/000/000/000/001,331,,6401,f966030a47df2a264b28beb4c9d558747ec87ea45b833595f914d5e7bee59ea2,True,utf-8-sig,1.0000,142,text; xml_candidate,,,,,,
ProjRep/000/000/000/001/332,ProjRep/000/000/000/001,332,,209,acd2ae4716f5bc1765fbe698cd37bd2ca8082660b5bc5606eb3b0cdd9910e427,True,utf-8-sig,1.0000,18,text,,,,,,
ProjRep/000/000/000/001/333,ProjRep/000/000/000/001,333,,310,cc11fdafa0fc73f72673595ea19ce1f3afc65c55a5c0ffd86ebf6a8eb33a977e,True,utf-8-sig,1.0000,3,text,,,,,,
ProjRep/000/000/000/001/334,ProjRep/000/000/000/001,334,,35,52bc9ca6db38a307a6844271fb22c448d81ef4756b636ca2936ff1ee5dc7a966,True,utf-8-sig,1.0000,1,text,,,,,,
ProjRep/000/000/000/001/335,ProjRep/000/000/000/001,335,,68482,160644e820268f856b0868236ffe72fd720e3ce16fdbf7892d628ee670403707,False,,,,binary,,,,,,
ProjRep/000/000/000/001/336,ProjRep/000/000/000/001,336,,8704,d4b2f0c07f10f17090613b3bb740a0ea2adf434538d5adbeaa6c05621382c332,False,,,,binary,,,,,,
ProjRep/000/000/000/001/337,ProjRep/000/000/000/001,337,,5632,0dccd5b538f158efc5652ab853c4c8da122609ba9d4531a9c3f9b0679f26f1b0,False,,,,binary,,,,,,
ProjRep/000/000/000/001/338,ProjRep/000/000/000/001,338,,1505,2c89fb9d34c42a2ae927fb159e87a27d59ed439a6ff11ac9d73fe0d4d1ff4b61,True,utf-8-sig,1.0000,89,text,,,,,,
ProjRep/000/000/000/001/339,ProjRep/000/000/000/001,339,,1129,9ccf40ba693f65b37196b743440cc4769b6e588d2b4315ba8c90c323457f5860,True,utf-8-sig,1.0000,62,text,,,,,,
ProjRep/000/000/000/001/340,ProjRep/000/000/000/001,340,,858,dfe5ed7852349535fd385883f41a6c13f0387bd218c56ac4ab356e0fffc12202,True,utf-8-sig,1.0000,38,text,,,,,,
ProjRep/000/000/000/001/341,ProjRep/000/000/000/001,341,,978,f42d482c373bdf8f4aa267baeef2a5d9fc5e418be80caad2f958df8011ae7535,True,utf-8-sig,1.0000,58,text,,,,,,
ProjRep/000/000/000/001/342,ProjRep/000/000/000/001,342,,68482,d094ff0cb5d50050cf52c331fd0d7e3d91823074b16309410ccf5f1379d03fb2,False,,,,binary,,,,,,
ProjRep/000/000/000/001/343,ProjRep/000/000/000/001,343,,8704,63503d03308229b9ede7dd3bbd06bd7660629598b9d07aee21a31cc7179338a4,False,,,,binary,,,,,,
ProjRep/000/000/000/001/344,ProjRep/000/000/000/001,344,,10752,fa86a344d694ed68d077304ba5c170143df959018b4b51c26f5a6fa568379d50,False,,,,binary,,,,,,
ProjRep/000/000/000/001/345,ProjRep/000/000/000/001,345,,2447,1cc460eea94c14fca871ff2ef716a397c7f025e4db892b38ee6691e2bc76f6e1,True,utf-8-sig,1.0000,105,text; contains_control_flow,,,,Next,,
ProjRep/000/000/000/001/346,ProjRep/000/000/000/001,346,,1505,ce936912c1187bf1416235ad049f96ab06d8a5fb087b17d9c0017380faca4f8d,True,utf-8-sig,1.0000,89,text,,,,,,
ProjRep/000/000/000/001/347,ProjRep/000/000/000/001,347,,62896,5cbfd546e0a5fa8ad6287978d151f5fd670cf25c0e089b8e75b43820bfa35641,False,,,,binary,,,,,,
ProjRep/000/000/000/001/348,ProjRep/000/000/000/001,348,,6144,2a21ec2006d260c269e1da336a4e06218aecc21f5bfc204c37dccea86d367910,False,,,,binary,,,,,,
ProjRep/000/000/000/001/349,ProjRep/000/000/000/001,349,,1505,c7da621d65628a98c67ba56f6a6183fd32a90c05f55499f164250cad23cdf84a,True,utf-8-sig,1.0000,89,text,,,,,,
ProjRep/000/000/000/001/350,ProjRep/000/000/000/001,350,,68404,021a29902bdb3b2874e0a8cecd6785bfc1ba49d34366902f043117e13776a6f1,False,,,,binary,,,,,,
ProjRep/000/000/000/001/351,ProjRep/000/000/000/001,351,,7680,c0b73e15f38c5e08bc9fee0b9b7d794ed2a75467b6864dc12b8144032c9b36d1,False,,,,binary,,,,,,
ProjRep/000/000/000/001/352,ProjRep/000/000/000/001,352,,1505,0a9a6f66872c3794e95138cc918b5c89960638a80b4918ba6ea8a26c1c8257c5,True,utf-8-sig,1.0000,89,text,,,,,,
ProjRep/000/000/000/001/353,ProjRep/000/000/000/001,353,,44,9d4a77286ac7277cd45bb384e8b1f89195b6e8e08eb6e7109d2a46f4d2038978,True,utf-8-sig,1.0000,1,text; uft_script_candidate,Window(,,,,,
ProjRep/000/000/000/001/354,ProjRep/000/000/000/001,354,,8192,e30448deefdfaee0a0e50d7f1cbfcca40958d02dedde114c430fb558377d3de2,False,,,,binary,,,,,,
ProjRep/000/000/000/001/355,ProjRep/000/000/000/001,355,,74277,bdd87bb772557f68c3e9dade2b745b65825f3fd7467594899138509db6d615a5,False,,,,binary,,,,,,
ProjRep/000/000/000/001/356,ProjRep/000/000/000/001,356,,152,6306641832dd1241236661405b4b751ff617e5d6e069aef4aaa98df598ece423,False,,,,binary,,,,,,
ProjRep/000/000/000/001/357,ProjRep/000/000/000/001,357,,196608,91bb107b8ae900b05cc639c9c524762cc731db3a384bd39601e79973cf6eef60,False,,,,binary,,,,,,
ProjRep/000/000/000/001/358,ProjRep/000/000/000/001,358,,8192,e651c63e33649f41d18fd6e16faf52d6ac694172338c4694e11ae6e7952fdb1d,False,,,,binary,,,,,,
ProjRep/000/000/000/001/359,ProjRep/000/000/000/001,359,,196608,4fff9baa2099fc2e86a5c7d6afa7f23a120e123b5fb2eae919aeb5a396321411,False,,,,binary,,,,,,
ProjRep/000/000/000/001/360,ProjRep/000/000/000/001,360,,10752,b161420953a9d5fab6ee927307c9d1c03e786b68cb16c925519007faf4532fd9,False,,,,binary,,,,,,
ProjRep/000/000/000/001/361,ProjRep/000/000/000/001,361,,4279,678a1695c1f2c7d02d78eb46376e09f37c8d03ec866f65cbff91a82e17ab510e,False,,,,binary,,,,,,
ProjRep/000/000/000/001/362,ProjRep/000/000/000/001,362,,252,ddf1a2031f38f0fd3a7a1db565eaae05b86dba2892db49d023f3da2ea548ecd9,True,utf-8-sig,1.0000,3,text; uft_script_candidate; contains_parameter_references,Window(,,Parameter(,,,
ProjRep/000/000/000/001/363,ProjRep/000/000/000/001,363,,15360,9d47683dff9735cdb619a1f45f67402af94b0923dfaf64194486849c6127c5f8,False,,,,binary,,,,,,
ProjRep/000/000/000/001/364,ProjRep/000/000/000/001,364,,196608,42540ddb75f8c83d4b61f657352ac86503520c6b96fc00b8dbb7ea042409f6f7,False,,,,binary,,,,,,
ProjRep/000/000/000/001/365,ProjRep/000/000/000/001,365,,47,7d61ee40682597b3ef5a0319c58caa108f380b42f1e97e16708ad0ff776b7a53,True,utf-8-sig,1.0000,1,text,,,,,,
ProjRep/000/000/000/001/366,ProjRep/000/000/000/001,366,,8192,62d4e73ea1242402e37b1695849102a9fca410ef23dfff8cbdd2cb776ff45a0c,False,,,,binary,,,,,,
ProjRep/000/000/000/001/367,ProjRep/000/000/000/001,367,,196608,b3205abc13dd8fc8b27bfdee7e5c71d54a8532e3150c718c5bd467af6e7602e7,False,,,,binary,,,,,,
ProjRep/000/000/000/001/368,ProjRep/000/000/000/001,368,,267,fe5d7cc9a32095a9f4fbd5bbfd85ae75a13710a54b39efa28fc47b450e316be2,True,utf-8-sig,1.0000,3,text; uft_script_candidate; contains_parameter_references,Window(,,Parameter(,,,
ProjRep/000/000/000/001/369,ProjRep/000/000/000/001,369,,19456,3de9ed983dfbba7ff49ff7b17414eaf7c270a7c1631a9872ba8e5711825dccce,False,,,,binary,,,,,,
ProjRep/000/000/000/001/370,ProjRep/000/000/000/001,370,,33295,95dd53a2d6fc54e903d4502b5ea2f2aeb9d7f5d0bc141491daab21d50d6b5e80,False,,,,binary,,,,,,
ProjRep/000/000/000/001/371,ProjRep/000/000/000/001,371,,34894,d54bb1b42952e7aec0bf197f71034131ca469b868a9302f5cd0f44546392fb2a,False,,,,binary,,,,,,
ProjRep/000/000/000/001/372,ProjRep/000/000/000/001,372,,196608,e360ee10af0e495a7169d4bcf7414643d01638ff05097ed9474328784a8e23a8,False,,,,binary,,,,,,
ProjRep/000/000/000/001/373,ProjRep/000/000/000/001,373,,8192,237bd46c5798dd809bb8a68e6bb60ecfca74d6d127670ed7b8c90446b3a40be0,False,,,,binary,,,,,,
ProjRep/000/000/000/001/374,ProjRep/000/000/000/001,374,,196608,cc7d53e2736202e06b58d3008f9bc31d32e7c38a763e6a23509c0c7cf040823f,False,,,,binary,,,,,,
ProjRep/000/000/000/001/375,ProjRep/000/000/000/001,375,,316,628a46fb2f2bb0343029c91791255905d22f04135b3cc3bd0894c354e90dd2fc,True,utf-8-sig,1.0000,5,text; uft_script_candidate; contains_parameter_references,Dialog(,,Parameter(,,,
ProjRep/000/000/000/001/376,ProjRep/000/000/000/001,376,,12288,9764e03d743b3cc64101f39586ae2409c422681999a909e68aa74433db33fba8,False,,,,binary,,,,,,
ProjRep/000/000/000/001/377,ProjRep/000/000/000/001,377,,14293,d5015aa0b5aa8b84bad53239020da1b6be7467fd1656e575417b51288a76f485,False,,,,binary,,,,,,
ProjRep/000/000/000/001/378,ProjRep/000/000/000/001,378,,196608,899f321899016a28aa3b7bc287f3f582a2ec7328f49ad0472a270d4063c9fb9b,False,,,,binary,,,,,,
ProjRep/000/000/000/001/379,ProjRep/000/000/000/001,379,,9728,52bea0fe68afbdee8389a4666ccfb607af5d012cc47c86093742309466ac114f,False,,,,binary,,,,,,
ProjRep/000/000/000/001/380,ProjRep/000/000/000/001,380,,12288,ae32fb61d77ec0983a8315369f3f10bb387683e6b28525c5d91241b7bd44ffc5,False,,,,binary,,,,,,
ProjRep/000/000/000/001/381,ProjRep/000/000/000/001,381,,289,fa96f4a8e7caea7c58e46375e02b9888429a291007ba6357e55d7c4e17193008,True,utf-8-sig,1.0000,18,text,,,,,,
ProjRep/000/000/000/001/382,ProjRep/000/000/000/001,382,,488,4b97d430e7fb1264497de22c872eff945df330e52e226073bf55a8ce5cf28384,True,utf-8-sig,1.0000,5,text,,,,,,
ProjRep/000/000/000/001/383,ProjRep/000/000/000/001,383,,119,95d1f7de68f7c39298e7bf787342823043ea10b3fca87d4fe03927f853a04ac1,True,utf-8-sig,1.0000,2,text; uft_script_candidate,Window(,,,,,
ProjRep/000/000/000/001/384,ProjRep/000/000/000/001,384,,9728,b06016e9ba8240d58a4a40cdd28e66e9611fc1ce67418a7aee8f96772cc53976,False,,,,binary,,,,,,
ProjRep/000/000/000/001/385,ProjRep/000/000/000/001,385,,196608,d3afd3d29a5c338716ca43a70c3bc5acbc7626d0b5717121697207b6d45dc8e4,False,,,,binary,,,,,,
ProjRep/000/000/000/001/386,ProjRep/000/000/000/001,386,,41,2691b732f073a2458bf8ad60ac846740636250d20ce77b485f4214cfc245029e,True,utf-8-sig,1.0000,1,text,,,,,,
ProjRep/000/000/000/001/387,ProjRep/000/000/000/001,387,,8192,a512cd972cce2da788db794a71e003a92585938a351e7982d9fbdc5647b19f47,False,,,,binary,,,,,,
ProjRep/000/000/000/001/388,ProjRep/000/000/000/001,388,,196608,f4884c67640bff99541a3c30a1e0c82339757b95e8284887c7a326e3995609ae,False,,,,binary,,,,,,
ProjRep/000/000/000/001/389,ProjRep/000/000/000/001,389,,8192,8c5b4cff7307f4aa90e84e4d58c6611044d4cc3a86e17188740b05115069994c,False,,,,binary,,,,,,
ProjRep/000/000/000/001/390,ProjRep/000/000/000/001,390,,196608,59197701d89675dad2a59ab320b02654747b63d41956b6982e211629953a0e40,False,,,,binary,,,,,,
ProjRep/000/000/000/001/391,ProjRep/000/000/000/001,391,,839,98dd373572ee25471b1474de482724ed2265380a6fc5316b67b8707b39c589f9,True,utf-8-sig,1.0000,10,text; uft_script_candidate; contains_parameter_references,Window(; Dialog(,,Parameter(,,,
ProjRep/000/000/000/001/392,ProjRep/000/000/000/001,392,,10240,9943982ddb193ced5c705396a8bee6b20f959aae0074f2cee95899d750c66b84,False,,,,binary,,,,,,
ProjRep/000/000/000/001/393,ProjRep/000/000/000/001,393,,196608,679015ae8725435a1b499cc0edc8627105a586a35d716abcfa93a8f1dba9252a,False,,,,binary,,,,,,
ProjRep/000/000/000/001/394,ProjRep/000/000/000/001,394,,299,160c7fc47aa695b75af5b9e005f342ec5daef49eb4bf485c0011189f6ac2af2d,True,utf-8-sig,1.0000,5,text; uft_script_candidate; contains_parameter_references,Dialog(,,Parameter(,,,
ProjRep/000/000/000/001/395,ProjRep/000/000/000/001,395,,8704,ebf8e77ab4ad14c6817390b98f3ca354143ced4bb0e1a87afb25fe5b46f3583c,False,,,,binary,,,,,,
ProjRep/000/000/000/001/396,ProjRep/000/000/000/001,396,,196608,1a9755634a4176d33f6c1aee4ff33e03ac9baae1dc9998f5b46b803b794e174c,False,,,,binary,,,,,,
ProjRep/000/000/000/001/397,ProjRep/000/000/000/001,397,,8192,1caf25a3436b16466e2916294220a8bf2a255be4379c20f8929c01d971dd635b,False,,,,binary,,,,,,
ProjRep/000/000/000/001/398,ProjRep/000/000/000/001,398,,196608,91554d7f8ca8ba4e93fa91282d9bf9627309bc860adccf21ba5bebdc335bad2b,False,,,,binary,,,,,,
ProjRep/000/000/000/001/399,ProjRep/000/000/000/001,399,,1052,e011a147a042f5820cccf853d45a26dcf43e22658d4490633fe47d88b3f86387,True,utf-8-sig,1.0000,13,text; uft_script_candidate; contains_parameter_references,Window(; Dialog(,,Parameter(,,,
ProjRep/000/000/000/001/400,ProjRep/000/000/000/001,400,,9216,eae25b93827397b55921e282f32fd276fa62b8831b04e8566fdb9c6be2589865,False,,,,binary,,,,,,
ProjRep/000/000/000/001/401,ProjRep/000/000/000/001,401,,8192,12be7141bf28cc006ebab830182bf1d7e3fc427e612391d7af380c780d69fb79,False,,,,binary,,,,,,
ProjRep/000/000/000/001/402,ProjRep/000/000/000/001,402,,54519,6f66452839e95c01cf3b467489a9695efb546d5b273fd805423e86278d1234b7,False,,,,binary,,,,,,
ProjRep/000/000/000/001/403,ProjRep/000/000/000/001,403,,196608,5132ba1d008316660403ecdb63d67c9bdabb7e44a4c1341ab797692678fcd714,False,,,,binary,,,,,,
ProjRep/000/000/000/001/404,ProjRep/000/000/000/001,404,,41,9e4d3b8f4b853e49ad198a1880573c85fe23f4e79c7c5118ecdff8cfc5eaa78b,True,utf-8-sig,1.0000,1,text,,,,,,
ProjRep/000/000/000/001/405,ProjRep/000/000/000/001,405,,8192,9a940b34ef4e7666939f374e2de5e05a7c9651f6f5227adb638a7d56d555943e,False,,,,binary,,,,,,
ProjRep/000/000/000/001/406,ProjRep/000/000/000/001,406,,196608,b1b5d583e62040099256e5bd5d0f5246cba10a189cfd1db0abd844cc2fd65d11,False,,,,binary,,,,,,
ProjRep/000/000/000/001/407,ProjRep/000/000/000/001,407,,351,9d99fedbfa51dea436a7ffa7de2f46c311b798d5a41b28841aa0a34a37d57dca,False,,,,binary,,,,,,
ProjRep/000/000/000/001/408,ProjRep/000/000/000/001,408,,852,ffabcd81103cc7603db1b9938b71b9d8da2efdb568a886aa68b8cafdc6b6d30a,False,,,,binary,,,,,,
ProjRep/000/000/000/001/409,ProjRep/000/000/000/001,409,,351,6a4710e5bba3316a60efde7c812206943048caa6eaf7bba8aa16ad4e4227a8bf,False,,,,binary,,,,,,
ProjRep/000/000/000/001/410,ProjRep/000/000/000/001,410,,2540,21525518b401c872b762ee52bfc93fb5f143deec1c2e7753669c9c2cc77a60c2,True,utf-8-sig,1.0000,85,text; xml_candidate,,,,,,
ProjRep/000/000/000/001/411,ProjRep/000/000/000/001,411,,54389,a6c6af312c2c078ae77c7f12a62b3a426dd6ef6fe35557f2e257c47f15fa77c5,False,,,,binary,,,,,,
ProjRep/000/000/000/001/412,ProjRep/000/000/000/001,412,,28651,a9edb3a8e8d484aae6ffe0ad9ab5b112e943cdf1a3bb35f28d46516f82ab09e1,False,,,,binary,,,,,,
ProjRep/000/000/000/001/413,ProjRep/000/000/000/001,413,,3044,702562fc9d4b97c06d82f6767a0225a8f5102d988e5a609499d4c39c267ae139,True,utf-8-sig,1.0000,85,text; contains_control_flow; xml_candidate,,,,For ,,
ProjRep/000/000/000/001/414,ProjRep/000/000/000/001,414,,2617,32da2893ee57808d3d2ea4fdd51799e78c95ce5adb3dac51a3aa76570af51def,True,utf-8-sig,1.0000,85,text; xml_candidate,,,,,,
ProjRep/000/000/000/001/415,ProjRep/000/000/000/001,415,,3130,e94240e327e69d28f400be8d3165063663f16bc972135584b419464806b11b8f,True,utf-8-sig,1.0000,91,text; contains_control_flow; xml_candidate,,,,For ; While ,,
ProjRep/000/000/000/001/416,ProjRep/000/000/000/001,416,,375,91772b7a8cf68889f6bbe9b846826ff52b58452a2cf78c906a9f7aff1572f1f7,False,,,,binary,,,,,,
ProjRep/000/000/000/001/417,ProjRep/000/000/000/001,417,,3183,466ed8992b680a479916ed034b80daa37d33e74c6e6f6aded455c1768244afce,False,,,,binary,,,,,,
ProjRep/000/000/000/001/418,ProjRep/000/000/000/001,418,,375,3055ff61c6f6d23b08f3be5a0df7ec68b67079c07625ffeb582e24b74c60d8bf,False,,,,binary,,,,,,
ProjRep/000/000/000/001/419,ProjRep/000/000/000/001,419,,9728,8af4d83359f9420d5c37a0a5aa4688bb3618f11f2a4e061ab74a896b3e6518f9,False,,,,binary,,,,,,
ProjRep/000/000/000/001/420,ProjRep/000/000/000/001,420,,7191,02b232c595c4e9e9131a8c5504c72148cc021ade115017ef3f80d5049ed54335,True,utf-8-sig,1.0000,139,text; contains_control_flow; xml_candidate,,,,For ,,
ProjRep/000/000/000/001/421,ProjRep/000/000/000/001,421,,8154,cce4daf2c567e18c881fed1ae7b530a844cec46210516547f2d8969a298df9f0,True,utf-8-sig,1.0000,145,text; contains_control_flow; xml_candidate,,,,For ,,
ProjRep/000/000/000/001/422,ProjRep/000/000/000/001,422,,6416,7ec159e2570a90d61eea75a6a9620aff38394c1c26c2aab656f048598eb2c7e6,True,utf-8-sig,1.0000,127,text; contains_control_flow; xml_candidate,,,,For ,,
ProjRep/000/000/000/001/423,ProjRep/000/000/000/001,423,,375,24cd98a93ee57568242c5d0961f5b7b73ac524e92c699521ee623dfd47589229,False,,,,binary,,,,,,
ProjRep/000/000/000/001/424,ProjRep/000/000/000/001,424,,375,387cc317506059425c72046a2173c5f0e35753660d6243e8b12deaaef5ddba34,False,,,,binary,,,,,,
ProjRep/000/000/000/001/425,ProjRep/000/000/000/001,425,,1684,c8f7952d05b593bf4dc9e709623873c1308e78be3b7671fdd4583a962e77cf9a,True,utf-8-sig,1.0000,73,text; xml_candidate,,,,,,
ProjRep/000/000/000/001/426,ProjRep/000/000/000/001,426,,1700,f76f72630c3845d5fab9f578159be65d6f3488a06f763a65e90d3acf958efce4,True,utf-8-sig,1.0000,73,text; xml_candidate,,,,,,
ProjRep/000/000/000/001/427,ProjRep/000/000/000/001,427,,5179,2bcf41a8e21a1b4b0ae1d3260ee4f911d8cdc1cada5b26eff1a5cb5681451f8b,True,utf-8-sig,1.0000,109,text; contains_control_flow; xml_candidate,,,,For ,,
ProjRep/000/000/000/001/428,ProjRep/000/000/000/001,428,,1724,fa9288caf9d9f44addd2648dc351802ff02b26a595640d74a43057da700ec907,True,utf-8-sig,1.0000,73,text; xml_candidate,,,,,,
ProjRep/000/000/000/001/429,ProjRep/000/000/000/001,429,,2609,7b986563ab5bf22eab0210c050c2c597a38d48a8a264f0827dd60a0fec999faf,True,utf-8-sig,1.0000,85,text; xml_candidate,,,,,,
ProjRep/000/000/000/001/430,ProjRep/000/000/000/001,430,,2589,4a63fb4d08b525c605ae5793375e021909f8dc25f0053c8a11915a19a013f13a,True,utf-8-sig,1.0000,85,text; xml_candidate,,,,,,
ProjRep/000/000/000/001/431,ProjRep/000/000/000/001,431,,2599,990ece47fcf6fa79481ccbdae5c28d8f4934383a0ae155a0aeef6f9dae3f0d0d,True,utf-8-sig,1.0000,85,text; xml_candidate,,,,,,
ProjRep/000/000/000/001/432,ProjRep/000/000/000/001,432,,2215,3d31aac35641fb6c86a2a5467e4740aabaccb940ed355c21c1b29fbef7d5df63,True,utf-8-sig,1.0000,79,text; xml_candidate,,,,,,
ProjRep/000/000/000/001/433,ProjRep/000/000/000/001,433,,318,8f8dcd11271089a5a7276bcbd0bfe638cd845b4068a2dc072e814a6ef7e200dc,False,,,,binary,,,,,,
ProjRep/000/000/000/001/434,ProjRep/000/000/000/001,434,,318,d126002b6c4ef039b5cbe16b6539d0cbd5ab91be1dfbc4efb6f3633783bbb99e,False,,,,binary,,,,,,
ProjRep/000/000/000/001/437,ProjRep/000/000/000/001,437,,72192,4e6cfa935a993fee262fb45eaa35de9e66eb8e792f453d7acc796f43a9c19c6c,False,,,,binary,,,,,,
ProjRep/000/000/000/001/438,ProjRep/000/000/000/001,438,,3072,0abd662973caa90b201e1ed610ca9ee5b087d67fb221cf0fcef8bbbf0da4276e,False,,,,binary,,,,,,
ProjRep/000/000/000/001/439,ProjRep/000/000/000/001,439,,1541,aece21dc8c580c3746883e5815db324faa7fb069ed254c5e3dfc235df539dbfc,True,utf-8-sig,1.0000,36,text; xml_candidate,,,,,,
ProjRep/000/000/000/001/440,ProjRep/000/000/000/001,440,,4096,9111eb18ee08ff6c3a8a91adbcade1dfeb0a0ee1b89ea5e85b65f44302d72efc,False,,,,binary,,,,,,
ProjRep/000/000/000/001/441,ProjRep/000/000/000/001,441,,70144,f4f4f41ba5804e964eb2db522d99b31f55caba9d475084eb47ae7c076d0c24d7,False,,,,binary,,,,,,
ProjRep/000/000/000/001/442,ProjRep/000/000/000/001,442,,3072,5e82733ce001797fb1fc603eeb94dc926e7b91fbd78f939d3dc8bca3e69bd9cb,False,,,,binary,,,,,,
ProjRep/000/000/000/001/443,ProjRep/000/000/000/001,443,,1521,49be14a029c4bceffe4c8e06d6417ab5d1f99eff99a20cc809d7812cd9dfed99,True,utf-8-sig,1.0000,36,text; xml_candidate,,,,,,
ProjRep/000/000/000/001/444,ProjRep/000/000/000/001,444,,4096,52890d192e5c3411d7fa86d6b1bc3862fd76e97f8f72b7db7966dd5553bdc28c,False,,,,binary,,,,,,
ProjRep/000/000/000/001/445,ProjRep/000/000/000/001,445,,57856,5dd1fd551f10e577ebf41f9f6047ff518978f8f8c89ad3fc1ba64a083ea7dad8,False,,,,binary,,,,,,
ProjRep/000/000/000/001/446,ProjRep/000/000/000/001,446,,3072,cef86dc3213ea602d1c9b5f39ab16635ce36e85cbbdb7c2dd3685fc53d26d456,False,,,,binary,,,,,,
ProjRep/000/000/000/001/447,ProjRep/000/000/000/001,447,,5743,133af1358875389888b2531a4c35428c7563172c3e408ede53bdf43701b0dd90,True,utf-8-sig,1.0000,138,text; xml_candidate,,,,,,
ProjRep/000/000/000/001/448,ProjRep/000/000/000/001,448,,4096,82d5415e5883bb058b3e12247edfa96b62b3d63881322634ab52098382226419,False,,,,binary,,,,,,
ProjRep/000/000/000/001/449,ProjRep/000/000/000/001,449,,57856,1e3a1b7af608821ee2b1e8b8013e86f44a906c14ecdf587f70b7ba365b814295,False,,,,binary,,,,,,
ProjRep/000/000/000/001/450,ProjRep/000/000/000/001,450,,3072,d597a27b0c03aa53b16e735789abe7155cf6945699793aaea0adc85f4ba37104,False,,,,binary,,,,,,
ProjRep/000/000/000/001/451,ProjRep/000/000/000/001,451,,4096,5bc01bcaa5052f7f1fb5f5ba1b5158589463ccb069af5f07414d5da96b38234c,False,,,,binary,,,,,,
ProjRep/000/000/000/001/452,ProjRep/000/000/000/001,452,,6253,647ab48d5d56bbb29b7b4be71adf2d8e14fc695e06d6260a2b5f53a562cb3b88,True,utf-8-sig,1.0000,127,text; contains_control_flow; xml_candidate,,,,For ,,
ProjRep/000/000/000/001/453,ProjRep/000/000/000/001,453,,4313,13fac1be3f29aca901a47972abcaf0e0225ae32f465b7ea39b40fba0b9bb4601,True,utf-8-sig,1.0000,103,text; contains_control_flow; xml_candidate,,,,For ,,
ProjRep/000/000/000/001/454,ProjRep/000/000/000/001,454,,3060,a829fdab04f0f2961f0946f6ff1d94ae21e9e2c18c1b396909462a85e7c05acc,True,utf-8-sig,1.0000,85,text; contains_control_flow; xml_candidate,,,,For ,,
ProjRep/000/000/000/001/455,ProjRep/000/000/000/001,455,,7893,24278a48c52a2555237bc4e6a92a6085c15bad2516e0d7aa1a8cc20a72a787e1,True,utf-8-sig,1.0000,139,text; contains_control_flow; xml_candidate,,,,For ,,
ProjRep/000/000/000/001/456,ProjRep/000/000/000/001,456,,6446,eb94a8c6b4bf64c1ed95ad819a21e151c9681d567e8dd1ddbdc2778ca9992149,True,utf-8-sig,1.0000,127,text; contains_control_flow; xml_candidate,,,,For ,,
ProjRep/000/000/000/001/457,ProjRep/000/000/000/001,457,,6420,984f08ee44aefbddedebb4a012cc6cd0e9e06e8096886d2024daca1a953cdf5d,True,utf-8-sig,1.0000,127,text; contains_control_flow; xml_candidate,,,,For ,,
ProjRep/000/000/000/001/458,ProjRep/000/000/000/001,458,,2037,73ef3be977ed4c7050be24620f1a337ffdf483536a0c63b603f91355c8314746,True,utf-8-sig,1.0000,73,text; contains_control_flow; xml_candidate,,,,For ,,
ProjRep/000/000/000/001/459,ProjRep/000/000/000/001,459,,2387,2fbdd32e080280964f6f493c68108cad777a25deaca356b107f2212d293c18e5,True,utf-8-sig,1.0000,79,text; contains_control_flow; xml_candidate,,,,For ,,
ProjRep/000/000/000/001/460,ProjRep/000/000/000/001,460,,1774,83a2dea9a50cd794e29b391c3e362443e2584d43761c030aef717d11074d304f,True,utf-8-sig,1.0000,73,text; contains_control_flow; xml_candidate,,,,For ,,
ProjRep/000/000/000/001/461,ProjRep/000/000/000/001,461,,2124,737661e3e0c818004b9d7e6ec23c55d11ee09881efea075ab8b4113c3d0bfa81,True,utf-8-sig,1.0000,79,text; contains_control_flow; xml_candidate,,,,For ,,
ProjRep/000/000/000/001/462,ProjRep/000/000/000/001,462,,6440,72b7819c4f4af8afb18eeb4f26606ec8f6ce727aad202dfe86b1d420c846caf1,True,utf-8-sig,1.0000,127,text; contains_control_flow; xml_candidate,,,,For ,,
ProjRep/000/000/000/001/463,ProjRep/000/000/000/001,463,,6422,adb81d621b86d3cc86af16d044433ab0db7761c93461f7130c6302c4c717b0d6,True,utf-8-sig,1.0000,127,text; contains_control_flow; xml_candidate,,,,For ,,
ProjRep/000/000/000/001/464,ProjRep/000/000/000/001,464,,1686,af6f702d21ac7fffbc3d645de07647fed0ca4ff7689177b45932baa7f7f0c519,True,utf-8-sig,1.0000,73,text; xml_candidate,,,,,,
ProjRep/000/000/000/001/465,ProjRep/000/000/000/001,465,,2969,1afc01dfed2652e1d3d2d48dcf5a6f3e7d20f45e80acce928cec907b4af177f1,True,utf-8-sig,1.0000,91,text; xml_candidate,,,,,,
ProjRep/000/000/000/001/466,ProjRep/000/000/000/001,466,,2589,62840b7854bc94fe1630d7310db813b37ecfad721d6e2e5f04a95c10b368f719,True,utf-8-sig,1.0000,85,text; xml_candidate,,,,,,
ProjRep/000/000/000/001/467,ProjRep/000/000/000/001,467,,1682,80b8c050a310a5078142dcdb0c97ad41c3aee9267863b37affbff9627f786705,True,utf-8-sig,1.0000,73,text; xml_candidate,,,,,,
ProjRep/000/000/000/001/468,ProjRep/000/000/000/001,468,,2276,54152b1a99dffbcb579461d367ee72d5fbe8a92b0372749377a68f2235f1e693,True,utf-8-sig,1.0000,79,text; xml_candidate,,,,,,
ProjRep/000/000/000/001/469,ProjRep/000/000/000/001,469,,3266,fe198796cbb42510b5110d38f7387885d6329d289e1d9151a592bef5d3f5c79c,True,utf-8-sig,1.0000,91,text; xml_candidate,,,,,,
ProjRep/000/000/000/001/470,ProjRep/000/000/000/001,470,,57856,818b0071d3def41c1fec3b711bdd6ac0c9e4f175c3b840d9a296df68357b24bc,False,,,,binary,,,,,,
ProjRep/000/000/000/001/471,ProjRep/000/000/000/001,471,,3072,c56dc081c11fe6fafe252a483c5902341063a3a25479d6c8f3626d352292643e,False,,,,binary,,,,,,
ProjRep/000/000/000/001/472,ProjRep/000/000/000/001,472,,1584,384e5467460a253e98954e69427a30ecd8fe9a39ed5a0687f28abed62794b68b,True,utf-8-sig,1.0000,36,text; xml_candidate,,,,,,
ProjRep/000/000/000/001/473,ProjRep/000/000/000/001,473,,4096,5b00eb67ffa24082d0a0d4c7d3e1d45d34c6ad57c1f0ae1da68ca2cd1cb424dc,False,,,,binary,,,,,,
ProjRep/000/000/000/001/474,ProjRep/000/000/000/001,474,,71680,320f0468767de2f9c517d209b41fbbf3e081600e6a5fd2c9ab5cf144a938b6de,False,,,,binary,,,,,,
ProjRep/000/000/000/001/475,ProjRep/000/000/000/001,475,,3072,d04a3ed6f0383418e19788a96c2f0a95facdc5677e29a31c0111a320813222c0,False,,,,binary,,,,,,
ProjRep/000/000/000/001/476,ProjRep/000/000/000/001,476,,5095,674adeedf3ed38d3f339193f96391fd6f957dcaad0058487c3fd14b60c99924a,True,utf-8-sig,1.0000,124,text; xml_candidate,,,,,,
ProjRep/000/000/000/001/477,ProjRep/000/000/000/001,477,,4608,46fad0ee1030b284df2e04b53469fe897ab068e94922df71070942dec2f39b22,False,,,,binary,,,,,,
ProjRep/000/000/000/001/478,ProjRep/000/000/000/001,478,,32256,9e3c62bf46797d0cbd7ef3fd3109564d105805bd07228a2793c2ab3a52757a63,False,,,,binary,,,,,,
ProjRep/000/000/000/001/479,ProjRep/000/000/000/001,479,,2560,39fed947d414257ddf7a6ef70d5f0f34edbc033c6d8e898d5de67f8c21011ba4,False,,,,binary,,,,,,
ProjRep/000/000/000/001/480,ProjRep/000/000/000/001,480,,5633,136c9d25d840509639c0042d3e06890350cc883f0cd717ca262517ed78ef9e9e,True,utf-8-sig,1.0000,138,text; xml_candidate,,,,,,
ProjRep/000/000/000/001/481,ProjRep/000/000/000/001,481,,4096,a785c93a020deed2cf209e38196dbe6363e252675206ecb00587c21b888eef0d,False,,,,binary,,,,,,
ProjRep/000/000/000/001/482,ProjRep/000/000/000/001,482,,69120,2fff49cdaacfb52f1e022503cfb5f15386203ae10b96d5a55ecf0c666daeca92,False,,,,binary,,,,,,
ProjRep/000/000/000/001/483,ProjRep/000/000/000/001,483,,426,3e7af58ae4e32712fe92f1467eb3fb060a1b62b2991f4d8c6f1cf7c4052f74e6,False,,,,binary,,,,,,
ProjRep/000/000/000/001/484,ProjRep/000/000/000/001,484,,3476,c723a661ea6de9d57bb8f2dcf86158858b19d1f27a98a21fc33cd0c697e19ef2,False,,,,binary,,,,,,
ProjRep/000/000/000/001/485,ProjRep/000/000/000/001,485,,426,9a39438353ce5d8e758f8f8075ef0e49ac349c355894f82ffd5b153531153740,False,,,,binary,,,,,,
ProjRep/000/000/000/001/486,ProjRep/000/000/000/001,486,,426,c29320d5bb0f2d1e4a6d5731644e42838bcba14e2b7faee159218c1a3249f8db,False,,,,binary,,,,,,
ProjRep/000/000/000/001/487,ProjRep/000/000/000/001,487,,426,a3e03fefc1762af68a75f2c857fc0909286a0c286718cfa9d82458c5f0c7a945,False,,,,binary,,,,,,
ProjRep/000/000/000/001/488,ProjRep/000/000/000/001,488,,2605,24179db1fd2a4ddce6e55e2df64bedb9e9f0fb185b40c64f9efd0edc9a352b0c,True,utf-8-sig,1.0000,85,text; xml_candidate,,,,,,
ProjRep/000/000/000/001/489,ProjRep/000/000/000/001,489,,4094,e63df0b73b55208bb7c9a0a402ca1ee5ebb1f6a788c1bd658080f63980a1c445,True,utf-8-sig,1.0000,97,text; contains_control_flow; xml_candidate,,,,If ; Do ,,
ProjRep/000/000/000/001/490,ProjRep/000/000/000/001,490,,74013,3c75b5cfb423f7c088a42f99e9ecefab02b507ea7e6acc0da0d1c2fa45a57a1c,False,,,,binary,,,,,,
ProjRep/000/000/000/001/491,ProjRep/000/000/000/001,491,,2579,d4389d80c6f3df0bc17ab032bc3dde1df93797dfbd6164d11f83ac9b14e5e640,True,utf-8-sig,1.0000,85,text; xml_candidate,,,,,,
ProjRep/000/000/000/001/492,ProjRep/000/000/000/001,492,,8239,6aea33ae72b38868aed1ed2429f603e15229687469313edc3b6b8b4d9c5b9255,True,utf-8-sig,1.0000,151,text; contains_control_flow; xml_candidate,,,,If ; Do ,,
ProjRep/000/000/000/001/493,ProjRep/000/000/000/001,493,,58368,0245d8aa56baf8ff3e17259d6a94bd3f0414adcb122209530e8debe15407f29c,False,,,,binary,,,,,,
ProjRep/000/000/000/001/494,ProjRep/000/000/000/001,494,,58368,32dd695d320d59c888274b9d481a60126e9dfbac85deed5df308b018a35c048e,False,,,,binary,,,,,,
ProjRep/000/000/000/001/495,ProjRep/000/000/000/001,495,,34304,1180e220d6d54ec072cbca6e9c2fe932c22382dda8743173a02b7040c052a332,False,,,,binary,,,,,,
ProjRep/000/000/000/001/496,ProjRep/000/000/000/001,496,,2560,e003b078ed4aa938a722c9546e6c2d697fcc9724c570a5dff30be10d7f4b88f2,False,,,,binary,,,,,,
ProjRep/000/000/000/001/497,ProjRep/000/000/000/001,497,,1472,63db5c9b28060a4f80442aafdd02998698e6a2066ab620f8236290c0e339b90f,True,utf-8-sig,1.0000,36,text; xml_candidate,,,,,,
ProjRep/000/000/000/001/498,ProjRep/000/000/000/001,498,,4096,77651377b4aecb615758299ea639eaa1c230485b9196f2ce150272d063171a90,False,,,,binary,,,,,,
ProjRep/000/000/000/001/499,ProjRep/000/000/000/001,499,,57856,bf1ee9f65bd7a65f47807aafeddb552ae1f68cd3e1e9603d3197ab8213cc2479,False,,,,binary,,,,,,
ProjRep/000/000/000/001/500,ProjRep/000/000/000/001,500,,3072,ffcd4b9076d12ca88596f0d9142458c45416a6522308fa236a49062cd0d945a0,False,,,,binary,,,,,,
ProjRep/000/000/000/001/501,ProjRep/000/000/000/001,501,,1577,708d277d2c78119520e5ed1efa1523dff03ade43b16643511689f0f16d6c7720,True,utf-8-sig,1.0000,36,text; xml_candidate,,,,,,
ProjRep/000/000/000/001/502,ProjRep/000/000/000/001,502,,4096,44e8d9e39a8a2f8ad0ae389537727178bd29b662292cd5d7c3fefaeed28cee46,False,,,,binary,,,,,,
ProjRep/000/000/000/001/503,ProjRep/000/000/000/001,503,,62976,c334b2df11e992a98b07152936e1f86ae9fa2318a3fb5ca8d2d95a4a75950a9d,False,,,,binary,,,,,,
ProjRep/000/000/000/001/504,ProjRep/000/000/000/001,504,,3072,ae872b810f3a37895d4d2f00932e801826b4430009d1d9afadf0c8c2beb7e4d6,False,,,,binary,,,,,,
ProjRep/000/000/000/001/505,ProjRep/000/000/000/001,505,,1507,1f426da26e82b554c6e8c00b257498db9ffbcd9a25d74c8965f5d442d32ee61c,True,utf-8-sig,1.0000,36,text; xml_candidate,,,,,,
ProjRep/000/000/000/001/506,ProjRep/000/000/000/001,506,,4096,fb7a357ed8b99790e06314de120234154c6550646f2ab8ebad3e8c03c036739c,False,,,,binary,,,,,,
ProjRep/000/000/000/001/507,ProjRep/000/000/000/001,507,,61440,64e022775b5c107d35db1b63184215b282c776b86aaae2caa2deab9a2ba55c0a,False,,,,binary,,,,,,
ProjRep/000/000/000/001/508,ProjRep/000/000/000/001,508,,3072,369caac2088bcf8e7b64c733506932f75ec4d531946546dcc74154bf288cbcde,False,,,,binary,,,,,,
ProjRep/000/000/000/001/509,ProjRep/000/000/000/001,509,,1465,afd3f68a3e977c36d5aab63af8926605eccb60e93690fe55d6c5cbcbf6eb0178,True,utf-8-sig,1.0000,36,text; xml_candidate,,,,,,
ProjRep/000/000/000/001/510,ProjRep/000/000/000/001,510,,4096,18702b658a0abde418678508e3d5c4831013eb1d734ccae7d29bcfc1ccf91420,False,,,,binary,,,,,,
ProjRep/000/000/000/001/511,ProjRep/000/000/000/001,511,,61440,044d380d554d093acf0f8d62c0401553eb63b79d2275771ece8803f398f68b78,False,,,,binary,,,,,,
ProjRep/000/000/000/001/512,ProjRep/000/000/000/001,512,,3072,3f36349ac94f42de8614b0a7a6614eef2e843e056784f32d11a6130423638cc2,False,,,,binary,,,,,,
ProjRep/000/000/000/001/513,ProjRep/000/000/000/001,513,,5626,81a56766404d7470446548c42f8d492fa096c0718c30ad45558d734ee5b0518d,True,utf-8-sig,1.0000,138,text; xml_candidate,,,,,,
ProjRep/000/000/000/001/514,ProjRep/000/000/000/001,514,,4096,eb91229a9e9adea1ad6bada886edd60835bea1e9e02d29272cd8f58159c90fd9,False,,,,binary,,,,,,
ProjRep/000/000/000/001/515,ProjRep/000/000/000/001,515,,68608,47c696cf38a3fd8cb065ec6ef2a168405253324990b4d0aa343923bdfdb18f06,False,,,,binary,,,,,,
ProjRep/000/000/000/001/516,ProjRep/000/000/000/001,516,,3072,5c9a452612306672215ae11cf06388fb3298f53c7d0a8d7929f23dc1472c8c8b,False,,,,binary,,,,,,
ProjRep/000/000/000/001/517,ProjRep/000/000/000/001,517,,5268,2625f980bebb895b10563335b4fc3d3a606ab81f4c465d82158cef1176b81fbb,True,utf-8-sig,1.0000,128,text; xml_candidate,,,,,,
ProjRep/000/000/000/001/518,ProjRep/000/000/000/001,518,,4096,5b8dd295e0a7e61a2eecb45a16880fb8d519bf036df93565c30d5fbd49be6b85,False,,,,binary,,,,,,
ProjRep/000/000/000/001/519,ProjRep/000/000/000/001,519,,53037,79164c985eb63aeaa883aafd6974208dec2302436eb18a4488227fc07a863e85,False,,,,binary,,,,,,
ProjRep/000/000/000/001/520,ProjRep/000/000/000/001,520,,2514,a01a0ad50a7e646022f214a23c166e0251fca5828feec328ba5c010e6c15c637,True,utf-8-sig,1.0000,64,text; xml_candidate,,,,,,
ProjRep/000/000/000/001/521,ProjRep/000/000/000/001,521,,4096,158bea780af58b8bd9d629f199b498d948c1c06800b6bfa28689027f80b702c6,False,,,,binary,,,,,,
ProjRep/000/000/000/001/522,ProjRep/000/000/000/001,522,,4,a4c3ed04a95a3da14a9d235c83d868bed7c0f45cf7f3faa751ee8f50598d2211,True,utf-8-sig,1.0000,1,text,,,,,,
ProjRep/000/000/000/001/523,ProjRep/000/000/000/001,523,,6115,60894dbae36c67daff3cfb27dc4924a94def1e8634fef817070319019e13b56a,True,utf-8-sig,1.0000,142,text; xml_candidate,,,,,,
ProjRep/000/000/000/001/524,ProjRep/000/000/000/001,524,,2405,66e0e6bdbf73b532f20554fe57771d74b32c74d823b36aba662e9b7609a6e630,True,utf-8-sig,1.0000,105,text; contains_control_flow,,,,Next,,
ProjRep/000/000/000/001/525,ProjRep/000/000/000/001,525,,32256,b63b0fa07a0f07f318ff5421154ce3635106a406e714e7582b4975518833e80c,False,,,,binary,,,,,,
ProjRep/000/000/000/001/526,ProjRep/000/000/000/001,526,,2560,f9424bd579dcde393237877bc2980b350e430766619d567734fc5c3fa5b27bd4,False,,,,binary,,,,,,
ProjRep/000/000/000/001/527,ProjRep/000/000/000/001,527,,5653,cf70f42499e13093d495709e631ea2901e1da680c46f38ade5a81f771511e9ec,True,utf-8-sig,1.0000,138,text; xml_candidate,,,,,,
ProjRep/000/000/000/001/528,ProjRep/000/000/000/001,528,,3072,03348dbe980798e1f504e20b52ee167ec37c761ea8d15845367f8775086caaf4,False,,,,binary,,,,,,
ProjRep/000/000/000/001/529,ProjRep/000/000/000/001,529,,4490,e9da83e48dea38bf2eb313968a5ee41b3096212b9426b38eb7d25954b4e81d3f,True,utf-8-sig,1.0000,108,text; xml_candidate,,,,,,
ProjRep/000/000/000/001/530,ProjRep/000/000/000/001,530,,4608,e78885dc725bf834f572744f8ea21c03eac0050c56058f33a18e41bcee97cb85,False,,,,binary,,,,,,
ProjRep/000/000/000/001/531,ProjRep/000/000/000/001,531,,2521,3dc16c51f4968c5737c0c031ba3a29f2eace39cd33d1b0d2f845c822f337b407,True,utf-8-sig,1.0000,62,text; xml_candidate,,,,,,
ProjRep/000/000/000/001/532,ProjRep/000/000/000/001,532,,5632,d938f26552a00145baccf398780e3355997c7745d40a5608d60dd5e1027c93d3,False,,,,binary,,,,,,
ProjRep/000/000/000/001/533,ProjRep/000/000/000/001,533,,5982,343bee608aec1221f5c4fcd7161683885429123e3a76306100ea3a7b8cc24838,True,utf-8-sig,1.0000,132,text; xml_candidate,,,,,,
ProjRep/000/000/000/001/534,ProjRep/000/000/000/001,534,,2750,a8dc3b71e422d84862a7865d5676807ebcdacdc0f1a9251c6a7b9335132477b6,True,utf-8-sig,1.0000,113,text; contains_control_flow,,,,Next,,
ProjRep/000/000/000/001/535,ProjRep/000/000/000/001,535,,8725,d0b764d69ca7653e34ecaf74ca8561426a144a1f495f6eae56407e95f8bbe381,False,,,,binary,,,,,,
ProjRep/000/000/000/001/536,ProjRep/000/000/000/001,536,,66,1f3fb556815d7bc287d96ba878e702877518d50870c13a6dfe48c975f1288646,True,utf-8-sig,1.0000,1,text,,,,,,
ProjRep/000/000/000/001/537,ProjRep/000/000/000/001,537,,5127,8b1ef1d3a9f79f92ece12e7c322baac80b365ad6c482bdd82e13b82603178dd0,True,utf-8-sig,1.0000,137,text; uft_script_candidate; contains_object_references; contains_control_flow,Browser(,Browser(,,If ; Else; For ; Next,,
ProjRep/000/000/000/001/538,ProjRep/000/000/000/001,538,,9584,e85348145dc376ae7bb1bca547647633aa802e80390d7bd44d6311bc01dc9e3d,True,utf-8-sig,1.0000,317,text; uft_script_candidate; contains_object_references; contains_control_flow; contains_function_or_sub,Browser(; Window(,Browser(,,If ; Else; For ; Next; While ,Function ,
ProjRep/000/000/000/001/539,ProjRep/000/000/000/001,539,,8,02a2d4d7206b41c3a44849ae9a4d10b3d5fe018509a156ddfb5cae76349c5c35,True,utf-8-sig,1.0000,1,text,,,,,,
ProjRep/000/000/000/001/540,ProjRep/000/000/000/001,540,,514,c6a90f94d38366815092604f974aa8f8721064c1d190824f0d7963403d61b776,True,utf-8-sig,1.0000,30,text,,,,,,
ProjRep/000/000/000/001/541,ProjRep/000/000/000/001,541,,4608,41302ae1a5a501d4d2ac7940c75c28ff7195a9ab80ed861725c8f4b911d41f3d,False,,,,binary,,,,,,
ProjRep/000/000/000/001/542,ProjRep/000/000/000/001,542,,5120,bd53b9f7f35750d83e3934e6d3edaabfa9d52390bf79304a718de4df42345b39,False,,,,binary,,,,,,
ProjRep/000/000/000/001/543,ProjRep/000/000/000/001,543,,71680,e7ddd98849d1b5c8be4475638fceaee5209a95b532e810fbf10835edf1a12a88,False,,,,binary,,,,,,
ProjRep/000/000/000/001/544,ProjRep/000/000/000/001,544,,3072,bf36256fb115416a0f59580daf6da91cca9e2bffd405b7262c5d1a3c55c8a624,False,,,,binary,,,,,,
ProjRep/000/000/000/001/545,ProjRep/000/000/000/001,545,,4096,af080e16d08ea26ca0f87004ea56c33e9b050202a4f83cb19b209a1a3ae5e332,False,,,,binary,,,,,,
ProjRep/000/000/000/001/546,ProjRep/000/000/000/001,546,,32256,94203631323046b42c3855dc308e1151ae99c86b2eac85eccbf8e8abff454d08,False,,,,binary,,,,,,
ProjRep/000/000/000/001/547,ProjRep/000/000/000/001,547,,2560,3f62f50637344891ffbe52d1b6bfc11bbd44a1639685e4435371ac4b5124cbcb,False,,,,binary,,,,,,
ProjRep/000/000/000/001/548,ProjRep/000/000/000/001,548,,4096,4e761602266711af6e419f7fc31ae61a80d7d38d37a0b7f083b1a0b64a0326fe,False,,,,binary,,,,,,
ProjRep/000/000/000/001/549,ProjRep/000/000/000/001,549,,68608,afe5d6b7c3ed69971ddce8ffac3696fa8d5224e395ed4b25edaaa4c7588c0b15,False,,,,binary,,,,,,
ProjRep/000/000/000/001/550,ProjRep/000/000/000/001,550,,3072,1bcd2823b4f504c79ea98aa89a7d000acba0409cc394ea45a3cef5833daa192d,False,,,,binary,,,,,,
ProjRep/000/000/000/001/551,ProjRep/000/000/000/001,551,,4468,d1c33065eb5429d5bc90bdb496804883ea3d4117daf18cada85b39081eb5d752,True,utf-8-sig,1.0000,108,text; xml_candidate,,,,,,
ProjRep/000/000/000/001/552,ProjRep/000/000/000/001,552,,4096,4ab3a474d1067fa086c5d0230172cb6aa8d6fdc13696c99646ed6a0340316883,False,,,,binary,,,,,,
ProjRep/000/000/000/001/553,ProjRep/000/000/000/001,553,,97273,f41ca299a41744d6c7da8c4603f373aaecdade428380a9ae26365efe08884c74,True,cp1250,1.0000,4039,text; contains_control_flow; contains_function_or_sub,,,,Then; For ; Do ,Function ,
ProjRep/000/000/000/001/554,ProjRep/000/000/000/001,554,,37376,a9b2457187f72ec97835a47b14ecfd647645195dfb160849d3e185bd93b68e96,False,,,,binary,,,,,,
ProjRep/000/000/000/001/555,ProjRep/000/000/000/001,555,,2560,ec18bddd25bec78d459531f08233701f37143f477303c2eaaa2a2655e2053c75,False,,,,binary,,,,,,
ProjRep/000/000/000/001/556,ProjRep/000/000/000/001,556,,1478,49ee1c4c6efd44d5776051b6610a5838929753e5b43968b85973341dade867d3,True,utf-8-sig,1.0000,36,text; xml_candidate,,,,,,
ProjRep/000/000/000/001/557,ProjRep/000/000/000/001,557,,4096,950bd009f048b943802dde1f286c5cf0c508b5942877b5067cd11f4427458aa5,False,,,,binary,,,,,,
ProjRep/000/000/000/001/558,ProjRep/000/000/000/001,558,,318,a645c8e0d62c91852e09c54b343e69d1893621c225d10f8cd68d9154baa911a7,False,,,,binary,,,,,,
ProjRep/000/000/000/001/559,ProjRep/000/000/000/001,559,,318,d9e81b0a2b6661310d0a3670c682fb154506d58488ba02cd89b80d2bcf67d459,False,,,,binary,,,,,,
ProjRep/000/000/000/001/560,ProjRep/000/000/000/001,560,,1078,264239eef36b597d49b24f4f837c655a772474355c0045c9feaa0eed32c71fe6,False,,,,binary,,,,,,
ProjRep/000/000/000/001/561,ProjRep/000/000/000/001,561,,1078,643fedd5062711d30ee7fe3cbfa354e56d248a8f6f92898885ccc8c0197d6902,False,,,,binary,,,,,,
ProjRep/000/000/000/001/562,ProjRep/000/000/000/001,562,,318,2a3dc804659030433f3afef4969beb07ab1022ca50edac1a4ecafd855eff6d64,False,,,,binary,,,,,,
ProjRep/000/000/000/001/563,ProjRep/000/000/000/001,563,,318,5f45c68eea2afdc753a16e7196e5d2f95d8474be689a060dd71b9f1b405de0f2,False,,,,binary,,,,,,
ProjRep/000/000/000/001/564,ProjRep/000/000/000/001,564,,1078,5f4d952fac091013c2e6a115fdd71a87a26951fea67ba3225d539fc0db6cf03f,False,,,,binary,,,,,,
ProjRep/000/000/000/001/565,ProjRep/000/000/000/001,565,,318,b5ea8240286ce09177ce5de6fc8f66f47a1ed1010ea5b112692d5cf85e2fece1,False,,,,binary,,,,,,
ProjRep/000/000/000/001/566,ProjRep/000/000/000/001,566,,318,9ee5d77155768752561c08fb60081f319d3bae704ce28e4e088c45a713df7228,False,,,,binary,,,,,,
ProjRep/000/000/000/001/567,ProjRep/000/000/000/001,567,,1078,c68ef76dad197018979e965877ccb9c7b477de7d49d8310106f1713464afabcb,False,,,,binary,,,,,,
ProjRep/000/000/000/001/568,ProjRep/000/000/000/001,568,,2126,031255eb2c06d5d498d4c930ef26001a9828f944906e9d9ffb465c382c92a5c5,True,utf-8-sig,1.0000,62,text; xml_candidate,,,,,,
ProjRep/000/000/000/001/569,ProjRep/000/000/000/001,569,,4096,f7ff303f98c8b10a5d9d65f6a075c984f70a881e36b2b2ed44afb1c56653e30e,False,,,,binary,,,,,,
ProjRep/000/000/000/001/570,ProjRep/000/000/000/001,570,,6205,39f29d0754e992f8f3fb1c51218030e2070abd54fc92e5ee0bbaceb28467dd3f,True,utf-8-sig,1.0000,131,text; xml_candidate,,,,,,
ProjRep/000/000/000/001/571,ProjRep/000/000/000/001,571,,4386,618f9cd53f61ae1eeaabbbf52c7f829c6b6316a6e7919b260d0104a723772655,True,utf-8-sig,1.0000,123,text; uft_script_candidate; contains_control_flow,Window(,,,If ; Else; For ,,
ProjRep/000/000/000/001/572,ProjRep/000/000/000/001,572,,4352,87535d6865d47b7b55ced1dea988c0c2cff0e19cb3e9ae16b3ba1f3426e34af7,True,utf-8-sig,1.0000,123,text; uft_script_candidate; contains_control_flow,Window(,,,If ; Else; For ,,
ProjRep/000/000/000/001/573,ProjRep/000/000/000/001,573,,425,689d9b557ca32dde342369523165a5f72b41bca7910342397ea57ea101c8d971,True,utf-8-sig,1.0000,30,text,,,,,,
ProjRep/000/000/000/001/574,ProjRep/000/000/000/001,574,,4096,c86864ca1bc8bde3f5c398aa0aeeb74dc31cab902072141bc7c1e19f07da229d,False,,,,binary,,,,,,
ProjRep/000/000/000/001/575,ProjRep/000/000/000/001,575,,19968,e97e5f292c462024b84c711629393468707ad6313100e1d27cc5d8a41ef46b20,False,,,,binary,,,,,,
ProjRep/000/000/000/001/576,ProjRep/000/000/000/001,576,,19968,f74f0f55796878647c064405ffb86f6f54a738ba8bbbe6853323692e0f94d4b8,False,,,,binary,,,,,,
ProjRep/000/000/000/001/577,ProjRep/000/000/000/001,577,,90573,82771732484452ed96181dccc3bac58b477bc6f225e2fb875c23cf153848f129,False,,,,binary,,,,,,
ProjRep/000/000/000/001/578,ProjRep/000/000/000/001,578,,19968,68c004dfee784f3ed988c956cb55e134b3d9f828a826894013be8c1e45627c2f,False,,,,binary,,,,,,
ProjRep/000/000/000/001/579,ProjRep/000/000/000/001,579,,19968,3c65f1195ecbb017d0b45b0c1bb2d038fd2666ab998301af4d07cb65888e485c,False,,,,binary,,,,,,
ProjRep/000/000/000/001/580,ProjRep/000/000/000/001,580,,19968,191567a70eab013fc1af40e1efcf5734b95e7ef3edcbda838bae5b5f738a7e94,False,,,,binary,,,,,,
ProjRep/000/000/000/001/581,ProjRep/000/000/000/001,581,,100581,698b3ab0ce726735c9f4901fbf726798115cf096aa059f23404331ff4fe0efde,False,,,,binary,,,,,,
ProjRep/000/000/000/001/582,ProjRep/000/000/000/001,582,,101287,934d49a291fcc5341258e494e00820b9764fd378724f51ffd28e03ab30064596,False,,,,binary,,,,,,
ProjRep/000/000/000/001/583,ProjRep/000/000/000/001,583,,19968,03fea9ff10072890ee002341db33a8e05d22bc10712e967b621fc3f3c967d420,False,,,,binary,,,,,,
ProjRep/000/000/000/001/584,ProjRep/000/000/000/001,584,,19968,e746c5f8a29f82334b4c97252d4c42339f3feca4cae071e99a37e201937f62b8,False,,,,binary,,,,,,
ProjRep/000/000/000/001/585,ProjRep/000/000/000/001,585,,5794,77fda3c68c4cca8936e1f59fd207ee8d95e1180c3ffcbebbadc6105c18ecea19,True,utf-8-sig,1.0000,121,text; xml_candidate,,,,,,
ProjRep/000/000/000/001/586,ProjRep/000/000/000/001,586,,1181,dc8863d1069a8ed2c5217df3ad7b95e29cdbca72855501adc02fa3de9a8cd7c1,True,utf-8-sig,1.0000,67,text,,,,,,
ProjRep/000/000/000/001/587,ProjRep/000/000/000/001,587,,37888,0bd77161f175a89a07d9faea530ab1f765d6d04fc466d106508222ac93e2f23d,False,,,,binary,,,,,,
ProjRep/000/000/000/001/588,ProjRep/000/000/000/001,588,,2560,f3059005eef68ec02f17b3dc0ffd0c84942f2a46931dd69471925b53978f2017,False,,,,binary,,,,,,
ProjRep/000/000/000/001/589,ProjRep/000/000/000/001,589,,1485,24e0eaa6db9b38b1d5bdbdb008048f6d8dc3be03c3f3a0a8a60fb44d16aa5f0b,True,utf-8-sig,1.0000,36,text; xml_candidate,,,,,,
ProjRep/000/000/000/001/590,ProjRep/000/000/000/001,590,,4096,2ede8fd903690c395cb49dca5880ce0316599c999a7ec0673bbca2a7609617dc,False,,,,binary,,,,,,
ProjRep/000/000/000/001/591,ProjRep/000/000/000/001,591,,1238,0918462accb8fef0fad790ee382a87ee6f74dcc479628e650747d1f785b041d3,True,utf-8-sig,1.0000,67,text,,,,,,
ProjRep/000/000/000/001/592,ProjRep/000/000/000/001,592,,1153,9142b872fec5d448dda49b03b910d4cb2ad9c9660963f545b9a15f9e42e6cd15,True,utf-8-sig,1.0000,64,text,,,,,,
ProjRep/000/000/000/001/593,ProjRep/000/000/000/001,593,,5692,c7e7da7f7f954ad15e4fd2dbf201a1758a2041cd85c8b4dc2a4ccc9ff089cea7,True,utf-8-sig,1.0000,132,text; xml_candidate,,,,,,
ProjRep/000/000/000/001/594,ProjRep/000/000/000/001,594,,1406,c9cb1a3e63b3bbaa8396f69c9ae43b92430139d08744bc98ec1a44e7072588db,False,,,,binary,,,,,,
ProjRep/000/000/000/001/595,ProjRep/000/000/000/001,595,,318,9c4bb1b6cb14adfa1eb0e96b0786170af5529b96eecc4727d9f81b380ab10b68,False,,,,binary,,,,,,
ProjRep/000/000/000/001/596,ProjRep/000/000/000/001,596,,951,c1651cc141592cd07fa64775bcf7d6ef7891e8e2e830a5288c17dd39ad0023f9,False,,,,binary,,,,,,
ProjRep/000/000/000/001/597,ProjRep/000/000/000/001,597,,7926,d54985c1c8c5afdb7df6db739c3bc97a1fce9de283b7381f45045faa281a9d3d,True,utf-8-sig,1.0000,202,text; xml_candidate,,,,,,
ProjRep/000/000/000/001/598,ProjRep/000/000/000/001,598,,63580,24b95c6d433b2752782eb0a5cb37d4b17a6c507a6be223bcae998ffbe1fd7b66,False,,,,binary,,,,,,
ProjRep/000/000/000/001/599,ProjRep/000/000/000/001,599,,20992,a97e3efa02438924660b0cfb4cd5d060ada75767705d05ce42a6bddef5389bc4,False,,,,binary,,,,,,
ProjRep/000/000/000/001/600,ProjRep/000/000/000/001,600,,268386,099c70de72351f3ae1545adeb33e8950ee3e1714c4d4864d746820caafd22448,False,,,,binary,,,,,,
ProjRep/000/000/000/001/601,ProjRep/000/000/000/001,601,,1951,7a03e9f056cf5e4bf309ee3b6c84060c20003b82573155729f8dbc145387811a,True,utf-8-sig,1.0000,46,text; xml_candidate,,,,,,
ProjRep/000/000/000/001/602,ProjRep/000/000/000/001,602,,63517,254bb4e78b163bdea0846d2180ae2e4236516aa36c14f6121c63b99f23bd32af,False,,,,binary,,,,,,
ProjRep/000/000/000/001/603,ProjRep/000/000/000/001,603,,20992,21403754aa1cebcf76362d0e1f0e2541f1af035ade6e38a079b881fa246c7a9f,False,,,,binary,,,,,,
ProjRep/000/000/000/001/604,ProjRep/000/000/000/001,604,,299516,a32e408ecbce9dd22342c4f9a4b030a144fadb5718d4359fe8d61d3d3dbaa861,False,,,,binary,,,,,,
ProjRep/000/000/000/001/605,ProjRep/000/000/000/001,605,,1981,61391cc8e90c5c79ec205acdccc511c402814e2db1f562297e4e59a0ac1691c3,True,utf-8-sig,1.0000,46,text; contains_control_flow; xml_candidate,,,,For ,,
ProjRep/000/000/000/001/606,ProjRep/000/000/000/001,606,,714,3394369d26536368787867f9f8624d02ed60e6d8df0114a2581a8f4a13b1ca72,True,utf-8-sig,1.0000,61,text,,,,,,
ProjRep/000/000/000/001/607,ProjRep/000/000/000/001,607,,1112,58c3243b104d5c9db6577c16f2b2d7eba6acfe0e95f1691190c79910b52a2469,True,utf-8-sig,1.0000,71,text,,,,,,
ProjRep/000/000/000/001/608,ProjRep/000/000/000/001,608,,1384,f211f8b7beb48c9d60325e41df053249f86fd2d0dd94dd1763355124355cd332,False,,,,binary,,,,,,
ProjRep/000/000/000/001/609,ProjRep/000/000/000/001,609,,413,9b43d98e494fe219a6646f1c3a6bc3c43213396d96e3720a59a9d3b412bf2363,True,utf-8-sig,1.0000,7,text; xml_candidate,,,,,,
ProjRep/000/000/000/001/610,ProjRep/000/000/000/001,610,,674,1bc5c4b24ebb1ea56b210e9568adca82c2d9bed42366a2d67f04a34fd74976cd,True,utf-8-sig,1.0000,31,text; contains_control_flow,,,,If ,,
ProjRep/000/000/000/001/613,ProjRep/000/000/000/001,613,,17788,b34aa2e1b2941eac4c25e7fd92b622d97c081f93aed944d0a8247d29c29928bd,True,utf-8-sig,1.0000,379,text; uft_script_candidate; contains_control_flow; contains_function_or_sub,Option Explicit; Reporter.ReportEvent,,,If ; Then; Else; End If; For ; Do ,Function ; End Function,
ProjRep/000/000/000/001/614,ProjRep/000/000/000/001,614,,196608,be55eafed796ea8e03bce8e01f68b1f0a549eba183063198ead5cb5c99dc5d39,False,,,,binary,,,,,,
ProjRep/000/000/000/001/615,ProjRep/000/000/000/001,615,,20480,a20e0faeffff5a3b259d592a58211589662aadb941bb64f274c03d45bf3e5190,False,,,,binary,,,,,,
ProjRep/000/000/000/001/616,ProjRep/000/000/000/001,616,,77312,3c2254d8dd3dd1e6a26c203a6c89c72eece8f7901272e86b7366880ce089671d,False,,,,binary,,,,,,
ProjRep/000/000/000/001/617,ProjRep/000/000/000/001,617,,8884,569557631738d01f58e087db5dfef444cca5133ab840ac1f73e5e9391953af87,True,utf-8-sig,1.0000,212,text; uft_script_candidate; contains_control_flow; contains_function_or_sub,Option Explicit,,,If ; Then; Else; End If; For ; Next; Do ; Select Case; End Select,Function ; End Function; Sub ; End Sub,
ProjRep/000/000/000/001/618,ProjRep/000/000/000/001,618,,9239,29118d75d5359daab8957e2ebe438754f860c0fda26534ac5acd0f0f1ce597ff,True,utf-8-sig,1.0000,232,text; xml_candidate,,,,,,
ProjRep/000/000/000/001/619,ProjRep/000/000/000/001,619,,81434,75e5a0bec39f1b5bb580845c3a5b57ececd457462d5592ee5806f7f2f5e39b9c,False,,,,binary,,,,,,
ProjRep/000/000/000/001/620,ProjRep/000/000/000/001,620,,20992,5531a2ff48ad83da0f84980380b57d0caf9a001b3ed91e220333c4201cdc023b,False,,,,binary,,,,,,
ProjRep/000/000/000/001/621,ProjRep/000/000/000/001,621,,319192,352823d4a37f6a8562833b1017cc2784bc3a66a3aacb6231d45d2b5c9649f4c7,False,,,,binary,,,,,,
ProjRep/000/000/000/001/622,ProjRep/000/000/000/001,622,,1951,b193ef393707030d90296b329048d5e0bb48f3dc0f505d12fd84ff0de35564ae,True,utf-8-sig,1.0000,46,text; xml_candidate,,,,,,
ProjRep/000/000/000/001/623,ProjRep/000/000/000/001,623,,81947,6df207ccecc32342934ab34b26e4835828f92c738ec2003520b3711b7e825e34,False,,,,binary,,,,,,
ProjRep/000/000/000/001/624,ProjRep/000/000/000/001,624,,22528,109c3b0b4dc43d6f5785adefa830c821d88bc3f30ac9ed030f3560242a2d3b78,False,,,,binary,,,,,,
ProjRep/000/000/000/001/625,ProjRep/000/000/000/001,625,,365482,79eb5f1e614da5b3cd8a820a7e0e1778f25615a4e63949ccbd5850b4e1695667,False,,,,binary,,,,,,
ProjRep/000/000/000/001/626,ProjRep/000/000/000/001,626,,1982,74855ba2a5fe198b395d33a2c99a8e203205a1923b0d475bd5c53fb4e2c20926,True,utf-8-sig,1.0000,46,text; contains_control_flow; xml_candidate,,,,For ,,
ProjRep/000/000/000/001/627,ProjRep/000/000/000/001,627,,10752,3cf4ad0b1a5df6ddfbb1b1eec28d39ebd596f026217e4fc8adf2c10068b9b467,False,,,,binary,,,,,,
ProjRep/000/000/000/001/628,ProjRep/000/000/000/001,628,,17739,5490215e2b2fdf6ee1ba08fabe45b108199b34760dc24ac72f45c7571ccfe7bc,True,utf-8-sig,1.0000,379,text; uft_script_candidate; contains_control_flow; contains_function_or_sub,Option Explicit; Reporter.ReportEvent,,,If ; Then; Else; End If; For ; Do ,Function ; End Function,
ProjRep/000/000/000/001/629,ProjRep/000/000/000/001,629,,409600,0700a05265e403f0366c788b0f9c99506c7786a6fb68222ad86f6010d945d31b,False,,,,binary,,,,,,
ProjRep/000/000/000/001/630,ProjRep/000/000/000/001,630,,5486,4f87af17f70b8d6936cfaaa07eb15cd5fe1caa77a9a1bbfd31ce260948262fa4,True,utf-8-sig,1.0000,94,text; uft_script_candidate; contains_control_flow; contains_function_or_sub,Option Explicit,,,Then; For ; Do ,Function ,
ProjRep/000/000/000/001/631,ProjRep/000/000/000/001,631,,22090,66da3a111610793d64e5455fecfe62cd198028ea716badba3e9987becd68b466,True,utf-8-sig,1.0000,433,text; uft_script_candidate; contains_control_flow; contains_function_or_sub,Option Explicit; Reporter.ReportEvent,,,If ; Then; Else; End If; For ; Do ,Function ; End Function,
ProjRep/000/000/000/001/632,ProjRep/000/000/000/001,632,,22085,1f7be36782e7f231e93ff96953d51bbf338c5d1752b7872c0c8b3649484e11b1,True,utf-8-sig,1.0000,433,text; uft_script_candidate; contains_control_flow; contains_function_or_sub,Option Explicit; Reporter.ReportEvent,,,If ; Then; Else; End If; For ; Do ,Function ; End Function,
ProjRep/000/000/000/001/633,ProjRep/000/000/000/001,633,,799,aa027a67dd376a3c0d032de50e4ae90cd242d698bb2927e2db3d5051f336cfaf,True,utf-8-sig,1.0000,24,text; uft_script_candidate; contains_control_flow; contains_function_or_sub,Option Explicit,,,Then; Do ,Function ; End Function,
ProjRep/000/000/000/001/634,ProjRep/000/000/000/001,634,,6565,dac2827522e9767454fd03fb773b4d87491822ded61dc15c56053349b83f24c3,True,utf-8-sig,1.0000,119,text; uft_script_candidate; contains_control_flow; contains_function_or_sub,Option Explicit,,,Then; For ; Do ,Function ; End Function,
ProjRep/000/000/000/001/635,ProjRep/000/000/000/001,635,,10280,96139f4d538b9e681ff41af17bddc97c881f216f1ac41c429438b16e25a79722,True,utf-8-sig,1.0000,182,text; uft_script_candidate; contains_control_flow; contains_function_or_sub,Option Explicit,,,If ; Then; For ; Do ,Function ; End Function,
ProjRep/000/000/000/001/636,ProjRep/000/000/000/001,636,,3782,a12d8ba248e413a6ef9d114c15116c8467f1c1bb6a0430224f86f2e5e3f137a2,True,utf-8-sig,1.0000,67,text; uft_script_candidate; contains_control_flow; contains_function_or_sub,Option Explicit,,,Then; For ; Do ,Function ,
ProjRep/000/000/000/001/637,ProjRep/000/000/000/001,637,,245760,292235366a6dc299970995c016e31c0397a985f40c9b3cf6bf33e793ec045c06,False,,,,binary,,,,,,
ProjRep/000/000/000/001/638,ProjRep/000/000/000/001,638,,10752,66931e35bdd03069f9bc9b49feed343b2962034586557b63edf143837875ce6f,False,,,,binary,,,,,,
ProjRep/000/000/000/001/639,ProjRep/000/000/000/001,639,,245760,02fc4d36d94236e028540ddea597ef183e5682a0380caddf78a8af29bd91dced,False,,,,binary,,,,,,
ProjRep/000/000/000/001/640,ProjRep/000/000/000/001,640,,245760,de18f11277adc2e7a4f4a74abe30c65efc03fdb742eb018d8aa468af575aac36,False,,,,binary,,,,,,
ProjRep/000/000/000/001/641,ProjRep/000/000/000/001,641,,10752,368e15a9ead04d38f7cbf9577ecd3e207b9d5e8a7a224913f60c50885a674275,False,,,,binary,,,,,,
ProjRep/000/000/000/001/642,ProjRep/000/000/000/001,642,,25594,023ef69cbacd99fb8af777c258342d1852cd8d0d0a8ff8ce014d0d1132919c72,True,utf-16,1.0000,241,text; uft_script_candidate; contains_control_flow; contains_function_or_sub,Option Explicit; Reporter.ReportEvent; Window(; Dialog(,,,If ; Then; Else; End If; For ; Do ; Select Case; End Select,Function ; End Function,
ProjRep/000/000/000/001/643,ProjRep/000/000/000/001,643,,5840,7c6117b1279584407fdda973040cae4a4083ef59d0981f618b3cab3ca9621e67,True,utf-8-sig,1.0000,116,text; uft_script_candidate; contains_control_flow; contains_function_or_sub,Option Explicit; Reporter.ReportEvent,,,If ; Then; Else; End If; For ; Do ,Function ; End Function,
ProjRep/000/000/000/001/644,ProjRep/000/000/000/001,644,,2832,6c2ae0861dd0bda959f2b679cdf8e23a961d7650455468cd368b3a47beb2d852,True,utf-8-sig,1.0000,64,text; uft_script_candidate; contains_control_flow; contains_function_or_sub,Option Explicit; Reporter.ReportEvent,,,If ; Then; Else; End If; For ; Do ,Function ; End Function,
ProjRep/000/000/000/001/645,ProjRep/000/000/000/001,645,,75168,97e3d9be6ddf21652b0aefa18bc81af6359d9001ac4f8a7fa4d46395bdfead13,True,utf-8-sig,1.0000,1753,text; uft_script_candidate; contains_control_flow; contains_function_or_sub,Window(,,,If ; Then; Else; End If; For ; Next; Do ; Loop; While ; Wend,Function ; End Function; Sub ; End Sub,
ProjRep/000/000/000/001/647,ProjRep/000/000/000/001,647,,640,b3854266645ad9f0733fe12b2e513113b372449e5a4558569432d2fd9039ed2d,True,utf-8-sig,1.0000,11,text; xml_candidate,,,,,,
ProjRep/000/000/000/001/652,ProjRep/000/000/000/001,652,,6563,753d0bdfec65f2257e244b5aa15da2eeb0b1bde18154ab0c855f18dcd186d01a,True,utf-8-sig,1.0000,119,text; uft_script_candidate; contains_control_flow; contains_function_or_sub,Option Explicit,,,Then; For ; Do ,Function ; End Function,
ProjRep/000/000/000/001/653,ProjRep/000/000/000/001,653,,297012,f701b0cbdf89ed6b4542c002e59040e4c10c7a8817d3b899f4bc9e06b3c8f032,True,utf-8-sig,1.0000,5706,text; uft_script_candidate; contains_object_references; contains_parameter_references; xml_candidate,Browser(,WebEdit(; WebList(; WebRadioGroup(; Page(; Browser(,DataTable(,,,
ProjRep/000/000/000/001/654,ProjRep/000/000/000/001,654,,672,6b902d24f8944def6568cc5d6463e670d0768c8f8a4f99d0efa8cdea3d43f485,True,utf-16,1.0000,12,text,,,,,,
ProjRep/000/000/000/001/655,ProjRep/000/000/000/001,655,,10752,8c55c883609ab7d387a3e29e591ba362974932d9b60268871d9a5fed9fa67f7d,False,,,,binary,,,,,,
ProjRep/000/000/000/001/656,ProjRep/000/000/000/001,656,,115688,bdf9190d25cee3de1ee187cdaf2d86019d4b389d612db959579f220c0912618d,True,utf-8-sig,1.0000,2522,text; xml_candidate,,,,,,
ProjRep/000/000/000/001/657,ProjRep/000/000/000/001,657,,628,6987d1f7a5d24a97256fd1a094fdd2149f2ebc048ae2c1fed972a8896e50cb07,True,utf-16,1.0000,12,text,,,,,,
ProjRep/000/000/000/001/658,ProjRep/000/000/000/001,658,,10752,dc1ce161e9f8ebc5f6c62a6b46e38f83556a4c3fd5bfac17ffa225a4aff49957,False,,,,binary,,,,,,
ProjRep/000/000/000/001/659,ProjRep/000/000/000/001,659,,213216,2caf9c9ebe10c1ce154ce8187b3018dd96ca1a966ae59b759aa58a1ed64ea5eb,True,utf-8-sig,1.0000,3978,text; uft_script_candidate; contains_object_references; contains_parameter_references; xml_candidate,Browser(,WebList(; Page(; Browser(,DataTable(,,,
ProjRep/000/000/000/001/660,ProjRep/000/000/000/001,660,,720,ea9b5f39774fa1020272eb5246ffdcf507f09a89b540d238a183d8d9c10bc8fd,True,utf-16,1.0000,12,text,,,,,,
ProjRep/000/000/000/001/661,ProjRep/000/000/000/001,661,,10752,907394171641b3e21521c02105b9787176404323e32c0bc728d676064d25ad9f,False,,,,binary,,,,,,
ProjRep/000/000/000/001/668,ProjRep/000/000/000/001,668,,2541,6966d89c33b7d78b0ae9f7b40b29f7187470e0291d9d9bc3cd9a392253b60b8e,False,,,,binary,,,,,,
ProjRep/000/000/000/001/669,ProjRep/000/000/000/001,669,,3638,a4d94825255df267e36e71adb2057acb926f0e823fc02fb3a1b60fd5bee81ede,False,,,,binary,,,,,,
ProjRep/000/000/000/001/670,ProjRep/000/000/000/001,670,,4240,f8a426ede02a5422a4d609b28462f5ff2b05d9f70cd5608ef1c4571a94d50691,False,,,,binary,,,,,,
ProjRep/000/000/000/001/671,ProjRep/000/000/000/001,671,,384,6914294afa2fdc3818abac46e81cd396ef57c803d42900edc01ef9a5e50e134b,True,utf-8-sig,1.0000,25,text,,,,,,
ProjRep/000/000/000/001/677,ProjRep/000/000/000/001,677,,1078,81b3268e8202c4d18aa2b2cfc60ca0cd48c19347568c6ec17cff10dadd452fe1,False,,,,binary,,,,,,
ProjRep/000/000/000/001/678,ProjRep/000/000/000/001,678,,1078,e298de3e12a935b555849f57e002cc8c7916ed4deb55f204a106fd63ca122948,False,,,,binary,,,,,,
ProjRep/000/000/000/001/679,ProjRep/000/000/000/001,679,,1078,852b4ff58e217eb690b1644d096d0a03466b1d8ff7307ebab3a2be06409dab3a,False,,,,binary,,,,,,
ProjRep/000/000/000/001/680,ProjRep/000/000/000/001,680,,1078,ecb5b79f9cfd6f8ab0401991cfc2f8fa957c08565ca4ca329ee08d7287c8c908,False,,,,binary,,,,,,
ProjRep/000/000/000/001/681,ProjRep/000/000/000/001,681,,1078,3314b469518d1efb1dad14973cce4bdac1f1e0dad0b3b223bf06a298f07d526b,False,,,,binary,,,,,,
ProjRep/000/000/000/001/682,ProjRep/000/000/000/001,682,,1078,0eea3d86d6016e48f55aaaa2670e6c87ac25e1201d166056646140d6574d49d9,False,,,,binary,,,,,,
ProjRep/000/000/000/001/683,ProjRep/000/000/000/001,683,,1078,d9a41c0ee8e44d9513aa5f866f8cc6e289b41fddf38c654fad5a757ce375a58e,False,,,,binary,,,,,,
ProjRep/000/000/000/001/684,ProjRep/000/000/000/001,684,,1078,c9851c955e4c3cfee53750eafd6237a9f11f0f2da62ab7e7b5fcee6e4f027a4e,False,,,,binary,,,,,,
ProjRep/000/000/000/001/685,ProjRep/000/000/000/001,685,,1078,50c00dd3cff171ec75c1bc643f1226aeb9e02ef0a7931fd0e91c8559d8633e3f,False,,,,binary,,,,,,
ProjRep/000/000/000/001/686,ProjRep/000/000/000/001,686,,1260,929e0a33efa057a7a5b015575e7ca3016a0e5ee732df365b4842f02712462f4a,True,utf-16,1.0000,21,text; contains_function_or_sub,,,,,Function ; End Function,
ProjRep/000/000/000/001/687,ProjRep/000/000/000/001,687,,197,dea5c76d90300ee85661ab99d2404b8f72a9986f6e86807d41a4df9b121a34ba,True,utf-8-sig,1.0000,4,text; xml_candidate,,,,,,
ProjRep/000/000/000/001/688,ProjRep/000/000/000/001,688,,1724,d6b306c774068094e9adb0be0f0714381bfc6218b4a7bd9da3e2fa160cac7de1,True,utf-8-sig,1.0000,80,text,,,,,,
ProjRep/000/000/000/001/689,ProjRep/000/000/000/001,689,,1366,f2bfe0b77312e15e1ef37fb536ddf32c3d36f58a86c73ce38d1306881789586b,True,utf-8-sig,1.0000,64,text,,,,,,
ProjRep/000/000/000/001/690,ProjRep/000/000/000/001,690,,1110,c13f8f4e4abe19d55a1062da5b25f7a93d6a9aa9d2c90ddc8681ec3f5c24e5ff,True,utf-8-sig,1.0000,39,text,,,,,,
ProjRep/000/000/000/001/691,ProjRep/000/000/000/001,691,,10624,98c02da9a2d7d4aa50f81fbc9ecb02e63a6c2e10301c6f77db03a7e1bbfcdeb1,False,,,,binary,,,,,,
ProjRep/000/000/000/001/692,ProjRep/000/000/000/001,692,,2707,d79640c74cecd3753a4f8a1afa071711abc58dc14121ba9620da35fad9f43d58,True,utf-8-sig,1.0000,114,text; contains_control_flow,,,,For ,,
ProjRep/000/000/000/001/693,ProjRep/000/000/000/001,693,,10313,2c1b9fb3d1c1bbdf1e0af3619a5982067a2cac4f606e5e01b7168bf1893fa762,False,,,,binary,,,,,,
ProjRep/000/000/000/001/694,ProjRep/000/000/000/001,694,,11938,7451c57d4068404ebcdf67bcd64ccbedd4e2e22fa98a4ab79c69c0ae49cc883c,True,utf-8-sig,1.0000,404,text; contains_control_flow,,,,Then,,
ProjRep/000/000/000/001/695,ProjRep/000/000/000/001,695,,3653632,9813baa7a0373a74747f16b53e257dade9a4d1cd7ff7f0a460d5b2e6d8e5b1b8,False,,,,binary,,,,,,
ProjRep/000/000/000/001/696,ProjRep/000/000/000/001,696,,1517,3a5a4fbb293216ff62ab1a7cd09b1358afea1a85bb54ef6e7ba5e3339ea49aa0,True,utf-8-sig,1.0000,71,text,,,,,,
ProjRep/000/000/000/001/697,ProjRep/000/000/000/001,697,,9224,dc4c55e872e179354a8f85e7b1b3c253503016ceb2482be5914863d8deb643ee,True,utf-8-sig,1.0000,212,text; xml_candidate,,,,,,
ProjRep/000/000/000/001/698,ProjRep/000/000/000/001,698,,14222,652cb027285de453e34a911860967ca5ac9ec3214dda07ec96140176379ef180,True,utf-8-sig,1.0000,846,text,,,,,,
ProjRep/000/000/000/001/699,ProjRep/000/000/000/001,699,,4090,e6387509361ea08ced0bb9854ceeb2f56d64527976b26464c2a71e738347e1b9,True,utf-8-sig,1.0000,50,text; contains_control_flow; xml_candidate,,,,Next,,
ProjRep/000/000/000/001/700,ProjRep/000/000/000/001,700,,580,227054a47275c90b9538ba55cdee4cf1dce08d0ab58e3a56ba962783d11a44a3,True,utf-8-sig,1.0000,16,text; xml_candidate,,,,,,
ProjRep/000/000/000/001/701,ProjRep/000/000/000/001,701,,688,3bad911dc46a4953bdcf353fbf09f55c7171bd20d7159a062746b1af9e4b7851,False,,,,binary,,,,,,
ProjRep/000/000/000/001/702,ProjRep/000/000/000/001,702,,918,4cd5d0af05e4bd9662cf401aca495d09e1e28c496c161bbe4e3a6b40da490733,True,utf-8-sig,1.0000,11,text; contains_control_flow; xml_candidate,,,,For ,,
ProjRep/000/000/000/001/703,ProjRep/000/000/000/001,703,,451,2a3753a6331c0244beb9bf6c135fb249c4765a7a8b1b92f0ce0eafb4a833e451,True,utf-8-sig,1.0000,13,text; xml_candidate,,,,,,
ProjRep/000/000/000/001/704,ProjRep/000/000/000/001,704,,46063,09176d792bd3a09821ae9661f4f7b3d5677cdd714d972e5a9f8fa910c3080d22,False,,,,binary,,,,,,
ProjRep/000/000/000/001/705,ProjRep/000/000/000/001,705,,1424,c942db29f110f6e0f994f62602837078b62a3564fe7437771f94f8274f6eec9d,True,cp1250,1.0000,38,text; contains_control_flow; xml_candidate,,,,If ,,
ProjRep/000/000/000/001/706,ProjRep/000/000/000/001,706,,656,7f8ecc5c35457f59b7eb7ef134fc2b35a89bd0f0980e4ee298043f2a8271710e,True,utf-8-sig,1.0000,18,text; xml_candidate,,,,,,
ProjRep/000/000/000/001/707,ProjRep/000/000/000/001,707,,2571,6b28cacc0d0dcfc4a3c5f0a5f778ef34c95f1992afaba1b1885dc503fc56c220,True,utf-8-sig,1.0000,93,text; contains_control_flow; xml_candidate,,,,For ,,
ProjRep/000/000/000/001/708,ProjRep/000/000/000/001,708,,3390,b8cc92c6614da73c7e0fff3c276b720c18b9ba732884491eba1c278a7aabacac,True,utf-8-sig,1.0000,30,text; contains_control_flow; xml_candidate,,,,Next,,
ProjRep/000/000/000/001/709,ProjRep/000/000/000/001,709,,3058,cbab49a62d882374bb5f57f2c0c9864e864c3c9da3c07890dae49753fde8c587,True,utf-16,0.8600,29,text,,,,,,
ProjRep/000/000/000/001/710,ProjRep/000/000/000/001,710,,26442,a5640b258bbca461e720e18cd600dae107fa368e798935a078dfcb68697805b1,False,,,,binary,,,,,,
ProjRep/000/000/000/001/711,ProjRep/000/000/000/001,711,,751,be72807f90531b6c04cb8553eb838042b1cb729803e691e6e32622578ab8c26c,False,,,,binary,,,,,,
ProjRep/000/000/000/001/712,ProjRep/000/000/000/001,712,,733,38143f4e5b68a297665d2369fec779bd07df32d56009b0c59ac8ad0f4b9f852c,False,,,,binary,,,,,,
ProjRep/000/000/000/001/713,ProjRep/000/000/000/001,713,,726,799ca1a41d1b39861e56968fe3a883568d1ba3f9910b0ffc99bc08cb3a4a45d3,False,,,,binary,,,,,,
ProjRep/000/000/000/001/714,ProjRep/000/000/000/001,714,,1451,be9afbca6966cc7046f0f8e32e7c05539a1bb884f60414a4bfd684b6d7dd2005,True,utf-8-sig,1.0000,27,text; contains_control_flow; xml_candidate,,,,If ,,
ProjRep/000/000/000/001/715,ProjRep/000/000/000/001,715,,679,ae50c6e0e983629c9246260a7b063ef94087024ef586a529ae5199d06b873677,False,,,,binary,,,,,,
ProjRep/000/000/000/001/716,ProjRep/000/000/000/001,716,,1386,24b0104cb6bf4151c824b42fcc45caede18b220e0762afb08c1a2977c8261a20,True,utf-8-sig,1.0000,34,text; xml_candidate,,,,,,
ProjRep/000/000/000/001/717,ProjRep/000/000/000/001,717,,1369,2e2bc0fe8f89e1b47e55df3a0af60529d479fae777de213989f2f05d8e9cd581,False,,,,binary,,,,,,
ProjRep/000/000/000/001/718,ProjRep/000/000/000/001,718,,330,af38a552e8860ca17ec5abaccd95fb5bd456c6afaf089a6bf92f5f3ecdf46119,True,utf-8-sig,1.0000,6,text; xml_candidate,,,,,,
ProjRep/000/000/000/001/719,ProjRep/000/000/000/001,719,,1386,da280e1840edfa5062eb13c59a6991c6c4a2fd7e59e3f102aa7005ac63dbbf7d,True,utf-8-sig,1.0000,34,text; xml_candidate,,,,,,
ProjRep/000/000/000/001/720,ProjRep/000/000/000/001,720,,806,acc5d22abcc6cce10b17d87c9dabe324dd8e5ffb5b5b69397db4b07120cfb2c0,False,,,,binary,,,,,,
ProjRep/000/000/000/001/721,ProjRep/000/000/000/001,721,,2689,31c0f33d3cdf4465f0305ae44ae6dcd7ef62681c68abb109c4b742e0b72163c3,True,utf-8-sig,1.0000,10,text; contains_control_flow; xml_candidate,,,,For ; Next,,
ProjRep/000/000/000/001/722,ProjRep/000/000/000/001,722,,227,9ae5a4414e5186e66b8994fe721089bc50e55d23387ef9af9be47319889d3bdc,False,,,,binary,,,,,,
ProjRep/000/000/000/001/723,ProjRep/000/000/000/001,723,,758,1546e18d980b5ad040cb094a4281f7c3a14a9bc872d6ac61301bce9fa6fbeb81,False,,,,binary,,,,,,
ProjRep/000/000/000/001/724,ProjRep/000/000/000/001,724,,1451,dc7353ff743d33b516ccb7925adb7f31dd1a16fb6aab331b2f738e0e6e791d96,True,utf-8-sig,1.0000,27,text; contains_control_flow; xml_candidate,,,,If ,,
ProjRep/000/000/000/001/725,ProjRep/000/000/000/001,725,,27000,ecbf3f8de9415309d512269a49e1329f4b6c3f9cadaf6f8e4f99f2a77c8bf6f1,False,,,,binary,,,,,,
ProjRep/000/000/000/001/726,ProjRep/000/000/000/001,726,,326,8abe29af29a30c674a69a528c4172706fc18095b45ccd11b071fdea1c08ef178,True,utf-8-sig,1.0000,10,text; xml_candidate,,,,,,
ProjRep/000/000/000/001/727,ProjRep/000/000/000/001,727,,1749,6a542248bf0f6b4fe4f5c55dbb47991a148efa72db39a915958af830a27d0708,True,utf-8-sig,1.0000,82,text,,,,,,
ProjRep/000/000/000/001/728,ProjRep/000/000/000/001,728,,1366,491f8b55721606455c7e203325041e0863099d852b7d7c29be285833680f284f,True,utf-8-sig,1.0000,64,text,,,,,,
ProjRep/000/000/000/001/729,ProjRep/000/000/000/001,729,,1110,4b8d37670706a23eebd35d662afe4d7ae01c362df9951bd79a9de5d7dfbe1900,True,utf-8-sig,1.0000,39,text,,,,,,
ProjRep/000/000/000/001/730,ProjRep/000/000/000/001,730,,11634,7194522d12aab94233eb5f724fbffeec5fcc196ded5ac50df2c66c02edf41d3c,False,,,,binary,,,,,,
ProjRep/000/000/000/001/731,ProjRep/000/000/000/001,731,,2733,c67b16751553ca834ce4b462edb87c6f440f3661596b5beb0f89560d6a254dfe,True,utf-8-sig,1.0000,116,text; contains_control_flow,,,,For ,,
ProjRep/000/000/000/001/732,ProjRep/000/000/000/001,732,,12931,046a06cd7ec0247691ab155f6da60372506ec4b86a966308f32ff8ffa4ed195d,False,,,,binary,,,,,,
ProjRep/000/000/000/001/733,ProjRep/000/000/000/001,733,,12723,c0304503643d0cbdaefe55967eedff8306ead36c1a8222cdec62e571a6fc56e4,True,utf-8-sig,1.0000,404,text; contains_control_flow,,,,Then,,
ProjRep/000/000/000/001/734,ProjRep/000/000/000/001,734,,4067328,f8304bb50b8d351003866254908f071b38c98153d7e1450faf4a58f7ee225a28,False,,,,binary,,,,,,
ProjRep/000/000/000/001/735,ProjRep/000/000/000/001,735,,1247,4bfc08cf1d7f2abfed2664c61ad8e9aaad13026b8ae89e1457b482cfd92060f8,True,utf-8-sig,1.0000,59,text,,,,,,
ProjRep/000/000/000/001/736,ProjRep/000/000/000/001,736,,10728,414dc20633201b0ccb451afdde0255ab7440fcd6fef44913c58ee0095cd38f95,True,utf-8-sig,1.0000,242,text; xml_candidate,,,,,,
ProjRep/000/000/000/001/737,ProjRep/000/000/000/001,737,,14503,b092b70aa2d65451a2c0ded38af6b0de315b241f7f41584d0027ba92d6f443e4,True,utf-8-sig,1.0000,849,text,,,,,,
ProjRep/000/000/000/001/738,ProjRep/000/000/000/001,738,,1382,4edfd89a7f92e8236897494582346e2d0003247fffde90a99e0fe3df8b520013,True,utf-8-sig,1.0000,34,text; xml_candidate,,,,,,
ProjRep/000/000/000/001/739,ProjRep/000/000/000/001,739,,1386,f5fbbb01eb6fc982e8abaf8f650709bbec89625c9618f5172671d6f45a37b91e,True,utf-8-sig,1.0000,34,text; xml_candidate,,,,,,
ProjRep/000/000/000/001/740,ProjRep/000/000/000/001,740,,132888,b8db0fbc03c9604444a7888472de5102285d46ebbf08f1d6e3299862fd787568,False,,,,binary,,,,,,
ProjRep/000/000/000/001/741,ProjRep/000/000/000/001,741,,2629,db6d3e58eef2258992a03062208cb05ecad7ae2556bb61027bd9a3c00af88388,True,utf-8-sig,1.0000,85,text; xml_candidate,,,,,,
ProjRep/000/000/000/001/742,ProjRep/000/000/000/001,742,,1706,ca30fde35f8297b12e470c7d40d7158b3042fd4ca264b968de15903c8bf09988,True,utf-8-sig,1.0000,73,text; xml_candidate,,,,,,
ProjRep/000/000/000/001/743,ProjRep/000/000/000/001,743,,1722,4b2556299059d4cb546d004f2cc12965da3e0cb065ece8d9aed304a2002b7d3e,True,utf-8-sig,1.0000,73,text; xml_candidate,,,,,,
ProjRep/000/000/000/001/744,ProjRep/000/000/000/001,744,,1722,d481e3a8fe51095857aad0337abc1b407b21d827ad1ed1d734fd2d67a375d6a4,True,utf-8-sig,1.0000,73,text; xml_candidate,,,,,,
ProjRep/000/000/000/001/745,ProjRep/000/000/000/001,745,,1754,e30964ea0cdd053f7dbbbfdd6346d33ae912082b3f8106bb0e2eb1e3f78bd4e4,True,utf-8-sig,1.0000,73,text; xml_candidate,,,,,,
ProjRep/000/000/000/001/746,ProjRep/000/000/000/001,746,,1706,dcea5b5979a2196a0a288bceb736e08b4d3cc9bdc2feff465b91a8c21bf8b4eb,True,utf-8-sig,1.0000,73,text; xml_candidate,,,,,,
ProjRep/000/000/000/001/747,ProjRep/000/000/000/001,747,,3412,099d965b62d0244edb529e21962c9f024b68d205da0b575218ba23b18c057d6b,True,utf-8-sig,1.0000,91,text; contains_control_flow; xml_candidate,,,,For ,,
ProjRep/000/000/000/001/748,ProjRep/000/000/000/001,748,,4309,135c1c1b73d5e8057d3fcacde65ae12e6de993733943be17b3ce118fc04fe942,True,utf-8-sig,1.0000,103,text; contains_control_flow; xml_candidate,,,,For ,,
ProjRep/000/000/000/001/749,ProjRep/000/000/000/001,749,,4315,dd8fe7d0b3c05d2b6cff769e3872d587f43bd0cd49ce630a947cda575604bbad,True,utf-8-sig,1.0000,103,text; contains_control_flow; xml_candidate,,,,For ,,
ProjRep/000/000/000/001/750,ProjRep/000/000/000/001,750,,3412,c5b4d8a04d82c4b2582abce30ce4c658c6bab530eabfb9e6d90d487e53c1d635,True,utf-8-sig,1.0000,91,text; contains_control_flow; xml_candidate,,,,For ,,
ProjRep/000/000/000/001/751,ProjRep/000/000/000/001,751,,3422,4dae962694b1df02e7657445cf85f8899365dcfecfd1fafdfbf6d2f423ba9b66,True,utf-8-sig,1.0000,91,text; contains_control_flow; xml_candidate,,,,For ,,
ProjRep/000/000/000/001/752,ProjRep/000/000/000/001,752,,2615,fe093f5cc30260b55957d7c237bc14f30cc92103f71b09f6405e6897b0f6c3a1,True,utf-8-sig,1.0000,85,text; xml_candidate,,,,,,
ProjRep/000/000/000/001/753,ProjRep/000/000/000/001,753,,2607,1e7314ff3054aacfe3b36c8a41fb49497a68469fec50fce8447bafedb202e963,True,utf-8-sig,1.0000,85,text; xml_candidate,,,,,,
ProjRep/000/000/000/001/754,ProjRep/000/000/000/001,754,,2613,c59be7f750f27af4aa201f5e9e6ae3e864d7107735a79ee1e2abb1bd865bffd6,True,utf-8-sig,1.0000,85,text; xml_candidate,,,,,,
ProjRep/000/000/000/001/755,ProjRep/000/000/000/001,755,,2629,ba6e9763a7fcd4a6fd9cb335a0bdb8d33da575722757ef4375c7ee52af8b6bac,True,utf-8-sig,1.0000,85,text; xml_candidate,,,,,,
ProjRep/000/000/000/001/756,ProjRep/000/000/000/001,756,,2661,3a7c37305e52c153221062bd7634835f224ee03531031d648d721b54898bf173,True,utf-8-sig,1.0000,85,text; xml_candidate,,,,,,
ProjRep/000/000/000/001/757,ProjRep/000/000/000/001,757,,10752,1c5be8040798de2b56577f12a3c84eef7296c6d3298c578dfd3234cf12198d78,False,,,,binary,,,,,,
ProjRep/000/000/000/001/764,ProjRep/000/000/000/001,764,,175,3160ec97c47002558f7ca047595c507bf273d2fb586a2d48a17570d095213958,True,utf-8-sig,1.0000,8,text,,,,,,
ProjRep/000/000/000/001/765,ProjRep/000/000/000/001,765,,486,7a0d339bd63f158ffc61cb3a928e189640240ec772ba2f916245b6dbda26cf4f,True,utf-8-sig,1.0000,10,text,,,,,,
ProjRep/000/000/000/001/766,ProjRep/000/000/000/001,766,,1016,988325f932c2dfd95223dba2a717591cf2ac547810641c4915ddb3727709e99b,True,utf-8-sig,1.0000,26,text,,,,,,
ProjRep/000/000/000/001/767,ProjRep/000/000/000/001,767,,560,7f9771999fb00ac5b4fe6c9daf418b104822e2ea0587f063c40e65c0c731d1cc,True,utf-8-sig,1.0000,16,text; xml_candidate,,,,,,
ProjRep/000/000/000/001/768,ProjRep/000/000/000/001,768,,225,ea933432892bdd9e7dce3c8f626e6ae26f6870dac5c5b6e13eb98e85ba4d59e7,True,utf-8-sig,1.0000,10,text,,,,,,
ProjRep/000/000/000/001/769,ProjRep/000/000/000/001,769,,467,ae930817a32a0bfdab870b484b71f0d8918a0287c3f165650605d7477aed29ee,True,utf-8-sig,1.0000,10,text,,,,,,
ProjRep/000/000/000/001/770,ProjRep/000/000/000/001,770,,557,455b23ffc07b5e3ba495139390c2375c37eb994894b7762474ec8bc7d636d26a,True,utf-8-sig,1.0000,16,text,,,,,,
ProjRep/000/000/000/001/771,ProjRep/000/000/000/001,771,,858,bab307e116803cdebacd9d25bb2b3617ece4e41dfa1626cdbb3c3b64a97f2c1f,True,utf-8-sig,1.0000,9,text; contains_control_flow; xml_candidate,,,,For ,,
ProjRep/000/000/000/001/772,ProjRep/000/000/000/001,772,,253,35c5b3969e45b25abea8486f4f9b5cc91d4a2436395dab76b168a79ff927a7de,True,utf-8-sig,1.0000,10,text,,,,,,
ProjRep/000/000/000/001/773,ProjRep/000/000/000/001,773,,472,910e704c66ab0480fbe27d5eda53d1ca39e443b288bea9e51d1f40de8dba5ad3,True,utf-8-sig,1.0000,10,text,,,,,,
ProjRep/000/000/000/001/774,ProjRep/000/000/000/001,774,,562,2ce62be4fffe1e3a174a2f34b237d538ea6b58f747dc4a859fb6c48ac21ea633,True,utf-8-sig,1.0000,16,text,,,,,,
ProjRep/000/000/000/001/775,ProjRep/000/000/000/001,775,,1392,e7275bbc7d4163c1a574e50a3fc4e43dc597309ec16628e51d1f3b4d277b18c9,True,utf-8-sig,1.0000,27,text; contains_control_flow; xml_candidate,,,,If ,,
ProjRep/000/000/000/001/776,ProjRep/000/000/000/001,776,,404,b9c4f8999b0d0a920073885165e506bc21ff34bea3322f03706b95715f32dc77,True,utf-8-sig,1.0000,11,text,,,,,,
ProjRep/000/000/000/001/777,ProjRep/000/000/000/001,777,,399,fd294111062b1102308343d86ef8aa0cfbb59b87e3efde675bd25cf1bbd188c4,True,utf-8-sig,1.0000,13,text,,,,,,
ProjRep/000/000/000/001/778,ProjRep/000/000/000/001,778,,130,4188a5c0d5ccdad5e4fc78351a2383b22eaa1ea0ef6112161e2b2a994a4af911,True,utf-8-sig,1.0000,2,text,,,,,,
ProjRep/000/000/000/001/779,ProjRep/000/000/000/001,779,,552,f4528727ba5a50ab4bc03a6377cd5a3acd0a057e62c3aca7efca6bfd2fef39f7,True,utf-8-sig,1.0000,16,text,,,,,,
ProjRep/000/000/000/001/780,ProjRep/000/000/000/001,780,,435,54adaa6ad2440de7b1358640a4cd2179300067411af53548b2dceb916678b6b1,True,utf-8-sig,1.0000,13,text; xml_candidate,,,,,,
ProjRep/000/000/000/001/781,ProjRep/000/000/000/001,781,,253,3a5a247812265ac630ca30e6bca0511227a72d3e96cec1a3edb6064b99d2fe6a,True,utf-8-sig,1.0000,10,text,,,,,,
ProjRep/000/000/000/001/782,ProjRep/000/000/000/001,782,,318,4b9a2116c8dec676492a0177ed1493544d0377dea5b3809cdd2f9f9a1faa6b74,True,utf-8-sig,1.0000,10,text,,,,,,
ProjRep/000/000/000/001/783,ProjRep/000/000/000/001,783,,401,86b59f7046543b8624f694fc3e796d0827630a0df054f1b3577ec9f8c3976e66,True,utf-8-sig,1.0000,14,text,,,,,,
ProjRep/000/000/000/001/784,ProjRep/000/000/000/001,784,,1341,9e198200d7bb3c098c3b7f04c2e0b1665f8f4c6a8c0d4312dd36c423c8d7c785,True,utf-8-sig,1.0000,34,text; xml_candidate,,,,,,
ProjRep/000/000/000/001/785,ProjRep/000/000/000/001,785,,165,35e9f1920f9d6d54f952d9a931dc7499ed522f8a8fb0682c149f50bb6e55f64e,True,utf-8-sig,1.0000,7,text,,,,,,
ProjRep/000/000/000/001/786,ProjRep/000/000/000/001,786,,313,dc2030ee4a9d1347bea674ae94b8b51b56c859f979f0bb909b963ea88c7940c8,True,utf-8-sig,1.0000,10,text,,,,,,
ProjRep/000/000/000/001/787,ProjRep/000/000/000/001,787,,396,881dbda3eeb774b5e4ff9f09a368b98edbbeac7ecb967e472490f355157cf051,True,utf-8-sig,1.0000,14,text,,,,,,
ProjRep/000/000/000/001/788,ProjRep/000/000/000/001,788,,1362,48b811ea37e211ef39fd92e45daa28aaa2d4110b4a7a7dac9425daf05e215b83,True,utf-8-sig,1.0000,40,text; contains_control_flow; xml_candidate,,,,If ,,
ProjRep/000/000/000/001/789,ProjRep/000/000/000/001,789,,324,0ce6338d87f69d755e127129b992b31380eafd478d1edd24cb20c16017791971,True,utf-8-sig,1.0000,11,text,,,,,,
ProjRep/000/000/000/001/790,ProjRep/000/000/000/001,790,,276,98a4d7746236764cd1d9b8a959364fd1f383fe6fe4eaef81ed30268112683143,True,utf-8-sig,1.0000,9,text,,,,,,
ProjRep/000/000/000/001/791,ProjRep/000/000/000/001,791,,262,189adb69d849d77d983eab54a8ea10ef660afe4973c3003a999797e56d065b48,True,utf-8-sig,1.0000,9,text,,,,,,
ProjRep/000/000/000/001/792,ProjRep/000/000/000/001,792,,628,a3d50b0137579f8835ae9e551e50b69bc9ba7586c2872ff481f4578d12861185,True,utf-8-sig,1.0000,18,text; xml_candidate,,,,,,
ProjRep/000/000/000/001/793,ProjRep/000/000/000/001,793,,164,847fef8981cf966e2d7e76ce6d88f27b91ca3c020af12b39a2082c712013cad3,True,utf-8-sig,1.0000,7,text,,,,,,
ProjRep/000/000/000/001/794,ProjRep/000/000/000/001,794,,264,00fa8ab5c62ca1bf03908021eaf8a915c2e0898dc9b0beab6680b62bfe71a1b7,True,utf-8-sig,1.0000,9,text,,,,,,
ProjRep/000/000/000/001/795,ProjRep/000/000/000/001,795,,283,a7e103e0629f3b1a6e2ddccd8ee81e37d6a4e7e09af4422d99885cbec36a0fc8,True,utf-8-sig,1.0000,11,text,,,,,,
ProjRep/000/000/000/001/796,ProjRep/000/000/000/001,796,,704,d6411e6c2e04eaf12fb882cd283429e07df90340cc7961532dc8d3ec9173c5d5,True,utf-8-sig,1.0000,12,text; xml_candidate,,,,,,
ProjRep/000/000/000/001/797,ProjRep/000/000/000/001,797,,164,a6dd9ea2ae0290d3706a09f75e3b9ab9d2c27ceb775e293b86946b23bd50dfc2,True,utf-8-sig,1.0000,7,text,,,,,,
ProjRep/000/000/000/001/798,ProjRep/000/000/000/001,798,,211,5e275d13f32dace95b2638b896fe1cbe777aed4ae4460fffc6eef7e3ea65beac,True,utf-8-sig,1.0000,8,text,,,,,,
ProjRep/000/000/000/001/799,ProjRep/000/000/000/001,799,,190870,cc7adf1a534f12295f545b490107d4a35fb962cb7332deebe7ea1fb86d2ef9dc,False,,,,binary,,,,,,
ProjRep/000/000/000/001/800,ProjRep/000/000/000/001,800,,3070,ec11f0c2681763be7f8160d9884b5e6bbe7bbdb402473ee45f72786f0e440ca6,False,,,,binary,,,,,,
ProjRep/000/000/000/001/801,ProjRep/000/000/000/001,801,,2726,a23497f22de19e6a7acbb8357e60bf24a6072a737c941f0b1854d7c4d5c8a938,False,,,,binary,,,,,,
ProjRep/000/000/000/001/802,ProjRep/000/000/000/001,802,,4737,382ffc53e8feac352af3152be8b2ba4a772ffd6190946b12db4c744ce2e6a82c,False,,,,binary,,,,,,
ProjRep/000/000/000/001/803,ProjRep/000/000/000/001,803,,6382,4df810864670889962dd9d562ae0c5af5a766ac7a5d898180e3d0f9a30da4e7c,False,,,,binary,,,,,,
ProjRep/000/000/000/001/804,ProjRep/000/000/000/001,804,,505,fe5d79dfc0053aa72b46d7c4d2270b63c3af0a935d889f77d9944f788bb6cbdb,True,utf-8-sig,1.0000,32,text,,,,,,
ProjRep/000/000/000/001/805,ProjRep/000/000/000/001,805,,409600,53bade7b1fc5c2ddfaff9c0c789bf3ae3b8a88a7f17b68fe8c1d250b2e19451f,False,,,,binary,,,,,,
ProjRep/000/000/000/001/806,ProjRep/000/000/000/001,806,,324,f449bfd0cf5a498173a2d570326c9cc5d2585651f88775794420b13cd2085084,True,utf-8-sig,1.0000,11,text,,,,,,
ProjRep/000/000/000/001/807,ProjRep/000/000/000/001,807,,484,4d517fa1970590c75e6d7929fc6e8259dce5ce2e12fae80422fc6ff90af6b69e,True,utf-8-sig,1.0000,10,text,,,,,,
ProjRep/000/000/000/001/808,ProjRep/000/000/000/001,808,,1047,5cc5ac9bf7f57cc4a2d6bbfc36c32a498dbd044cf809da4c47f1d0f5339b443b,True,utf-8-sig,1.0000,28,text,,,,,,
ProjRep/000/000/000/001/809,ProjRep/000/000/000/001,809,,225,043615d70d255f38fe8334642622eaf5fb599b9e60f01c90f749f938864d4bd1,True,utf-8-sig,1.0000,10,text,,,,,,
ProjRep/000/000/000/001/810,ProjRep/000/000/000/001,810,,467,95f8b395692ed2ccc5dc836675718e3dcacf4f2ace5054f7edcd52b152e86b70,True,utf-8-sig,1.0000,10,text,,,,,,
ProjRep/000/000/000/001/811,ProjRep/000/000/000/001,811,,590,9acc541737463711ea957b788fc32e910c4a28e5fb63a560b3a2b5bae62e823d,True,utf-8-sig,1.0000,18,text,,,,,,
ProjRep/000/000/000/001/812,ProjRep/000/000/000/001,812,,253,ad7422b5ef04dc666e07c1526f54e3b105f29f73b85964e0585169869903b345,True,utf-8-sig,1.0000,10,text,,,,,,
ProjRep/000/000/000/001/813,ProjRep/000/000/000/001,813,,472,e266188b5403a87d60cb8e15e85bad69a33f7ce892317265eb6741e93f23c6d1,True,utf-8-sig,1.0000,10,text,,,,,,
ProjRep/000/000/000/001/814,ProjRep/000/000/000/001,814,,595,785146d6e4c8015b983ad9dec709db627d8751e14e23fb00f2c2f63f3f2e65a8,True,utf-8-sig,1.0000,18,text,,,,,,
ProjRep/000/000/000/001/815,ProjRep/000/000/000/001,815,,404,74beb3201a0a5801ab41f61bee16d886908c04a6cf5c0f3d6742bf61dfdb0182,True,utf-8-sig,1.0000,11,text,,,,,,
ProjRep/000/000/000/001/816,ProjRep/000/000/000/001,816,,399,fa7635f623f2262ded0f185b604aac92ea75376e062fc8655ab80270fa20b188,True,utf-8-sig,1.0000,13,text,,,,,,
ProjRep/000/000/000/001/817,ProjRep/000/000/000/001,817,,127,339819f8532b0ee262b1d14f9069c3c3908824eac6c3c23c8022e697b44b3717,True,utf-8-sig,1.0000,2,text,,,,,,
ProjRep/000/000/000/001/818,ProjRep/000/000/000/001,818,,585,52b8bf11f1c0c33eee5b8cfe21a8ac2437ab2b733b6abe770476e4afcfef6ad1,True,utf-8-sig,1.0000,18,text,,,,,,
ProjRep/000/000/000/001/819,ProjRep/000/000/000/001,819,,253,eb4fa35d224659275d527c7785f6e079e0400637b99c26e52588eeb44612d477,True,utf-8-sig,1.0000,10,text,,,,,,
ProjRep/000/000/000/001/820,ProjRep/000/000/000/001,820,,318,ff562e2eeb793bc0722f0ce4fec732b7abfa0ca570a0632d6386a68d0a9ae8d1,True,utf-8-sig,1.0000,10,text,,,,,,
ProjRep/000/000/000/001/821,ProjRep/000/000/000/001,821,,1338,7026f6f96ef9c492e5f3776c68f377f6b92a83be92ee7d28ec96de480bbf0974,True,utf-8-sig,1.0000,34,text; xml_candidate,,,,,,
ProjRep/000/000/000/001/822,ProjRep/000/000/000/001,822,,165,5bbe16f7808d702b6683463742c088fb4c0e96ce82bd6e38c8675ba97de277a5,True,utf-8-sig,1.0000,7,text,,,,,,
ProjRep/000/000/000/001/823,ProjRep/000/000/000/001,823,,313,03952309c8ed637495a7a0a3b486cce28c8fab4fbdf0a6a8afb69c1eb88f66fa,True,utf-8-sig,1.0000,10,text,,,,,,
ProjRep/000/000/000/001/824,ProjRep/000/000/000/001,824,,324,210d74f433c9e2b722f2c071e8d184e69702336528938b92d5055956ffd0e753,True,utf-8-sig,1.0000,11,text,,,,,,
ProjRep/000/000/000/001/825,ProjRep/000/000/000/001,825,,295,db94d56e3bacdcc24d31192087c5ff68a6827284cb33639ef2ac64df6c253b1b,True,utf-8-sig,1.0000,11,text,,,,,,
ProjRep/000/000/000/001/826,ProjRep/000/000/000/001,826,,164,5adc1a169758efff763969ea045ee5bcaab78160fdd909cead4467af62b9ba8d,True,utf-8-sig,1.0000,7,text,,,,,,
ProjRep/000/000/000/001/827,ProjRep/000/000/000/001,827,,164,81a73dae17ef91ce08629fe88a19b3f35da5daf5799d81eec875771f7fd69005,True,utf-8-sig,1.0000,7,text,,,,,,
ProjRep/000/000/000/001/828,ProjRep/000/000/000/001,828,,253,0cfb8c16a5455e433a88639bd6a376f1e5d770dfb5167fbc30440f98ab7ae3fa,True,utf-8-sig,1.0000,10,text,,,,,,
ProjRep/000/000/000/001/829,ProjRep/000/000/000/001,829,,315,15c4992822e051306fc4c6c5183a73d7c65020701952e59e230667d5f529636b,True,utf-8-sig,1.0000,10,text,,,,,,
ProjRep/000/000/000/001/830,ProjRep/000/000/000/001,830,,1042,a75465207b78d687a9765489fd234feb8eb68b7cd1e1bc755740b20566f3a72a,True,utf-8-sig,1.0000,28,text,,,,,,
ProjRep/000/000/000/001/831,ProjRep/000/000/000/001,831,,1341,0a2d0f7fa48a1f437024218bc6b02e14d5c6efd4aa0e504e4fa8bc329ac095ba,True,utf-8-sig,1.0000,34,text; xml_candidate,,,,,,
ProjRep/000/000/000/001/832,ProjRep/000/000/000/001,832,,165,333948092a9308989e00811ec71d4f65a000d753e6b93a03a69a0c4694ac02e1,True,utf-8-sig,1.0000,7,text,,,,,,
ProjRep/000/000/000/001/833,ProjRep/000/000/000/001,833,,310,be0e7eda26879de1fa793320c0a47b5e60a215fb8d912dc1392d1d7b72825aff,True,utf-8-sig,1.0000,10,text,,,,,,
ProjRep/000/000/000/001/834,ProjRep/000/000/000/001,834,,1037,003488dbcef57858ac4e157911d1de1073fbc5ca844f2af113d8d70c541e0fac,True,utf-8-sig,1.0000,28,text,,,,,,
ProjRep/000/000/000/001/835,ProjRep/000/000/000/001,835,,270,18ee83a7d862fc3636391c8388d6ebc9a5c06be82dc73ca7837fda568fd6cda3,True,utf-8-sig,1.0000,11,text,,,,,,
ProjRep/000/000/000/001/836,ProjRep/000/000/000/001,836,,322,c4b5f37ed4b6d0d161a1807c0259b82bba4f683d0c769f65fa4fe3ab6ece4575,True,utf-8-sig,1.0000,10,text; xml_candidate,,,,,,
ProjRep/000/000/000/001/837,ProjRep/000/000/000/001,837,,6778,0213dd6c2df0e5f1878cc48b4d03a58692626866fa138f31a15a1933b29930d1,False,,,,binary,,,,,,
ProjRep/000/000/000/001/838,ProjRep/000/000/000/001,838,,147,9ab4c179581e3e04d1a81605907178b7fc5c9c06cd19092e0248edb465751dad,True,utf-8-sig,1.0000,6,text,,,,,,
ProjRep/000/000/000/001/839,ProjRep/000/000/000/001,839,,188,2b5c923e9c4dd38505db8d47a6168ee20f72731c349917e7e09fa6295dd8a683,True,utf-8-sig,1.0000,8,text,,,,,,
ProjRep/000/000/000/001/840,ProjRep/000/000/000/001,840,,116,a909019e8eeeb2e650f87b0b3473a9425b9264ee764b43d14d464a69c011a7cb,True,utf-8-sig,1.0000,12,text,,,,,,
ProjRep/000/000/000/001/841,ProjRep/000/000/000/001,841,,145,3608c573b7f59b6739e934d454be630616e1c08cf8c0525907ba59448963ae85,True,utf-8-sig,1.0000,15,text,,,,,,
ProjRep/000/000/000/001/842,ProjRep/000/000/000/001,842,,59,e3d830c5e423ee3275db02d966e06ff74fb7e64f636fffcbc509ee7c3ec84675,True,utf-8-sig,1.0000,6,text,,,,,,
ProjRep/000/000/000/001/843,ProjRep/000/000/000/001,843,,89,cb1febeace2a5b828f7987ab5901a2633ee32de5956696a988a4a1188e18ed0f,True,utf-8-sig,1.0000,9,text,,,,,,
ProjRep/000/000/000/001/844,ProjRep/000/000/000/001,844,,61,623045ecb0dc8fff4c6fbd5f95f3894c7265f5babfa26f6d929856ecf996616c,True,utf-8-sig,1.0000,6,text,,,,,,
ProjRep/000/000/000/001/845,ProjRep/000/000/000/001,845,,92,ca00d1ddc9b9affcabecbb2e93d60d25bb1aee4b0c135b84a24e828dcb52f333,True,utf-8-sig,1.0000,9,text,,,,,,
ProjRep/000/000/000/001/846,ProjRep/000/000/000/001,846,,175,5cb57e71d2d4803f75fc27b35411bd3e5f29adf4a5d3aa7885b8b5549c29e4ac,True,utf-8-sig,1.0000,8,text,,,,,,
ProjRep/000/000/000/001/847,ProjRep/000/000/000/001,847,,1078,ad5411a859f5b6d9769055785211a6cdd676b5e52b2aa31548315ca8836c841a,False,,,,binary,,,,,,
ProjRep/000/000/000/001/848,ProjRep/000/000/000/001,848,,61,88e1e4a11302e5fd87018172703984db61f7c747753ca0479d38e0f4831e5912,True,utf-8-sig,1.0000,1,text; xml_candidate,,,,,,
ProjRep/000/000/000/001/852,ProjRep/000/000/000/001,852,,2375,8a408c02b7b25173cc055c5d6c33e59072637ad8c0c91f48475a8707c276c0d4,True,utf-8-sig,1.0000,92,text,,,,,,
ProjRep/000/000/000/001/853,ProjRep/000/000/000/001,853,,196,67bbbebb51ca1bf7093b1f3309f8eebe3061f1b43608d74c41360bdb5889d0b0,True,utf-8-sig,1.0000,13,text,,,,,,
ProjRep/000/000/000/001/854,ProjRep/000/000/000/001,854,,256,0ae820aa416d82bee955890af4b6f072ad4a9bcb95dd2f5e2c45e54af3417ded,True,utf-8-sig,1.0000,9,text; contains_control_flow,,,,Then,,
ProjRep/000/000/000/001/855,ProjRep/000/000/000/001,855,,5394,494f69f2410c174dcd01459b40146ad3208909f44f1e286db265534882a89149,True,utf-8-sig,1.0000,195,text,,,,,,
ProjRep/000/000/000/001/856,ProjRep/000/000/000/001,856,,1580,ff03d811435dc6a9f3963544dc90cef9241d43be17fbd8c107fcea349f011509,True,utf-8-sig,1.0000,63,text,,,,,,
ProjRep/000/000/000/001/857,ProjRep/000/000/000/001,857,,19731,2631d276125ce34d072e038387dd1bafdd080d3a3ece999eef94f3593770402b,True,utf-8-sig,1.0000,241,text; contains_control_flow,,,,Next,,
ProjRep/000/000/000/001/858,ProjRep/000/000/000/001,858,,404,6510d3747761d8b1858a7811439af930a8c31108e3471830ccc68de49b4a1a0a,True,utf-8-sig,1.0000,11,text,,,,,,
ProjRep/000/000/000/001/859,ProjRep/000/000/000/001,859,,497,ee160982f99197572f39002df0a978bf065d07ce7ca60f9e9d6184d9ef2943ab,True,utf-8-sig,1.0000,13,text,,,,,,
ProjRep/000/000/000/001/860,ProjRep/000/000/000/001,860,,130,bf6f908474788c98eec5f5b1426185268d6bf08efc2b9157976c6b19bd5b0c80,True,utf-8-sig,1.0000,2,text,,,,,,
ProjRep/000/000/000/001/861,ProjRep/000/000/000/001,861,,294,0d165f8b77f60b2d95cfecde8b2d4bab2e18c249c9a45b56992d1c992f69294c,True,utf-8-sig,1.0000,12,text,,,,,,
ProjRep/000/000/000/001/862,ProjRep/000/000/000/001,862,,164,60cdac948170e71723b0d9cff4eeee1c79492eb902eab117bf3a533a4c5ad877,True,utf-8-sig,1.0000,7,text,,,,,,
ProjRep/000/000/000/001/863,ProjRep/000/000/000/001,863,,329,d45f893797614552b34d3213448f838f253e3838f9dc2d0dbd526b363bb24d99,True,utf-8-sig,1.0000,10,text; contains_control_flow,,,,If ,,
ProjRep/000/000/000/001/864,ProjRep/000/000/000/001,864,,302,05f62a009005188fd7183ed766a6c2c3d3be54be99eda6ad2fc2c43907762306,True,utf-8-sig,1.0000,12,text,,,,,,
ProjRep/000/000/000/001/865,ProjRep/000/000/000/001,865,,253,df3f76490197171e5097af040c359a05194445c08fd8b05245c2ab4c7fe3952a,True,utf-8-sig,1.0000,10,text,,,,,,
ProjRep/000/000/000/001/866,ProjRep/000/000/000/001,866,,416,674dc4ccb0fc4b60e41b80ab0bb8988cf5b6e5b2f774218efd75b2bbb421022c,True,utf-8-sig,1.0000,10,text,,,,,,
ProjRep/000/000/000/001/867,ProjRep/000/000/000/001,867,,286,48578eb087458b319b92b2ce738f10bd046d31318b6db8bf74d207a44111bbeb,True,utf-8-sig,1.0000,12,text,,,,,,
ProjRep/000/000/000/001/868,ProjRep/000/000/000/001,868,,167,803a06639c764ee5c7e2269bd604b6776b241463da5bdcc3d42d8f9e22f601c8,True,utf-8-sig,1.0000,7,text,,,,,,
ProjRep/000/000/000/001/869,ProjRep/000/000/000/001,869,,326,48559052dedd4f7a75a2e2f1561ea7caa39d5822fc7055501821d437fd558e42,True,utf-8-sig,1.0000,10,text,,,,,,
ProjRep/000/000/000/001/870,ProjRep/000/000/000/001,870,,307,df90f7b62db1b8ca766c6744270c3e4052248f3212792f5d553fb67448348e8e,True,utf-8-sig,1.0000,12,text,,,,,,
ProjRep/000/000/000/001/871,ProjRep/000/000/000/001,871,,165,011c216704e6d3b7497b5cdb37c3c9e5a4fdfa6875698e9935c681ec1e0993bf,True,utf-8-sig,1.0000,7,text,,,,,,
ProjRep/000/000/000/001/872,ProjRep/000/000/000/001,872,,411,291696b75d3a652b40c8ec56e40c379bde2b1af4483d2c726fcaa9dbefdb5374,True,utf-8-sig,1.0000,10,text,,,,,,
ProjRep/000/000/000/001/873,ProjRep/000/000/000/001,873,,281,db3f90c051e078fa1c928143a662f72c8b2db3fcff7f4207aeaa76ba69298b40,True,utf-8-sig,1.0000,12,text,,,,,,
ProjRep/000/000/000/001/874,ProjRep/000/000/000/001,874,,324,e4cb20ba353a4820392dc05066b73ce2b1cbd82825d0938d1cbebfe350312274,True,utf-8-sig,1.0000,11,text,,,,,,
ProjRep/000/000/000/001/875,ProjRep/000/000/000/001,875,,374,92daac106b5861bd4a6df6194718e15e45fd2d8c3703096bf3a5a4cc66592ef3,True,utf-8-sig,1.0000,9,text,,,,,,
ProjRep/000/000/000/001/876,ProjRep/000/000/000/001,876,,295,77fb366249c2393fb05758d64c2c89587d8f4cf7d1a285d24e3cef5f8911289e,True,utf-8-sig,1.0000,12,text,,,,,,
ProjRep/000/000/000/001/877,ProjRep/000/000/000/001,877,,165,7991f0766b0b274958fb254f67c17fa703cf18ddc507cb2698186406e6b9afb4,True,utf-8-sig,1.0000,7,text,,,,,,
ProjRep/000/000/000/001/878,ProjRep/000/000/000/001,878,,301,ce1a62c76124f00501dc4a29a0c4b0cf62aa59cf7f6b2f066dbfed37077e64b0,True,utf-8-sig,1.0000,9,text; contains_control_flow,,,,If ,,
ProjRep/000/000/000/001/879,ProjRep/000/000/000/001,879,,253,cf862daac7c1b13eda5e3aa34fa8f33151c1c84c9566ad67340e72736174d377,True,utf-8-sig,1.0000,10,text,,,,,,
ProjRep/000/000/000/001/880,ProjRep/000/000/000/001,880,,413,2e3cccaedf55d5e0911722d198c58de0eaa1b28c82a21b7f30603bdcc7e83364,True,utf-8-sig,1.0000,10,text,,,,,,
ProjRep/000/000/000/001/881,ProjRep/000/000/000/001,881,,290,f29f8f12d7011278a929ef554c23d2b370a7e84ff542065eae23caaeddc958c1,True,utf-8-sig,1.0000,12,text,,,,,,
ProjRep/000/000/000/001/882,ProjRep/000/000/000/001,882,,165,2d90a5f471564797bd43fbd3d7a05006b656945d2730a937d8c0fe6597e32a26,True,utf-8-sig,1.0000,7,text,,,,,,
ProjRep/000/000/000/001/883,ProjRep/000/000/000/001,883,,408,b64bd3864379dda662091540d76196fc92878e86f334a3a8b66e51a8b43b201c,True,utf-8-sig,1.0000,10,text,,,,,,
ProjRep/000/000/000/001/884,ProjRep/000/000/000/001,884,,285,5d7dc0cdf43dd6c0f26c5db2de3d2769feae52e5cee02346db2fcbc87313b305,True,utf-8-sig,1.0000,12,text,,,,,,
ProjRep/000/000/000/001/885,ProjRep/000/000/000/001,885,,324,f68cce9080e1c39b5da60d50a9161f4a361da873ad18f1af9397cc9c92abe639,True,utf-8-sig,1.0000,11,text,,,,,,
ProjRep/000/000/000/001/886,ProjRep/000/000/000/001,886,,561,723ae8bb8240d3968e23e4aee67f375adea964d08300fb6acbb85ec33c800c03,True,utf-8-sig,1.0000,10,text,,,,,,
ProjRep/000/000/000/001/887,ProjRep/000/000/000/001,887,,296,eae3ad9feb5cd6fe20fdcac31f7068154912a2e878343dd9b0e5bbfb6ff137f7,True,utf-8-sig,1.0000,12,text,,,,,,
ProjRep/000/000/000/001/888,ProjRep/000/000/000/001,888,,308,7c475a5abac7942865773efc8fb032ca772e1df5845232f8e5549d072d465200,True,utf-8-sig,1.0000,12,text,,,,,,
ProjRep/000/000/000/001/889,ProjRep/000/000/000/001,889,,164,73afc6afd689353207c4ef868d921986872a9e0c11dffb06c989d63d0070b8b3,True,utf-8-sig,1.0000,7,text,,,,,,
ProjRep/000/000/000/001/890,ProjRep/000/000/000/001,890,,362,9f5253f7bef68de18ecfa2016f12535deb2aedb9403bc90f6d3caaad85ef91e2,True,utf-8-sig,1.0000,9,text,,,,,,
ProjRep/000/000/000/001/891,ProjRep/000/000/000/001,891,,164,d5868b9b3417641fb3dca1d794e110717a1327dcde55856e1aa31708cf8fca58,True,utf-8-sig,1.0000,7,text,,,,,,
ProjRep/000/000/000/001/892,ProjRep/000/000/000/001,892,,467,6474627c33b066da694e18a0c4e6c731b9f6c77c23ea81eaac2922ae070a9df5,True,utf-8-sig,1.0000,10,text; contains_control_flow,,,,If ,,
ProjRep/000/000/000/001/893,ProjRep/000/000/000/001,893,,310,51d1bc254239bd2bdf68a89042c691bb92e03077dba7980a644830e063cda92f,True,utf-8-sig,1.0000,12,text,,,,,,
ProjRep/000/000/000/001/894,ProjRep/000/000/000/001,894,,408,087af6da0885fe6cc3a91db54db27da085e1ae394aef06e1e6070c5348c367a0,True,utf-8-sig,1.0000,11,text,,,,,,
ProjRep/000/000/000/001/895,ProjRep/000/000/000/001,895,,664,26fb8a402d526e88ac6d5b35207c71a82f10668e5da646e5105223b61d370ddd,True,utf-8-sig,1.0000,13,text,,,,,,
ProjRep/000/000/000/001/896,ProjRep/000/000/000/001,896,,388,f09649cdda35670806625adc72d7649c79c8fbcf4f01c94657ef00eb47689999,True,utf-8-sig,1.0000,4,text,,,,,,
ProjRep/000/000/000/001/897,ProjRep/000/000/000/001,897,,306,1641407c3e087976c311871868c50fae4b8ee82e5f19f00e37bdb3f41dfeca57,True,utf-8-sig,1.0000,12,text,,,,,,
ProjRep/000/000/000/001/898,ProjRep/000/000/000/001,898,,253,a1f676a5b5777df58422bedcb5ab5e58a07176058b21a7b7751fe1dd0f4888f6,True,utf-8-sig,1.0000,10,text,,,,,,
ProjRep/000/000/000/001/899,ProjRep/000/000/000/001,899,,664,04615c5436b5a2dde9fc51930f5d3c4df6866abab121e49d61fe2c66d8a0f609,True,utf-8-sig,1.0000,13,text,,,,,,
ProjRep/000/000/000/001/900,ProjRep/000/000/000/001,900,,187,a9902e5c3bfd9f443ca627d6fecef007d6531b1c276dab94fe5da009ebb09e16,True,utf-8-sig,1.0000,2,text,,,,,,
ProjRep/000/000/000/001/901,ProjRep/000/000/000/001,901,,306,08dfebfd8ddee45244b8125b81d4c5326915334e75e5566e827122475f1bf616,True,utf-8-sig,1.0000,12,text,,,,,,
ProjRep/000/000/000/001/902,ProjRep/000/000/000/001,902,,408,3050cbd4ead1b3d87122da761a4d4c2c5924b75eff6b1649e76107a2c9966741,True,utf-8-sig,1.0000,11,text,,,,,,
ProjRep/000/000/000/001/903,ProjRep/000/000/000/001,903,,566,6f11b32bc5e083dbd1191e891b7c1a2814b7b480a5ef955a7c4075e27ab736a4,True,utf-8-sig,1.0000,13,text,,,,,,
ProjRep/000/000/000/001/904,ProjRep/000/000/000/001,904,,471,c21ea48ab378e222cf225c8899ce3490113c90999e1b1a6322ec572b0c72cd98,True,utf-8-sig,1.0000,5,text,,,,,,
ProjRep/000/000/000/001/905,ProjRep/000/000/000/001,905,,1580,34e54b3ae7d7b0c3a89c3e226020289cbd3f3b3df009af24eeff29c5eba2b24a,True,utf-8-sig,1.0000,38,text; contains_control_flow,,,,Next,,
ProjRep/000/000/000/001/906,ProjRep/000/000/000/001,906,,2451,c96ae1be0fad832da760eadb07143470bc9ceedc4d27a48ea27f8eab124f3d31,True,utf-8-sig,1.0000,93,text; contains_control_flow; xml_candidate,,,,For ,,
ProjRep/000/000/000/001/907,ProjRep/000/000/000/001,907,,253,e1fcaaeb45ec9a948ab146ffd71582bd4fe4c785c44aa2b609fb844760429b52,True,utf-8-sig,1.0000,10,text,,,,,,
ProjRep/000/000/000/001/908,ProjRep/000/000/000/001,908,,566,d266fe4dcf4a7163779fa58ba357d56f70117613ebf57436e20aaeb19796a852,True,utf-8-sig,1.0000,13,text,,,,,,
ProjRep/000/000/000/001/909,ProjRep/000/000/000/001,909,,189,3e36bced3fce5273495b0ee26a554d60b1f1fe409a9cef0fdb481f1de4263586,True,utf-8-sig,1.0000,2,text,,,,,,
ProjRep/000/000/000/001/910,ProjRep/000/000/000/001,910,,1580,232e32589a407074d5d92ac106f4f0ce8cb6b263097f9996ec5fec1fb3b99621,True,utf-8-sig,1.0000,38,text; contains_control_flow,,,,Next,,
ProjRep/000/000/000/001/911,ProjRep/000/000/000/001,911,,2650,98c161e16618f24517f8f5f23827ef5993552560e080682c9e2fdb06b2bb8355,True,utf-8-sig,1.0000,10,text; contains_control_flow; xml_candidate,,,,For ; Next,,
ProjRep/000/000/000/001/912,ProjRep/000/000/000/001,912,,253,71aeb327570e6610647abb86dc820cebd779b92b43e86217ad68fe3ee060c567,True,utf-8-sig,1.0000,10,text,,,,,,
ProjRep/000/000/000/001/913,ProjRep/000/000/000/001,913,,579,3ae5efd1db6cd6a92f107d6b4f466c0db3f16f42cce6835861c85a03791d4105,True,utf-8-sig,1.0000,13,text,,,,,,
ProjRep/000/000/000/001/914,ProjRep/000/000/000/001,914,,262,5f707e16fe84ed71a4d62c93282a366516d09704158051d5aa3abf89a358d551,True,utf-8-sig,1.0000,3,text,,,,,,
ProjRep/000/000/000/001/915,ProjRep/000/000/000/001,915,,1580,8cb743881c20d4927320e18e70c0716f31eeb7510fb513b2fb0ff4b095001715,True,utf-8-sig,1.0000,38,text; contains_control_flow,,,,Next,,
ProjRep/000/000/000/001/916,ProjRep/000/000/000/001,916,,3357,5645e125c522967e6d4b4fd07c14ad45390c61d89cc6e100b2fde33c4bd4ebae,True,utf-8-sig,1.0000,30,text; contains_control_flow; xml_candidate,,,,Next,,
ProjRep/000/000/000/001/917,ProjRep/000/000/000/001,917,,253,4f22165ad18544ac4198080bdbe1e3f4481312ea5fa5ec258f4b973becb7b3b0,True,utf-8-sig,1.0000,10,text,,,,,,
ProjRep/000/000/000/001/918,ProjRep/000/000/000/001,918,,490,4b94481c2a0815d7dbe0806f0553fa80e91e8f73ce90efd55cda528abea03c3c,True,utf-8-sig,1.0000,10,text,,,,,,
ProjRep/000/000/000/001/919,ProjRep/000/000/000/001,919,,1030,136f9da83c3edf5285845412e9f1aa7fff47f1b3a527c5c2fef579305f12def5,True,utf-8-sig,1.0000,26,text,,,,,,
ProjRep/000/000/000/001/920,ProjRep/000/000/000/001,920,,4006,18877178eb31db1cbced4eb4f182651bd2cdced6a7c24984d1940923f293b590,True,utf-8-sig,1.0000,50,text; contains_control_flow; xml_candidate,,,,Next,,
ProjRep/000/000/000/001/921,ProjRep/000/000/000/001,921,,253,84d023454cb181d4731c2e9f501bd954d0f45b3a115a09e6f2f9c7846d13a042,True,utf-8-sig,1.0000,10,text,,,,,,
ProjRep/000/000/000/001/922,ProjRep/000/000/000/001,922,,489,728bad1cd35ec94c4adfa8efcd0c4b01844fc54f54a98cebfc9c720537e1bd65,True,utf-8-sig,1.0000,10,text,,,,,,
ProjRep/000/000/000/001/923,ProjRep/000/000/000/001,923,,1029,abad43c59b3eb17d107f0ee4d1d21483f72cb976de1891b95036fb5ee3765207,True,utf-8-sig,1.0000,26,text,,,,,,
ProjRep/000/000/000/001/924,ProjRep/000/000/000/001,924,,1392,f827e996f9d6c16a6200d61e5b4f2144972b4695d7b5f1f9daf47ca4523daae6,True,utf-8-sig,1.0000,27,text; contains_control_flow; xml_candidate,,,,If ,,
ProjRep/000/000/000/001/925,ProjRep/000/000/000/001,925,,237,63c27cad39dfbae342adf339ca2d4b59b0b3b93aa0010685640731465f32acc8,True,utf-8-sig,1.0000,9,text,,,,,,
ProjRep/000/000/000/001/926,ProjRep/000/000/000/001,926,,1207,2819fd8563d0efdcf28523a7c2ba68405b375f3bc46644698e3200b3241a040f,False,,,,binary,,,,,,
ProjRep/000/000/000/001/927,ProjRep/000/000/000/001,927,,106,21f259a0e91ae272ee81de75755345f3e760355dc045b67ee47192fa04704da0,True,utf-8-sig,1.0000,4,text,,,,,,
ProjRep/000/000/000/001/928,ProjRep/000/000/000/001,928,,171,1dde986e9483d39d8dbc5089384435c5258530763ac048f4f8fe5b232d045633,True,utf-8-sig,1.0000,6,text,,,,,,
ProjRep/000/000/000/001/929,ProjRep/000/000/000/001,929,,204,80b526189b9f7ca04898604bd5b0f239646edcf4a0cd3989ce0f7e68ffb84564,True,utf-8-sig,1.0000,21,text,,,,,,
ProjRep/000/000/000/001/930,ProjRep/000/000/000/001,930,,234,142f7903bfd2af62eaa59b065f74460d3af31985f7751036d0654552d65bbe95,True,utf-8-sig,1.0000,24,text,,,,,,
ProjRep/000/000/000/001/931,ProjRep/000/000/000/001,931,,92,fb935f75027e5799b780061669ed216a7a05744c71a2a4c10bcbe703b5cd6cd1,True,utf-8-sig,1.0000,9,text,,,,,,
ProjRep/000/000/000/001/932,ProjRep/000/000/000/001,932,,123,e21755e5a4bfabc9ba545c4677c65d9f569ed7a892b667bd0f86390c1d5cbd4f,True,utf-8-sig,1.0000,12,text,,,,,,
ProjRep/000/000/000/001/933,ProjRep/000/000/000/001,933,,31,14738a61fcd0f830f2deef709b4898dc917d81eb4fa63ea87e695b9a7b5c7edd,True,utf-8-sig,1.0000,3,text,,,,,,
ProjRep/000/000/000/001/934,ProjRep/000/000/000/001,934,,62,41704187940515fe9d85207e747d75f53c57742a5fbfe4d5d55a7b3f264eb1e1,True,utf-8-sig,1.0000,6,text,,,,,,
ProjRep/000/000/000/001/935,ProjRep/000/000/000/001,935,,1384,75e68629ee20d56d44dd778e0c7141de7bd8289c6220356b7bb8dfc428cf2e41,True,utf-8-sig,1.0000,34,text; xml_candidate,,,,,,
ProjRep/000/000/000/001/936,ProjRep/000/000/000/001,936,,253,72282d9f2fbe633b9687b94f621e6769b2ab896b752be34e552bd5466ef19efb,True,utf-8-sig,1.0000,10,text,,,,,,
ProjRep/000/000/000/001/937,ProjRep/000/000/000/001,937,,318,b87d02b1103f39e0288955b56afc1538e6a27a28fc53421bef44f8725889b3f9,True,utf-8-sig,1.0000,10,text,,,,,,
ProjRep/000/000/000/001/938,ProjRep/000/000/000/001,938,,1333,4101330739bdc29588c6f65745babc270e916e3e607da97f5a9695c8620e1de3,True,utf-8-sig,1.0000,34,text; xml_candidate,,,,,,
ProjRep/000/000/000/001/939,ProjRep/000/000/000/001,939,,165,8096e4de651ca4286004624e18914af358ca25ba066a734dbf87a7b5c4633013,True,utf-8-sig,1.0000,7,text,,,,,,
ProjRep/000/000/000/001/940,ProjRep/000/000/000/001,940,,313,4d7d83009372afd9f158b1976ec7f72963f81f05a4a9bb33c87c2559fb2a0518,True,utf-8-sig,1.0000,10,text,,,,,,
ProjRep/000/000/000/001/941,ProjRep/000/000/000/001,941,,324,26023221a87654032ec458512e23be65bcdd3bfdb2599ba72055e40aab3c31aa,True,utf-8-sig,1.0000,11,text,,,,,,
ProjRep/000/000/000/001/942,ProjRep/000/000/000/001,942,,164,f679f0a9f2af47c09ff2b94b4da758fe0e1f9c4c4b209812e59a96dd8a825119,True,utf-8-sig,1.0000,7,text,,,,,,
ProjRep/000/000/000/001/943,ProjRep/000/000/000/001,943,,164,6d657a6a6bc76b8cef773cc2e8da71fe95372f509a872eabf407b3f70d17c116,True,utf-8-sig,1.0000,7,text,,,,,,
ProjRep/000/000/000/001/944,ProjRep/000/000/000/001,944,,2783,5473274c845b8454eac198685366d5c6451fc01775983544a5cba52a6c818360,False,,,,binary,,,,,,
ProjRep/000/000/000/001/945,ProjRep/000/000/000/001,945,,94,f7f94a2d7af214fa5fba9b6af1e91ceb81cc31992c2f57898ba9c86d7df3f51a,True,utf-8-sig,1.0000,4,text,,,,,,
ProjRep/000/000/000/001/946,ProjRep/000/000/000/001,946,,135,61818fefd021d76680c32211b20f3b65a2ac9a061eb2c5b1f7545939f9036f7d,True,utf-8-sig,1.0000,6,text,,,,,,
ProjRep/000/000/000/001/947,ProjRep/000/000/000/001,947,,2242,15cd0fd9bc431af2dae27466238e321455488898df33318678d6285047eec73d,True,utf-8-sig,1.0000,59,text,,,,,,
ProjRep/000/000/000/001/948,ProjRep/000/000/000/001,948,,7636,ab62254a74e5b7001961bb00f4bc096cb88fdc5913c2fcb6e9ef165009bcdec0,True,utf-8-sig,1.0000,220,text,,,,,,
ProjRep/000/000/000/001/949,ProjRep/000/000/000/001,949,,113461,60a7ac659d3906864357ce15991fc47dd73ae892b8176396b6f025992746877d,True,utf-8-sig,1.0000,3334,text,,,,,,
ProjRep/000/000/000/001/950,ProjRep/000/000/000/001,950,,144100,577a2e23fba9d5ebc54ceee17bc99fb1200becaf0830e74b4c51d0861522ab6d,True,utf-8-sig,1.0000,3760,text,,,,,,
ProjRep/000/000/000/001/951,ProjRep/000/000/000/001,951,,169399,d043951be214899d5b71b9835cc81a55d8d4964b25236432cdd26a27a159c00a,True,utf-8-sig,1.0000,4885,text,,,,,,
ProjRep/000/000/000/001/952,ProjRep/000/000/000/001,952,,162973,3c841e61a61db35039bc55884377f47ffa6e081a8ab5fa6eeebcd434a1356e59,True,utf-8-sig,1.0000,4696,text,,,,,,
ProjRep/000/000/000/001/953,ProjRep/000/000/000/001,953,,638871,9bd320cf41b13e94bf9a6cf0377eae6e446b4e88437f3cc4cadb6b29022787b0,True,utf-8-sig,1.0000,18825,text,,,,,,
ProjRep/000/000/000/001/954,ProjRep/000/000/000/001,954,,637821,2c34e2b9217622c14eea295520eb7da66fc139e1b52d39669dd49abf52f5ca50,True,utf-8-sig,1.0000,18825,text,,,,,,
ProjRep/000/000/000/001/955,ProjRep/000/000/000/001,955,,1704,d14968e931fd97a99211a9db5da397bc7529589450d968c514bffdd47d630972,True,utf-8-sig,1.0000,66,text,,,,,,
ProjRep/000/000/000/001/956,ProjRep/000/000/000/001,956,,1698,a1a913c91ffeb26bc703722211eac933d6d8561a4ca02cf0c29d638258973686,True,utf-8-sig,1.0000,42,text; contains_control_flow,,,,Next,,
ProjRep/000/000/000/001/957,ProjRep/000/000/000/001,957,,164,6cefe5e45be08cb58026f7dff06ce303282c1e21f61c5a2636337d0364a4b6d0,True,utf-8-sig,1.0000,7,text,,,,,,
ProjRep/000/000/000/001/958,ProjRep/000/000/000/001,958,,315,c6b8a24307bd5d7ff196a320f40c4a96f71ae2a017314d006c10d5b771e5405a,True,utf-8-sig,1.0000,10,text; contains_control_flow,,,,If ,,
ProjRep/000/000/000/001/959,ProjRep/000/000/000/001,959,,1705,b597accf8448facfd8d61cf24016aa79a958e3e8a6c424ac73f033f2fd07fcf3,True,utf-8-sig,1.0000,42,text; contains_control_flow,,,,Next,,
ProjRep/000/000/000/001/960,ProjRep/000/000/000/001,960,,167,3b3e6965e78caa0fd0ac074dcd7defab0b3f413f7255a6161ca4b9e60d3852e1,True,utf-8-sig,1.0000,7,text,,,,,,
ProjRep/000/000/000/001/961,ProjRep/000/000/000/001,961,,312,169c8c37856e2f467dcca906355cfa85c4605e182ea1201cbbadeb630ebdbaf6,True,utf-8-sig,1.0000,10,text,,,,,,
ProjRep/000/000/000/001/962,ProjRep/000/000/000/001,962,,1711,5ce058b5e2772decabc47603a8fac4fff54ad08564fa213733f40bbce69d31a9,True,utf-8-sig,1.0000,42,text; contains_control_flow,,,,Next,,
ProjRep/000/000/000/001/963,ProjRep/000/000/000/001,963,,253,b5dd3933889605ec6a4c9230b4d5948b1e187c0d67a4ef5be39770e8108121e8,True,utf-8-sig,1.0000,10,text,,,,,,
ProjRep/000/000/000/001/964,ProjRep/000/000/000/001,964,,315,c1583409824bb69e7196142e02a984bf7b295fac354dfd2884457c6ba62f87f8,True,utf-8-sig,1.0000,10,text,,,,,,
ProjRep/000/000/000/001/965,ProjRep/000/000/000/001,965,,1693,de8039e5a0339a0d53171e8b596596e6b7ff5c2a1bfc2516954b5e57d667491c,True,utf-8-sig,1.0000,42,text; contains_control_flow,,,,Next,,
ProjRep/000/000/000/001/966,ProjRep/000/000/000/001,966,,1341,827186c0808bd4cd28d1fe9fd50955311e7dfcce39a397f7080bcdd654b8924d,True,utf-8-sig,1.0000,34,text; xml_candidate,,,,,,
ProjRep/000/000/000/001/967,ProjRep/000/000/000/001,967,,165,d049e92ba84b37a54b193a4436a62a4353f14c9afef742b2e3a80040728b6f10,True,utf-8-sig,1.0000,7,text,,,,,,
ProjRep/000/000/000/001/968,ProjRep/000/000/000/001,968,,310,4c55d13ada9868cabdec9b36f1dc56c6b21ac6c32b1d3983acb50a8f9ee756cd,True,utf-8-sig,1.0000,10,text,,,,,,
ProjRep/000/000/000/001/969,ProjRep/000/000/000/001,969,,1688,15bec204e54db1021630b29c62c111e382c1bf92cc811116227021f4ec36cc45,True,utf-8-sig,1.0000,42,text; contains_control_flow,,,,Next,,
ProjRep/000/000/000/001/970,ProjRep/000/000/000/001,970,,324,0f8abf6ef62dc234710a54ae81eefd38c653effe7ef02959c90c458243c18f6e,True,utf-8-sig,1.0000,11,text,,,,,,
ProjRep/000/000/000/001/971,ProjRep/000/000/000/001,971,,463,d91bd7b98f1067b31e5cb684acbd38103a0e4daebd1c705e85fa70af82420e8c,True,utf-8-sig,1.0000,10,text,,,,,,
ProjRep/000/000/000/001/972,ProjRep/000/000/000/001,972,,1703,baf5443c26c18d1b9ee411bfe54e1b704fd4e228bcfd50966c4f70e36c1fab4c,True,utf-8-sig,1.0000,42,text; contains_control_flow,,,,Next,,
ProjRep/000/000/000/001/973,ProjRep/000/000/000/001,973,,408,6d4f18696d6b34e14ac83b152b7fdcd2f95d7a6448760d15c52fd140ab602aff,True,utf-8-sig,1.0000,11,text,,,,,,
ProjRep/000/000/000/001/974,ProjRep/000/000/000/001,974,,566,e992f347227a143b5b98e6006a5b4a9949c503a2a31011170871f65f91a5e7fe,True,utf-8-sig,1.0000,13,text,,,,,,
ProjRep/000/000/000/001/975,ProjRep/000/000/000/001,975,,409,fc152e33f4160b0951e5c71fb7dfe2751545fddcddd0dafcf08ed11bf21056b7,True,utf-8-sig,1.0000,5,text,,,,,,
ProjRep/000/000/000/001/976,ProjRep/000/000/000/001,976,,1711,2aa8c1fb158b81ad32a94ed121b3a17cc436960725d81a5386b4375117d4f722,True,utf-8-sig,1.0000,42,text; contains_control_flow,,,,Next,,
ProjRep/000/000/000/001/977,ProjRep/000/000/000/001,977,,2440,a151d106af3b63b6cab93b1c0baabc173b1c5ee8ff7e34ecc7fb54327cd0e616,True,utf-8-sig,1.0000,93,text; contains_control_flow; xml_candidate,,,,For ,,
ProjRep/000/000/000/001/978,ProjRep/000/000/000/001,978,,253,5c4de888a5559666ecfa08bc0cd06a76fb0ad55a5921fe057b0c1fbe425c15e3,True,utf-8-sig,1.0000,10,text,,,,,,
ProjRep/000/000/000/001/979,ProjRep/000/000/000/001,979,,566,8117cd414fa9e37b2b835eb81eddb89c6dc1e825b141c571e898a6cfef32e9b5,True,utf-8-sig,1.0000,13,text,,,,,,
ProjRep/000/000/000/001/980,ProjRep/000/000/000/001,980,,190,86efdfa88a6745de587239a0d5c220436a2d4a48260abc304027501277465b1e,True,utf-8-sig,1.0000,2,text,,,,,,
ProjRep/000/000/000/001/981,ProjRep/000/000/000/001,981,,1711,211f9fea564ec8c2cba51f54e56eed39e9fe801ad42b1aaf02b9d0d82f17a0ea,True,utf-8-sig,1.0000,42,text; contains_control_flow,,,,Next,,
ProjRep/000/000/000/001/982,ProjRep/000/000/000/001,982,,2651,e1fdb666549f918c638ee900d52321a95f1d46b02df80f8b4fb7b51591b2be26,True,utf-8-sig,1.0000,10,text; contains_control_flow; xml_candidate,,,,For ; Next,,
ProjRep/000/000/000/001/983,ProjRep/000/000/000/001,983,,253,59acffee603f1487600c82b48931fa88fa40c0aa8c25a3b160448435bee8b31f,True,utf-8-sig,1.0000,10,text,,,,,,
ProjRep/000/000/000/001/984,ProjRep/000/000/000/001,984,,579,df4bd0796c0cde34f3d5c9a6bb78738e48bd5d6308abcd9078e73e3e4d85c289,True,utf-8-sig,1.0000,13,text,,,,,,
ProjRep/000/000/000/001/985,ProjRep/000/000/000/001,985,,260,b8653686cba539ed0cd5f4a69e48a5af48557cb82243d58f162c142ad18318ad,True,utf-8-sig,1.0000,3,text,,,,,,
ProjRep/000/000/000/001/986,ProjRep/000/000/000/001,986,,1711,1da339b3e7cc190f8c32bc1a558e8bf73015cf506971ba3844acc18c28be5db1,True,utf-8-sig,1.0000,42,text; contains_control_flow,,,,Next,,
ProjRep/000/000/000/001/987,ProjRep/000/000/000/001,987,,3346,72b6293973f9916c803635ae826b415083a1988302867c4cdbf96a9ba9b3e778,True,utf-8-sig,1.0000,30,text; contains_control_flow; xml_candidate,,,,Next,,
ProjRep/000/000/000/001/988,ProjRep/000/000/000/001,988,,164,ff00407658666ce4d23ecb2ffb523210a67074edee8fa823846564a28d8d964e,True,utf-8-sig,1.0000,7,text,,,,,,
ProjRep/000/000/000/001/989,ProjRep/000/000/000/001,989,,485,fd010eb44b4545c641c82a0c5b445a7bcd26c7fe63e190c4cc6f8d973f7f4689,True,utf-8-sig,1.0000,10,text; contains_control_flow,,,,If ,,
ProjRep/000/000/000/001/990,ProjRep/000/000/000/001,990,,1700,5c8fd9ec27ef513a6d1b87d55750b675c11688c07abce0be444d403a1224271b,True,utf-8-sig,1.0000,42,text; contains_control_flow,,,,Next,,
ProjRep/000/000/000/001/991,ProjRep/000/000/000/001,991,,164,48cbbe9909bb886e9a47ddf563078cdef7b8de62386d28b7442047fce6d05aa5,True,utf-8-sig,1.0000,7,text,,,,,,
ProjRep/000/000/000/001/992,ProjRep/000/000/000/001,992,,487,371341e910f17da3be6f00519fe5f36adb5fd2bd286b06156fb0752b204ec157,True,utf-8-sig,1.0000,10,text; contains_control_flow,,,,If ,,
ProjRep/000/000/000/001/993,ProjRep/000/000/000/001,993,,1701,408d928088b29149197d5bce7e9d260cad77a4dcf4f7adcd6ff11fa53f6454ee,True,utf-8-sig,1.0000,42,text; contains_control_flow,,,,Next,,
ProjRep/000/000/000/001/994,ProjRep/000/000/000/001,994,,253,41e854cf8dec40da048a57921e016863c4515dcee855d7493e41e613bc5576b5,True,utf-8-sig,1.0000,10,text,,,,,,
ProjRep/000/000/000/001/995,ProjRep/000/000/000/001,995,,1712,8623f6c31b071f68dd513dddfe48f37a07308bab3faec1d3bfe0d2acfa42f438,True,utf-8-sig,1.0000,42,text; contains_control_flow,,,,Next,,
ProjRep/000/000/000/001/996,ProjRep/000/000/000/001,996,,253,271e75542421e042d1fc84c5193358e1615c4cc534f93561d9330163f7c3102a,True,utf-8-sig,1.0000,10,text,,,,,,
ProjRep/000/000/000/001/997,ProjRep/000/000/000/001,997,,1711,7800ab721bff59ae2bedce4abe61266d8df95b5f7365acb15f35d9771fedfa05,True,utf-8-sig,1.0000,42,text; contains_control_flow,,,,Next,,
ProjRep/000/000/000/001/998,ProjRep/000/000/000/001,998,,22970,cccc843daf9714d53c62a85b82b98bbed5d4cb59ce8fe90eb56d7ff23c6e12db,False,,,,binary,,,,,,
ProjRep/000/000/000/001/999,ProjRep/000/000/000/001,999,,128,898ea5c5c6c102e837b99151b44da3231996186019b6df85c61d57c10862a62a,True,utf-8-sig,1.0000,4,text,,,,,,
ProjRep/000/000/000/002/000,ProjRep/000/000/000/002,000,,169,35099e646862640c7fa157f457ccd99c409fe05768359a15984a6a807de60287,True,utf-8-sig,1.0000,6,text,,,,,,
ProjRep/000/000/000/002/001,ProjRep/000/000/000/002,001,,124,46518d22bbe8ecab59d7c87db3b1aea578ab689fbc1c236d2ed71266e61a5366,True,utf-8-sig,1.0000,12,text,,,,,,
ProjRep/000/000/000/002/002,ProjRep/000/000/000/002,002,,135,36a48bfb0f8395dc2ec4ddf617113135e3b14f9f79358dd1af3d1101444a2dec,True,utf-8-sig,1.0000,13,text,,,,,,
ProjRep/000/000/000/002/003,ProjRep/000/000/000/002,003,,134,e30f24d10497bc3e0aa7c0dcabbd316d586a199f683391e6a3b6aa33384322a9,True,utf-8-sig,1.0000,13,text,,,,,,
ProjRep/000/000/000/002/004,ProjRep/000/000/000/002,004,,165,969c4364b15267c8697c3a1fc3202fc3162e63ef546b6e147e9ae94e5e1fa76f,True,utf-8-sig,1.0000,16,text,,,,,,
ProjRep/000/000/000/002/005,ProjRep/000/000/000/002,005,,31,a62c942967e070a9c6da5c12c322a6183acc61a4eb4f9d40ecbc8adfd0acbca7,True,utf-8-sig,1.0000,3,text,,,,,,
ProjRep/000/000/000/002/006,ProjRep/000/000/000/002,006,,62,a8af4ced4f14a994375a9a8437a8db8f6e4612b7451d1480b5730fc9224bbb31,True,utf-8-sig,1.0000,6,text,,,,,,
ProjRep/000/000/000/002/007,ProjRep/000/000/000/002,007,,81176,4245b28f6944b6105f30f6f00f6d315d86ca1a952d0599b1943758ceff65ebaf,False,,,,binary,,,,,,
ProjRep/000/000/000/002/008,ProjRep/000/000/000/002,008,,4420,0dc2b6f909bc79169d9bcbcc04596762946ff418d2e82812a77ed1b3f0a41fae,False,,,,binary,,,,,,
ProjRep/000/000/000/002/009,ProjRep/000/000/000/002,009,,159,efa1c1206ebb61a3b5b75f19e1c476f961037034b577a8176f1f70a6ecc1dbba,True,utf-8-sig,1.0000,11,text,,,,,,
ProjRep/000/000/000/002/010,ProjRep/000/000/000/002,010,,1526,e993c8cce248150724c49eb16bac5d768446c7455b1492d6ea7c63257882e0e0,True,utf-8-sig,1.0000,44,text,,,,,,
ProjRep/000/000/000/002/011,ProjRep/000/000/000/002,011,,115699,1578cac331645afc30294b70475d80bfcce6981d520dab7ae4cc043fc4c4385c,True,utf-8-sig,1.0000,3305,text,,,,,,
ProjRep/000/000/000/002/012,ProjRep/000/000/000/002,012,,141716,4223b408d911932dc89815fc93eda4c3522bccd7e9f10f3d5bfa05b1e9b470e8,True,utf-8-sig,1.0000,3557,text,,,,,,
ProjRep/000/000/000/002/013,ProjRep/000/000/000/002,013,,339503,9d42c077bea81183aba266f7f638bba9054793599f9b63bbef58dd567a9cf550,True,utf-8-sig,1.0000,9796,text,,,,,,
ProjRep/000/000/000/002/014,ProjRep/000/000/000/002,014,,126049,ac2fbd42ba93a9d55717e46e424735063fd54c654a7a050fc68fd60a3f753634,True,utf-8-sig,1.0000,3566,text,,,,,,
ProjRep/000/000/000/002/015,ProjRep/000/000/000/002,015,,568583,51d26fb5b3fed8e64301513728babdb1b12cd6ee847812e6d2d79fc669b993d2,True,utf-8-sig,1.0000,16925,text,,,,,,
ProjRep/000/000/000/002/016,ProjRep/000/000/000/002,016,,575554,37fcf76dbc6bfb4cbfcafb3f0faf24737d413b9a77d768601ef2592796e6abe4,True,utf-8-sig,1.0000,16925,text,,,,,,
ProjRep/000/000/000/002/017,ProjRep/000/000/000/002,017,,3255,edd6cb9c40f22b5cd3c25fd3ede8f2c8fe1e1665aadcbeac7b6b024492ce29fc,True,utf-8-sig,1.0000,73,text,,,,,,
ProjRep/000/000/000/002/018,ProjRep/000/000/000/002,018,,16380,191ad2c574d2f8eea3031a4b1983a4285c6406ac5400d10d2191bf90d4307a5b,True,utf-8-sig,1.0000,468,text,,,,,,
ProjRep/000/000/000/002/019,ProjRep/000/000/000/002,019,,2893,622c975e2e194ff37e39f2a9c772ceb5b12e3db6182c410f83ded39353731cb3,True,utf-8-sig,1.0000,112,text,,,,,,
ProjRep/000/000/000/002/020,ProjRep/000/000/000/002,020,,256,481cc0294a09f6ebc969467bda08cace441c15b9661fd02dbab35a8fe373c308,True,utf-8-sig,1.0000,9,text; contains_control_flow,,,,Then,,
ProjRep/000/000/000/002/021,ProjRep/000/000/000/002,021,,2651,9dd11596124b5144e7ee004d438b1b83e3f647737ecd224d8144b15eae0a0a95,True,utf-8-sig,1.0000,102,text,,,,,,
ProjRep/000/000/000/002/022,ProjRep/000/000/000/002,022,,29,f88347dc3f333c6cfb5ad21a1f60b14454029a0985dacf925807d6e14631aac9,True,utf-8-sig,1.0000,4,text,,,,,,
ProjRep/000/000/000/002/023,ProjRep/000/000/000/002,023,,20020,09c8c0be94f3ffebb155f9b0c36e91201b046579dd9b23bf24ccce9595fd4a6c,True,utf-8-sig,1.0000,246,text; contains_control_flow,,,,Next,,
ProjRep/000/000/000/002/024,ProjRep/000/000/000/002,024,,404,a3452648b090a8f405c852a3bfac2c395466df4c47ba11139a96e07eb8eaa9e1,True,utf-8-sig,1.0000,11,text,,,,,,
ProjRep/000/000/000/002/025,ProjRep/000/000/000/002,025,,497,ee851cd7ebf01872a6899bdd4498743b31c3f72e49fa32669c4e1c25f69cb2b2,True,utf-8-sig,1.0000,13,text,,,,,,
ProjRep/000/000/000/002/026,ProjRep/000/000/000/002,026,,130,34353fc3d0cb66946ec4c1613492d8c0d544670c87d003ad58c49cac1ed3e07d,True,utf-8-sig,1.0000,2,text,,,,,,
ProjRep/000/000/000/002/027,ProjRep/000/000/000/002,027,,294,1b067ade4b24198946590fe69030249efc52bd90c0b41226d8d1622477127ae3,True,utf-8-sig,1.0000,12,text,,,,,,
ProjRep/000/000/000/002/028,ProjRep/000/000/000/002,028,,164,37a596c5c9e40c63e0e5761735d2868301d42bd2dec9cb3c8f354c57b79e1c57,True,utf-8-sig,1.0000,7,text,,,,,,
ProjRep/000/000/000/002/029,ProjRep/000/000/000/002,029,,329,0efa75bbed087aae731b65bd1f2413eda646d332d8caacf8f947c8a2683652cc,True,utf-8-sig,1.0000,10,text; contains_control_flow,,,,If ,,
ProjRep/000/000/000/002/030,ProjRep/000/000/000/002,030,,253,0229929f47d53b5e42136192f6486daa435982c5a9936beced55ac91653266a3,True,utf-8-sig,1.0000,10,text,,,,,,
ProjRep/000/000/000/002/031,ProjRep/000/000/000/002,031,,416,1e646f41f3ccfd22ef35708133f69de497c1945e4f0e4d3c4f331ee61dd5a5f5,True,utf-8-sig,1.0000,10,text,,,,,,
ProjRep/000/000/000/002/032,ProjRep/000/000/000/002,032,,167,67daaca7ee8db6dd645832ff6e6f8f4a00be53175058d2c9384c624b170a221d,True,utf-8-sig,1.0000,7,text,,,,,,
ProjRep/000/000/000/002/033,ProjRep/000/000/000/002,033,,326,d189fce8440afa602643f5349414c6c07ee50fa3182a69594212f0bdb46ad373,True,utf-8-sig,1.0000,10,text,,,,,,
ProjRep/000/000/000/002/034,ProjRep/000/000/000/002,034,,165,2feb63b2521052430a9cf991d85f15d433644b5e4bb28f419ed2e09056acb495,True,utf-8-sig,1.0000,7,text,,,,,,
ProjRep/000/000/000/002/035,ProjRep/000/000/000/002,035,,411,1b7b181792fb37589dc4986cfc6a01ec78a7b7194c74f86335421d6eac88c7a4,True,utf-8-sig,1.0000,10,text,,,,,,
ProjRep/000/000/000/002/036,ProjRep/000/000/000/002,036,,324,00d328da4d2e75c03660e74f4eac4bfed61dbd9ec292332898eaae81ca4de00b,True,utf-8-sig,1.0000,11,text,,,,,,
ProjRep/000/000/000/002/037,ProjRep/000/000/000/002,037,,165,e04448323551c9e5210b663d6579532e15a7852ea957a5cd64e4b8dbb9e58f65,True,utf-8-sig,1.0000,7,text,,,,,,
ProjRep/000/000/000/002/038,ProjRep/000/000/000/002,038,,164,8632d4a8e381a4a744690aa340feb46dc2af9eca63c9c909c744b84b81584ac2,True,utf-8-sig,1.0000,7,text,,,,,,
ProjRep/000/000/000/002/039,ProjRep/000/000/000/002,039,,283,46ffb540dd9ca3efb32bb88a2c9e6e591d83a9b2502b2d5b013a3b85679fde95,True,utf-8-sig,1.0000,12,text,,,,,,
ProjRep/000/000/000/002/040,ProjRep/000/000/000/002,040,,164,55ac311773ffafa202346a52d6c4e229f8f0647ab96f4854f895ffeef67e5494,True,utf-8-sig,1.0000,7,text,,,,,,
ProjRep/000/000/000/002/041,ProjRep/000/000/000/002,041,,218,0dbd137a0bbfa48f598ca129bde5811e8be4f4f43bc5339c35cee44b6b2253c7,True,utf-8-sig,1.0000,8,text,,,,,,
ProjRep/000/000/000/002/042,ProjRep/000/000/000/002,042,,253,d5bf5f272f6599567810777d729ac562e3a313baa4557c3c6cd4f70e855327ee,True,utf-8-sig,1.0000,10,text,,,,,,
ProjRep/000/000/000/002/043,ProjRep/000/000/000/002,043,,413,a6f2f3436a411f0b1e227a45c1e13c5d5612ad14c4f34e856fc65c10b060ef15,True,utf-8-sig,1.0000,10,text,,,,,,
ProjRep/000/000/000/002/044,ProjRep/000/000/000/002,044,,290,92cd5ab8121664ea6eb0a43c132d656af64e3232918c5ff17abffc669fc0b26d,True,utf-8-sig,1.0000,12,text,,,,,,
ProjRep/000/000/000/002/045,ProjRep/000/000/000/002,045,,165,f1bcd3176b39af6f118abe3f7ffd297c054065dfdab4b5fca11860f4c00dda91,True,utf-8-sig,1.0000,7,text,,,,,,
ProjRep/000/000/000/002/046,ProjRep/000/000/000/002,046,,408,a9a81f3a056b410942bbc166be0fdaa9676d55eeef1bb203aa379598be8622a1,True,utf-8-sig,1.0000,10,text,,,,,,
ProjRep/000/000/000/002/047,ProjRep/000/000/000/002,047,,285,f6de8521413c84a144240f6e5a1e261753345dd6b24459547387ce603c080a68,True,utf-8-sig,1.0000,12,text,,,,,,
ProjRep/000/000/000/002/048,ProjRep/000/000/000/002,048,,324,f45cbc924b8fb96a79dc228d6fc2b1e0aa97beee123e624ddf5580c6c62685aa,True,utf-8-sig,1.0000,11,text,,,,,,
ProjRep/000/000/000/002/049,ProjRep/000/000/000/002,049,,582,7483c7243602784874d050ec94bdafe6384df7b1a5c8fb587ee7901f0ecd640f,True,utf-8-sig,1.0000,10,text,,,,,,
ProjRep/000/000/000/002/050,ProjRep/000/000/000/002,050,,296,47b0a2261fbfe5f2bbfdd79b99492c9754589d23a8c343d722bf02b0c2df1efc,True,utf-8-sig,1.0000,12,text,,,,,,
ProjRep/000/000/000/002/051,ProjRep/000/000/000/002,051,,167,0eb24ea030855df849f0229c7db267168b68046c865dac67c2cbb7678bb17b24,True,utf-8-sig,1.0000,7,text,,,,,,
ProjRep/000/000/000/002/052,ProjRep/000/000/000/002,052,,506,193957036580b6d5faaaf30f8f2b63f144105964a15a57d194c9a340a531447c,True,utf-8-sig,1.0000,10,text,,,,,,
ProjRep/000/000/000/002/053,ProjRep/000/000/000/002,053,,333,43b161d97c80e8a4e27a228018ab46ce1b5a7d6c601ff3a0ee3276718e8117d4,True,utf-8-sig,1.0000,12,text,,,,,,
ProjRep/000/000/000/002/054,ProjRep/000/000/000/002,054,,164,f8f7eb3bb24f45cc2bab0a3d440d6ad855f89801bda025981447f8247d38d01c,True,utf-8-sig,1.0000,7,text,,,,,,
ProjRep/000/000/000/002/055,ProjRep/000/000/000/002,055,,496,5a7b7661c0a97c3506cacbf3d1a7adadaf205bdbe56b5650a11dbeef55d4778f,True,utf-8-sig,1.0000,10,text; contains_control_flow,,,,If ,,
ProjRep/000/000/000/002/056,ProjRep/000/000/000/002,056,,302,aadceaf0838ff16f0dda7fd2c036d4c7a798780c6faada2550667424e0a350c8,True,utf-8-sig,1.0000,12,text,,,,,,
ProjRep/000/000/000/002/057,ProjRep/000/000/000/002,057,,225,1d0de719b314aa7ecfdd830f83ac48f833a60e7f03291005a8b8890cbfb79fc2,True,utf-8-sig,1.0000,10,text,,,,,,
ProjRep/000/000/000/002/058,ProjRep/000/000/000/002,058,,565,0e84baecd9f27e7f23ea5e488b4e65dd6138fcd53e5b1dd7839ef751565396d6,True,utf-8-sig,1.0000,10,text,,,,,,
ProjRep/000/000/000/002/059,ProjRep/000/000/000/002,059,,295,3c2ba774dcd2a057624e813e0a9cef5acafcf520ed0b76a600ae43f7ee716719,True,utf-8-sig,1.0000,12,text,,,,,,
ProjRep/000/000/000/002/060,ProjRep/000/000/000/002,060,,164,0baa806cfb9031e7b6c257bcffcee8d427ca60b600590693195489dfcf05736c,True,utf-8-sig,1.0000,7,text,,,,,,
ProjRep/000/000/000/002/061,ProjRep/000/000/000/002,061,,496,ebdcee9e6cb0f8f99c642776144eb9779c0accc928f04f4f68f2c6e2bc87416e,True,utf-8-sig,1.0000,10,text; contains_control_flow,,,,If ,,
ProjRep/000/000/000/002/062,ProjRep/000/000/000/002,062,,302,bc31067a72cc38ca62fe0a3bd162425f6886c6dab080322e727bfe4d8001ba74,True,utf-8-sig,1.0000,12,text,,,,,,
ProjRep/000/000/000/002/063,ProjRep/000/000/000/002,063,,164,878b4f33f2ee574f0daa1a5fb403c3cc5844c3bffa99c8ca04c909ddd496ea5b,True,utf-8-sig,1.0000,7,text,,,,,,
ProjRep/000/000/000/002/064,ProjRep/000/000/000/002,064,,498,a5716f2af02e0644cea33bc57219e31fd0d4e296cd4c57269da1ef0d4bb882c9,True,utf-8-sig,1.0000,10,text; contains_control_flow,,,,If ,,
ProjRep/000/000/000/002/065,ProjRep/000/000/000/002,065,,306,809592a9ea39b924fe1d11181adb7fc1138da41f9b412a384d36e0ca6d0ed0aa,True,utf-8-sig,1.0000,12,text,,,,,,
ProjRep/000/000/000/002/066,ProjRep/000/000/000/002,066,,164,7c459bd8cb5925f13e1bf6b020459237f5f8a84868327bd3d2c8f08b8836e242,True,utf-8-sig,1.0000,7,text,,,,,,
ProjRep/000/000/000/002/067,ProjRep/000/000/000/002,067,,496,a449230af385e01fd42e25529347138c40efbcbd89cec0ef6b6f958b9ab329ab,True,utf-8-sig,1.0000,10,text; contains_control_flow,,,,If ,,
ProjRep/000/000/000/002/068,ProjRep/000/000/000/002,068,,302,ddb139a9c09acd0de7ff54b94e7da529a261a35625f8614a42b9b88b204ac10d,True,utf-8-sig,1.0000,12,text,,,,,,
ProjRep/000/000/000/002/069,ProjRep/000/000/000/002,069,,253,cb3f62bb308b5e6ddcf2113cea122761ee00718db0be7e355b3d766fa622775d,True,utf-8-sig,1.0000,10,text,,,,,,
ProjRep/000/000/000/002/070,ProjRep/000/000/000/002,070,,570,635a53c87b8876d5d79a12935627d1f98d3bc2760b971f128460074cde69ccda,True,utf-8-sig,1.0000,10,text,,,,,,
ProjRep/000/000/000/002/071,ProjRep/000/000/000/002,071,,300,b70d5f152877c667368c394a1ad26ba4b0f2f690951a4e459907671bd84a6d83,True,utf-8-sig,1.0000,12,text,,,,,,
ProjRep/000/000/000/002/072,ProjRep/000/000/000/002,072,,272,cb80573ac3398d25c1b358e0604633f37865e6d0d082f0231ca63cc228249df7,True,utf-8-sig,1.0000,12,text,,,,,,
ProjRep/000/000/000/002/073,ProjRep/000/000/000/002,073,,28,c2b60475b92ea15330155bf34a39864c82c8a23a7891e4c90233f82497957971,True,utf-8-sig,1.0000,2,text,,,,,,
ProjRep/000/000/000/002/074,ProjRep/000/000/000/002,074,,9253,b20ee8204504f7e8ed2d26f1b7eba70e2ec044fc3714cbc6dc36eb5d2aa823d7,True,utf-8-sig,1.0000,106,text; contains_control_flow,,,,For ,,
ProjRep/000/000/000/002/075,ProjRep/000/000/000/002,075,,9671,aff1628e4c60b73197b93d068d1dcf6560964f4958488e81fa19dc52e5f52d04,True,utf-8-sig,1.0000,142,text,,,,,,
ProjRep/000/000/000/002/076,ProjRep/000/000/000/002,076,,1057,24e54d9b0ca273a28d8670d40dee9f3c2ef2a313f04f8b4100cbe8c27a7b82e5,True,utf-8-sig,1.0000,29,text,,,,,,
ProjRep/000/000/000/002/077,ProjRep/000/000/000/002,077,,22,70718c5f29958172e2d0a63d037753cc102673e122c996d37e4a3e2e1d894cfd,True,utf-8-sig,1.0000,2,text,,,,,,
ProjRep/000/000/000/002/078,ProjRep/000/000/000/002,078,,38631,99c089320d7a8fae76d56749661cb2c6761add348152da4c9b49a7c0fbe48d4e,False,,,,binary,,,,,,
ProjRep/000/000/000/002/079,ProjRep/000/000/000/002,079,,788,bd12f58e8417319f69bd4453706fac110caf72e3014d42447168816d5eefb7a8,True,utf-8-sig,1.0000,31,text,,,,,,
ProjRep/000/000/000/002/080,ProjRep/000/000/000/002,080,,7134,db8450a55c445df446c8b2b778b113221818becf3312aa327a78678e217622f2,True,utf-8-sig,1.0000,111,text; contains_function_or_sub,,,,,Function ,
ProjRep/000/000/000/002/081,ProjRep/000/000/000/002,081,,6784,54c023678510c33e4ac70278a012e58b32a565ebba314c7c8be51bac1b21676e,True,utf-8-sig,1.0000,242,text; contains_control_flow,,,,Do ,,
ProjRep/000/000/000/002/082,ProjRep/000/000/000/002,082,,51,f5cce5ad184391d97230368c33d92cd93f92400160ab25eeaa043297cda44882,True,utf-8-sig,1.0000,2,text,,,,,,
ProjRep/000/000/000/002/083,ProjRep/000/000/000/002,083,,5658,4ca064c3a94cd7385317ba32cb243eff64e59cceff1ecad76e6650d7eb3cdef4,True,utf-8-sig,1.0000,148,text; contains_control_flow,,,,Next,,
ProjRep/000/000/000/002/084,ProjRep/000/000/000/002,084,,31,392cf9b29e8ebb040b4c283bf7f9f15756ef914c5f9bbfcc94524f2ff7fe870b,True,utf-8-sig,1.0000,1,text,,,,,,
ProjRep/000/000/000/002/085,ProjRep/000/000/000/002,085,,21,c7ac568a4e900f6596415e172300622c30da3086cc5aa1f4168a30025e598a24,True,utf-8-sig,1.0000,2,text,,,,,,
ProjRep/000/000/000/002/086,ProjRep/000/000/000/002,086,,323,7b6857884503c57192ae094c4278997ce21808aeb9e30927a9851c04f63d36e4,True,utf-8-sig,1.0000,13,text; contains_control_flow,,,,If ,,
ProjRep/000/000/000/002/087,ProjRep/000/000/000/002,087,,1129,42f03a5435a406f2741d5f3fea8814f17d1adb5a82b373fd4f2507cd03ddbc09,True,utf-8-sig,1.0000,78,text,,,,,,
ProjRep/000/000/000/002/088,ProjRep/000/000/000/002,088,,269177,f43657996fc04900ff76b25b3196f61797e46c29a4d0252d686e46b5bbb0737e,True,utf-8-sig,1.0000,2072,text; contains_control_flow,,,,If ; For ; Do ,,
ProjRep/000/000/000/002/089,ProjRep/000/000/000/002,089,,2782,a24a2554c86fa8896f492a7d0a5901cfb595803a090b4c37f87ca41629481e11,True,utf-8-sig,1.0000,98,text,,,,,,
ProjRep/000/000/000/002/090,ProjRep/000/000/000/002,090,,1090,afc8b2321565d2b90b25441383f53eba14192633cdc36b98eda58a0687eab649,True,utf-8-sig,1.0000,47,text,,,,,,
ProjRep/000/000/000/002/091,ProjRep/000/000/000/002,091,,27,6fbe9c3c8a2602f1a63d7fcac61b465378eec7d02f6af378f38d71da438e4f81,True,utf-8-sig,1.0000,4,text,,,,,,
ProjRep/000/000/000/002/092,ProjRep/000/000/000/002,092,,26,e3d3be7b22f2b33aa6fc06b130c80c5d5e0517e91dac72b9c00d271649fb2970,True,utf-8-sig,1.0000,4,text,,,,,,
ProjRep/000/000/000/002/097,ProjRep/000/000/000/002,097,,4817,f9ba77104f3ae417e73a20640e697e1cb9fb3a6a4fc83d460b4c183dc65fe22f,True,utf-8-sig,1.0000,205,text,,,,,,
ProjRep/000/000/000/002/098,ProjRep/000/000/000/002,098,,1498,5bbc464e85ad4582236e96db646edb6ae3fcc8401c891694bf06f53296a31dfa,True,utf-8-sig,1.0000,63,text,,,,,,
ProjRep/000/000/000/002/099,ProjRep/000/000/000/002,099,,28,5a5edde69bf448a189a3c2f6a6a1da70f04991b0085fb50b68bc1197d43f2534,True,utf-8-sig,1.0000,2,text,,,,,,
ProjRep/000/000/000/002/100,ProjRep/000/000/000/002,100,,35,b83186e8e61a72453f2ca2124df08811b723b3241a34d1e9489304f2b177cd05,True,utf-8-sig,1.0000,4,text,,,,,,
ProjRep/000/000/000/002/101,ProjRep/000/000/000/002,101,,38,708359d29d8e9ee7972cbffb8a5a3e243fbd858ea045654e8e5075cad8cab4ee,True,utf-8-sig,1.0000,4,text,,,,,,
ProjRep/000/000/000/002/102,ProjRep/000/000/000/002,102,,169327,a2ff8cd5db997a73a8ad3dd9562b6f3e8d3c2006cdc1209843a601b390e74cae,True,utf-8-sig,1.0000,2025,text; contains_control_flow; contains_function_or_sub,,,,If ; For ; Next,Function ,
ProjRep/000/000/000/002/103,ProjRep/000/000/000/002,103,,83,6c4baefd8d76256d4c10c6e8477590b50e92f0ec37371bd2dc2370635800fa7d,True,utf-8-sig,1.0000,5,text,,,,,,
ProjRep/000/000/000/002/104,ProjRep/000/000/000/002,104,,169489,30cb59e92c6fd5051c3c5ea9d817ee638049b95358b8090af9a4368a94b6e4da,True,utf-8-sig,1.0000,2027,text; contains_control_flow; contains_function_or_sub,,,,If ; For ; Next,Function ,
ProjRep/000/000/000/002/105,ProjRep/000/000/000/002,105,,31,ba7387c5d6fff04802e8fe41f03116e62c214b8ad77710f3fc7b4f2a08f86ab7,True,utf-8-sig,1.0000,2,text,,,,,,
ProjRep/000/000/000/002/106,ProjRep/000/000/000/002,106,,1673,f05de29f5958e164e56fcf3e90035c7ee5a9f2b79e8cd994cd42961c02cbaa22,True,utf-8-sig,1.0000,91,text,,,,,,
ProjRep/000/000/000/002/107,ProjRep/000/000/000/002,107,,2644,401549ca31598cf56d67db71fea894c397be984f4300899f2d87e53d3549e61c,True,utf-8-sig,1.0000,81,text,,,,,,
ProjRep/000/000/000/002/108,ProjRep/000/000/000/002,108,,1755,3c2b7b68ddd25fa7a8ee11aa73246083c113e1ed96aab3e758c5c183c319db6a,True,utf-8-sig,1.0000,87,text,,,,,,
ProjRep/000/000/000/002/109,ProjRep/000/000/000/002,109,,375,5443576af7d9904007c4464e258d588003e86d6699f0c7a2639529649a347a21,True,utf-8-sig,1.0000,13,text,,,,,,
ProjRep/000/000/000/002/110,ProjRep/000/000/000/002,110,,345,89e8c594d3cbab1c1014b58ee2c2192cc61f50a667a8f4e0805a96fe2c9aaef7,True,utf-8-sig,1.0000,5,text,,,,,,
ProjRep/000/000/000/002/111,ProjRep/000/000/000/002,111,,5228,d4ec2c05291951aa1b0b3fcd6bb33ac9518d7ec2345403efbf092fdd8c6ffabc,True,utf-8-sig,1.0000,211,text; contains_control_flow,,,,Next,,
ProjRep/000/000/000/002/112,ProjRep/000/000/000/002,112,,3564,8063061747e01ba0a51fd7ba3c72ff2d679032b8e5e381639cc5c18591ff700d,True,utf-8-sig,1.0000,120,text; contains_control_flow,,,,Next,,
ProjRep/000/000/000/002/113,ProjRep/000/000/000/002,113,,1819,02b3215f3827ea245b1e0e709856370577d5b032f374becd2eeaafd225466b56,True,utf-8-sig,1.0000,80,text,,,,,,
ProjRep/000/000/000/002/114,ProjRep/000/000/000/002,114,,5453,c56269a566d69e7cc19b87c550cf58598ad5c9937792258a7d9f03f28c0f68ba,True,utf-8-sig,1.0000,224,text; contains_control_flow,,,,Next,,
ProjRep/000/000/000/002/115,ProjRep/000/000/000/002,115,,49575,e4055bc922c4d107d265315b0122f48362fa2ddd37aa0eb8dade44eecc5a8238,True,utf-8-sig,1.0000,1961,text,,,,,,
ProjRep/000/000/000/002/116,ProjRep/000/000/000/002,116,,1155,c6ada1abbe21043baab43850e3e4b4112d5829852a76bfa61ec0dd3abf6b71d9,True,utf-8-sig,1.0000,71,text; contains_control_flow; contains_function_or_sub,,,,For ,Function ; End Function; Sub ; End Sub,
ProjRep/000/000/000/002/117,ProjRep/000/000/000/002,117,,1238,32b21dc8587186a0805709b5fade4a2d82272883cce8f186f9188ff7545b3cdb,True,utf-8-sig,1.0000,69,text; contains_function_or_sub,,,,,Function ; End Function; Sub ; End Sub,
ProjRep/000/000/000/002/118,ProjRep/000/000/000/002,118,,552,ef4c796525e2031a8f9d0e7aa0ae8f0e3d7fd70424e2b48d0d2408dabba9f27c,True,utf-8-sig,1.0000,32,text; contains_function_or_sub,,,,,Function ; End Function; Sub ; End Sub,
ProjRep/000/000/000/002/119,ProjRep/000/000/000/002,119,,288,ca9414e44abc6546ee0ecfb122e42f7a8071fb71aa5ac45fdb8f735ef80008f9,True,utf-8-sig,1.0000,23,text; contains_function_or_sub,,,,,Function ; End Function; Sub ; End Sub,
ProjRep/000/000/000/002/120,ProjRep/000/000/000/002,120,,786,defed02d183cc32e35e838b555ec9c67fce3003b0e5b576e8e6e43cdc9f142eb,True,utf-8-sig,1.0000,59,text; contains_function_or_sub,,,,,Function ; End Function; Sub ; End Sub,
ProjRep/000/000/000/002/121,ProjRep/000/000/000/002,121,,343,2983635c150307280a2e9646b4fc744aa2a4ef0d55bed59f7439cdba1db03204,True,utf-8-sig,1.0000,15,text; contains_function_or_sub,,,,,Function ; End Function,
ProjRep/000/000/000/002/122,ProjRep/000/000/000/002,122,,763,0fd99f0a9ff9bbc3b59b5fbff424e800d4599177e186d9effb19a148c293dc3a,True,utf-8-sig,1.0000,47,text; contains_control_flow; contains_function_or_sub,,,,For ,Function ; End Function; Sub ; End Sub,
ProjRep/000/000/000/002/123,ProjRep/000/000/000/002,123,,941,1deddacedb0306eae0d86cfe0c3c68caa29ed582f41f9a379873d875dc92f071,True,utf-8-sig,1.0000,57,text; contains_function_or_sub,,,,,Function ; End Function; Sub ; End Sub,
ProjRep/000/000/000/002/124,ProjRep/000/000/000/002,124,,267,eca051cac0eb7c6352ec7a11f8fd6a10f41d2adf450effe434abcefe38919fcb,True,utf-8-sig,1.0000,19,text; contains_function_or_sub,,,,,Function ; End Function; Sub ; End Sub,
ProjRep/000/000/000/002/125,ProjRep/000/000/000/002,125,,123,382517e390127c25609909164250ee3c1e1ad05f8b3eac13a00f8ab27148a88f,True,utf-8-sig,1.0000,7,text; contains_function_or_sub,,,,,Function ; End Function; Sub ; End Sub,
ProjRep/000/000/000/002/126,ProjRep/000/000/000/002,126,,15250,4995d5eee31c9da3be0102ed177db04d173b088e06572cb68fbf111a08ec7e2f,True,utf-8-sig,1.0000,389,text; contains_control_flow; contains_function_or_sub,,,,If ; Then; Else; End If; For ; Next; Select Case; End Select,Function ; End Function; Sub ; End Sub,
ProjRep/000/000/000/002/128,ProjRep/000/000/000/002,128,,1911,10882242cc886ba688c7f342de4806038d6db318cf1d5c028129cb0881bf4f55,True,utf-8-sig,1.0000,88,text; contains_control_flow; contains_function_or_sub,,,,If ; Then; End If; For ; Next,Function ; End Function; Sub ; End Sub,
ProjRep/000/000/000/002/142,ProjRep/000/000/000/002,142,,21869,3b52e06533893a8827a8ad5cb471b7214fb6432e3ae536b0accfe0c9e086e73e,True,utf-8-sig,1.0000,494,text; contains_control_flow; xml_candidate,,,,If ,,
ProjRep/000/000/000/002/143,ProjRep/000/000/000/002,143,,78,7dac44d14beda50619dd62f98d761af07c6640eb6cf14f6ddca56cd2aa0fb32a,True,utf-16,1.0000,3,text,,,,,,
ProjRep/000/000/000/002/144,ProjRep/000/000/000/002,144,,408,47439e247ca976e27ba82748371777b70eed7aad93f076d3a1874ba9c5cab2c8,True,utf-16,1.0000,10,text,,,,,,
ProjRep/000/000/000/002/145,ProjRep/000/000/000/002,145,,4,1935be65d9b16ff28869b751f1485159ad833bf95a791b4350603ec048655dc5,True,utf-8-sig,1.0000,1,text,,,,,,
ProjRep/000/000/000/002/146,ProjRep/000/000/000/002,146,,58262,9632f0c37392b53a5d43879fecc98687c40bcca7cb1cc48af6129c18dae01d97,True,utf-8-sig,1.0000,1241,text; contains_control_flow; xml_candidate,,,,If ; Next,,
ProjRep/000/000/000/002/147,ProjRep/000/000/000/002,147,,454,69073e2282b86a8cb13727e1e01a7fa4e69d0ae984f9c1ee1557e914cef71b0a,True,utf-16,1.0000,10,text,,,,,,
ProjRep/000/000/000/002/148,ProjRep/000/000/000/002,148,,4,12f6347ebac78d1ab5c848861689558c43074e5e426728d2e26086bd9bbc8c0c,True,utf-8-sig,1.0000,1,text,,,,,,
ProjRep/000/000/000/002/149,ProjRep/000/000/000/002,149,,256,b2a45c923fbc91a2310b3673f7e0541f44f15a1dd771542eebf23d35be6b7517,True,utf-8-sig,1.0000,9,text; contains_control_flow,,,,Then,,
ProjRep/000/000/000/002/150,ProjRep/000/000/000/002,150,,331,71cae602008984c1e3ed368f37d88546df9c24034d76842b5e8116cd5dc9a42f,True,utf-8-sig,1.0000,12,text,,,,,,
ProjRep/000/000/000/002/151,ProjRep/000/000/000/002,151,,16761,6544090c625635eb91fecad2e18acb19c4836b184f3740aaa5963f5ca0853a67,True,utf-8-sig,1.0000,203,text; contains_control_flow,,,,Next,,
ProjRep/000/000/000/002/152,ProjRep/000/000/000/002,152,,164,45d2e0b023062653869e800f83f5dd3327ec2705c587e4eceeb142b376cf3c69,True,utf-8-sig,1.0000,7,text,,,,,,
ProjRep/000/000/000/002/153,ProjRep/000/000/000/002,153,,329,30526c43a7829a3f0681830cef7d7b818a427487f539a16dd33241b51a106a24,True,utf-8-sig,1.0000,10,text; contains_control_flow,,,,If ,,
ProjRep/000/000/000/002/154,ProjRep/000/000/000/002,154,,253,66b0828398db31289214d399eba398a788b7be4b16348016cf3aaeb00fbc7305,True,utf-8-sig,1.0000,10,text,,,,,,
ProjRep/000/000/000/002/155,ProjRep/000/000/000/002,155,,416,962aa2e7d8c3957cc294c5f45e6d51985a89b6aa108d045bc005ee963b1d7c43,True,utf-8-sig,1.0000,10,text,,,,,,
ProjRep/000/000/000/002/156,ProjRep/000/000/000/002,156,,167,fde503b2110304602c00a7a0e912e90d044dae74a679b48010b5385a08c7814b,True,utf-8-sig,1.0000,7,text,,,,,,
ProjRep/000/000/000/002/157,ProjRep/000/000/000/002,157,,326,648d614e6f832ebf9545e8bb67f6a598fb0a357ab4fea947354e6c6879fae01c,True,utf-8-sig,1.0000,10,text,,,,,,
ProjRep/000/000/000/002/158,ProjRep/000/000/000/002,158,,165,768cb903fa5ad29efc4f2b58fa9f380efe168b8f2476774871e5e06e736a7594,True,utf-8-sig,1.0000,7,text,,,,,,
ProjRep/000/000/000/002/159,ProjRep/000/000/000/002,159,,411,0262632b788f1c2fa2e52a71b3c4990f1d1d5cd376a9dfccd8892e2c631689a2,True,utf-8-sig,1.0000,10,text,,,,,,
ProjRep/000/000/000/002/160,ProjRep/000/000/000/002,160,,324,c3d498d23de2bb92762422359fada0449696a070696d8daccb9a22bcc6b1e986,True,utf-8-sig,1.0000,11,text,,,,,,
ProjRep/000/000/000/002/161,ProjRep/000/000/000/002,161,,165,f5fb36f2f3d09ace0834c1995c85f557f5eed428599713f37e0d6d1158f2624c,True,utf-8-sig,1.0000,7,text,,,,,,
ProjRep/000/000/000/002/162,ProjRep/000/000/000/002,162,,164,75bc9e0fe2ed27f8ad160f427abf8c6b1e443168f7d581b655e4798d94e40bfd,True,utf-8-sig,1.0000,7,text,,,,,,
ProjRep/000/000/000/002/163,ProjRep/000/000/000/002,163,,164,8c5ca3ec0b51f9c5bdbe9292f60110f31c43570c07c4af6791e75a1be3bcf18c,True,utf-8-sig,1.0000,7,text,,,,,,
ProjRep/000/000/000/002/164,ProjRep/000/000/000/002,164,,4488,81ef590e7fd6f5b44175bfadddc4ea2b1dc8eb9ca154140760591e573ee4a979,True,utf-8-sig,1.0000,51,text; contains_control_flow,,,,For ,,
ProjRep/000/000/000/002/165,ProjRep/000/000/000/002,165,,9665,9103459366fc23fb1f2353332215c15f4a0661546260b32a048be942a4861eca,True,utf-8-sig,1.0000,143,text,,,,,,
ProjRep/000/000/000/002/166,ProjRep/000/000/000/002,166,,1123,f9d5d6e2452205a84532740917cade7c57099974c8f2ab35174c6ec881195fa2,True,utf-8-sig,1.0000,31,text,,,,,,
ProjRep/000/000/000/002/167,ProjRep/000/000/000/002,167,,10288,353b5cc5a8bcf8e970e431c97ea06c400a65594c399ce638d1dceecdf65f617a,False,,,,binary,,,,,,
ProjRep/000/000/000/002/168,ProjRep/000/000/000/002,168,,6784,909b8d010306be3ddf9fc5cd6946ebe173d777572f6850c1ec183bb45d43f359,True,utf-8-sig,1.0000,242,text; contains_control_flow,,,,Do ,,
ProjRep/000/000/000/002/169,ProjRep/000/000/000/002,169,,573,c9983390342b6ae8aacffbea699a316ce69f3a4dee081ca7212a8906f04657e2,True,utf-8-sig,1.0000,42,text,,,,,,
ProjRep/000/000/000/002/170,ProjRep/000/000/000/002,170,,155301,abd42f410bedcc520d2326762797e1d9422ccab947a88917a32582cc245c3268,True,utf-8-sig,1.0000,1019,text; contains_control_flow,,,,If ; For ; Do ,,
ProjRep/000/000/000/002/171,ProjRep/000/000/000/002,171,,2344,e4073dca3935d1d9c7c8d594509be388c23d514ffc8f994e5f16b60948d16c89,True,utf-8-sig,1.0000,94,text,,,,,,
ProjRep/000/000/000/002/172,ProjRep/000/000/000/002,172,,12714,3b0c29f35763e3a830fb663b8983d326d029c835c98ce261cabd6e74d3a70998,True,utf-8-sig,1.0000,303,text,,,,,,
ProjRep/000/000/000/002/173,ProjRep/000/000/000/002,173,,1989,44ffb1e584ac6848e4db7eee88b77b45b695d184cef3f8c126cb2836bf306eb7,True,utf-8-sig,1.0000,65,text,,,,,,
ProjRep/000/000/000/002/174,ProjRep/000/000/000/002,174,,1372,e017aa47f54bbc3b021548d894bd5bdf0639c816df38372b1271a30fce0462d7,True,utf-8-sig,1.0000,65,text,,,,,,
ProjRep/000/000/000/002/175,ProjRep/000/000/000/002,175,,699,4aea655f8032abab07ba07c8c789b1394a1877c1de0d00ab138efa15fa590159,True,utf-8-sig,1.0000,26,text,,,,,,
ProjRep/000/000/000/002/176,ProjRep/000/000/000/002,176,,89,eb01ae95f8b034ee6afa651a85f90f3f6bf270bfe7c48e82dc8f5c6f80af37ce,True,utf-8-sig,1.0000,2,text,,,,,,
ProjRep/000/000/000/002/177,ProjRep/000/000/000/002,177,,112,ebc287c8c104d07dadf9f8f01a35a49d02c3f8d0a0bb0dc4d0ec42c6fff58858,True,utf-8-sig,1.0000,2,text,,,,,,
ProjRep/000/000/000/002/178,ProjRep/000/000/000/002,178,,2061,769e436fe6d5a1bf3eb8dfd19ac915a22e691ddc7952f847b221ad36b3fc6510,True,utf-8-sig,1.0000,65,text,,,,,,
ProjRep/000/000/000/002/179,ProjRep/000/000/000/002,179,,1372,48cede827fdd9f483bf18fb836730877619a6d60d8fe666436462508a726fe66,True,utf-8-sig,1.0000,65,text,,,,,,
ProjRep/000/000/000/002/180,ProjRep/000/000/000/002,180,,1743,eb83ac1c47d1805ab1eb01125445d10a83f5fb97dc0e20c72b6849e3d5e071bd,True,utf-8-sig,1.0000,59,text,,,,,,
ProjRep/000/000/000/002/181,ProjRep/000/000/000/002,181,,1399,1f79fd02ddef23cc7b2595fb16a1844c4353a63777ca6f2b803886125f8d99f8,True,utf-8-sig,1.0000,68,text,,,,,,
ProjRep/000/000/000/002/182,ProjRep/000/000/000/002,182,,352,ab88ee49113937fa06cee2a84d7f65c49e43bd3a20c8766ee7445b4dcb81ef6a,True,utf-8-sig,1.0000,14,text,,,,,,
ProjRep/000/000/000/002/183,ProjRep/000/000/000/002,183,,368,d387ee00ae37eded2a204483b8c0c681d8c5414db60a952a9e1b280d02f1a5a2,True,utf-8-sig,1.0000,14,text,,,,,,
ProjRep/000/000/000/002/184,ProjRep/000/000/000/002,184,,253,ba7cc3efb5a6a09d0325da6d281d2d0d3c7087cca86390631be8a0a7bd17c149,True,utf-8-sig,1.0000,10,text,,,,,,
ProjRep/000/000/000/002/185,ProjRep/000/000/000/002,185,,677,14d8d6e09d6e23c0812cafb8d37db0f5088a625995cb95855c5e21d01f219f3d,True,utf-8-sig,1.0000,13,text,,,,,,
ProjRep/000/000/000/002/186,ProjRep/000/000/000/002,186,,261,aedb27c2e4b84e0ae438c76b57d0f279fbe243c9c4290a3c056cccae041eeb56,True,utf-8-sig,1.0000,3,text,,,,,,
ProjRep/000/000/000/002/187,ProjRep/000/000/000/002,187,,306,167efbf9f5d217799e1838cacfc17585039b8079c0fa8b3c0b470e2e3eca077f,True,utf-8-sig,1.0000,12,text,,,,,,
ProjRep/000/000/000/002/188,ProjRep/000/000/000/002,188,,158,d60ce3fdf26fd249bef3c5c5e36eab5f83740676e258b9176e433be8d3752ffc,True,utf-8-sig,1.0000,7,text,,,,,,
ProjRep/000/000/000/002/189,ProjRep/000/000/000/002,189,,420,b539afe0f354194dbaa2f05d01d9f7da9b6f4cad2290b1adbd619429d01e39b4,True,utf-8-sig,1.0000,8,text,,,,,,
ProjRep/000/000/000/002/190,ProjRep/000/000/000/002,190,,296,70853a441475d9609c707ba72f3fd1d42e7279cde0f87e0858e60468a94a7178,True,utf-8-sig,1.0000,12,text,,,,,,
ProjRep/000/000/000/002/191,ProjRep/000/000/000/002,191,,159,6b6c2991432bf7d9a25cae8635745f0aafdb9f8a949b234c5c14f2e5830e661d,True,utf-8-sig,1.0000,7,text,,,,,,
ProjRep/000/000/000/002/192,ProjRep/000/000/000/002,192,,425,bf5f4da604a294d559791b6c4d89b4bd43bd7630728fce033ed6a00b88390e86,True,utf-8-sig,1.0000,8,text,,,,,,
ProjRep/000/000/000/002/193,ProjRep/000/000/000/002,193,,306,a6f07465155a485411e63d78f0d96faa323eee5c351c8d1796d2c8b9a09fb2d0,True,utf-8-sig,1.0000,12,text,,,,,,
ProjRep/000/000/000/002/194,ProjRep/000/000/000/002,194,,164,adff0733a93010e8ce8c59470d6bfc1ab8ff0351fa691998f36f71e289684f07,True,utf-8-sig,1.0000,7,text,,,,,,
ProjRep/000/000/000/002/195,ProjRep/000/000/000/002,195,,504,bbe89ed322fa82dba94f032f8b0858256af484b578b7f965bfc952f63fc11aa7,True,utf-8-sig,1.0000,10,text; contains_control_flow,,,,If ; Next,,
ProjRep/000/000/000/002/196,ProjRep/000/000/000/002,196,,310,9efaf18c84ef277e1d293dd5cd8e5d24d9655daf41b554a409cf5b3a227df010,True,utf-8-sig,1.0000,12,text; contains_control_flow,,,,Next,,
ProjRep/000/000/000/002/197,ProjRep/000/000/000/002,197,,167,a9b0d9ce205394ae4387c34df96aa8d64524a2881a84ae1b3f5cef4ca63afd47,True,utf-8-sig,1.0000,7,text,,,,,,
ProjRep/000/000/000/002/198,ProjRep/000/000/000/002,198,,505,7c007852547cc85a786da20029cc79794d28c95c876d261f632457c38e0c830c,True,utf-8-sig,1.0000,10,text,,,,,,
ProjRep/000/000/000/002/199,ProjRep/000/000/000/002,199,,313,62b24bf1e2f14a91aaf8dd230f78a1b51c4ef569a65302f9c962bdf4fc1ef5db,True,utf-8-sig,1.0000,12,text,,,,,,
ProjRep/000/000/000/002/200,ProjRep/000/000/000/002,200,,164,3f25d77459fc96058ae63e0e6e2c0396390396041651af131708a2b47fd6cbcf,True,utf-8-sig,1.0000,7,text,,,,,,
ProjRep/000/000/000/002/201,ProjRep/000/000/000/002,201,,496,102199f9626a7bdc3b92983d713fa2b8f4884f0e3f537a4e155a6699a667a786,True,utf-8-sig,1.0000,10,text; contains_control_flow,,,,If ,,
ProjRep/000/000/000/002/202,ProjRep/000/000/000/002,202,,296,026106b0ba648076812ed99c04402e46128f39e11948505515a48f2811a069b8,True,utf-8-sig,1.0000,12,text,,,,,,
ProjRep/000/000/000/002/203,ProjRep/000/000/000/002,203,,253,d82f21adeb107331f4a8d2be6dd11c52315abadc0a52b87020ece73fbec803db,True,utf-8-sig,1.0000,10,text,,,,,,
ProjRep/000/000/000/002/204,ProjRep/000/000/000/002,204,,588,8f030d93b1a862c091f60d9c2503c36730fc3cf9f4894fe0167df839072656b3,True,utf-8-sig,1.0000,10,text,,,,,,
ProjRep/000/000/000/002/205,ProjRep/000/000/000/002,205,,304,b5ba4f5df8417e23d7c0ebca4bad867c57f1cabace50c1dfce29c01a77262752,True,utf-8-sig,1.0000,12,text,,,,,,
ProjRep/000/000/000/002/206,ProjRep/000/000/000/002,206,,164,1a9c744f7c5e46a1c16f5a8e12383ed90d4e94ac86ed9e530fafc4e98fd92573,True,utf-8-sig,1.0000,7,text,,,,,,
ProjRep/000/000/000/002/207,ProjRep/000/000/000/002,207,,164,2fac63c4a4dc482679d5feb0b4abcbfbcca21b9bb149e3bc34e4f8470a0a028d,True,utf-8-sig,1.0000,7,text,,,,,,
ProjRep/000/000/000/002/208,ProjRep/000/000/000/002,208,,502,df1d7afbc80e4bc0ac0fd9835904d32d45df92076e7924ca3e8d6a67708cd425,True,utf-8-sig,1.0000,10,text; contains_control_flow,,,,If ,,
ProjRep/000/000/000/002/209,ProjRep/000/000/000/002,209,,308,5fce29c9bf5ac58c8a3c7643d775cb15692cbf9d806f863e78265d60e703f7b4,True,utf-8-sig,1.0000,12,text,,,,,,
ProjRep/000/000/000/002/210,ProjRep/000/000/000/002,210,,253,f1621397575dcfb67c6341b78b19037512cfbe85be6247c660815b77ccac113f,True,utf-8-sig,1.0000,10,text,,,,,,
ProjRep/000/000/000/002/211,ProjRep/000/000/000/002,211,,587,8aa75a2e004079c31cf0a501cc33f4e13c149c6867cb51a0d35e992679ca055b,True,utf-8-sig,1.0000,10,text,,,,,,
ProjRep/000/000/000/002/212,ProjRep/000/000/000/002,212,,303,dd2850a1dff17716e76c6a47fd6b73f8ab7121cfe3fd80692148c7cf271a0290,True,utf-8-sig,1.0000,12,text,,,,,,
ProjRep/000/000/000/002/213,ProjRep/000/000/000/002,213,,175,d6d395a488186c50bafd1cbd5acef786fb9ad32dbfbaba34efe83f198de4a2df,True,utf-8-sig,1.0000,8,text,,,,,,
ProjRep/000/000/000/002/214,ProjRep/000/000/000/002,214,,584,85e258802fd900622fdbcd458cfc2677c8967827c98dd63a45efdc1293fcb534,True,utf-8-sig,1.0000,10,text,,,,,,
ProjRep/000/000/000/002/215,ProjRep/000/000/000/002,215,,298,63db247f38b40cef697c9dab4fd8e2becc432c77088cc0f3c40139aa44afd860,True,utf-8-sig,1.0000,12,text,,,,,,
ProjRep/000/000/000/002/216,ProjRep/000/000/000/002,216,,167,cfc2063920b110fe1526862cb7a344abdff4bd0a222abc1ffaf9a9969a7b5f60,True,utf-8-sig,1.0000,7,text,,,,,,
ProjRep/000/000/000/002/217,ProjRep/000/000/000/002,217,,506,2047f8f671e604f3166d4bd758c81960b0e8c80fb1f2a116855a8607ec401f16,True,utf-8-sig,1.0000,10,text,,,,,,
ProjRep/000/000/000/002/218,ProjRep/000/000/000/002,218,,164,b5edc1e60548751b182e0d4d6463fce04a3cb6e884cd3e55c9f90f1a983c3c74,True,utf-8-sig,1.0000,7,text,,,,,,
ProjRep/000/000/000/002/219,ProjRep/000/000/000/002,219,,496,5b34c0e4c19aac019661e8f1c48b3f840e6feee02bb634d88ffc37f4ed90add0,True,utf-8-sig,1.0000,10,text; contains_control_flow,,,,If ,,
ProjRep/000/000/000/002/220,ProjRep/000/000/000/002,220,,164,8d1122ac39a5cfa731d4f981752dfc4c3777eb8d7ebb0d7fba9ee71692d53e90,True,utf-8-sig,1.0000,7,text,,,,,,
ProjRep/000/000/000/002/221,ProjRep/000/000/000/002,221,,496,c75fab3b515d398744a3ed760a947fefa40675141bc9735114bfe0f2654cea7e,True,utf-8-sig,1.0000,10,text; contains_control_flow,,,,If ,,
ProjRep/000/000/000/002/222,ProjRep/000/000/000/002,222,,302,9488f431c75266d3c05c0207a6e11b2420150b5a99e6f8279972209ca509f227,True,utf-8-sig,1.0000,12,text,,,,,,
ProjRep/000/000/000/002/223,ProjRep/000/000/000/002,223,,225,a9dbde7353a0cec4374bd3fb07c63c1cc2a3c1f63b4ad72b7a8226918fcbfb9b,True,utf-8-sig,1.0000,10,text,,,,,,
ProjRep/000/000/000/002/224,ProjRep/000/000/000/002,224,,565,193761fa35bf1bfb36c21baf7ffee5bd5ed5dd78ac78b896d2565bf6ac3c75bc,True,utf-8-sig,1.0000,10,text,,,,,,
ProjRep/000/000/000/002/225,ProjRep/000/000/000/002,225,,295,f8bc4d5ddf91b23dff496620228aff1e7966678721c5cea92988b6560824fea4,True,utf-8-sig,1.0000,12,text,,,,,,
ProjRep/000/000/000/002/226,ProjRep/000/000/000/002,226,,164,28e63a4efc4e15bc259160616a1ad367df8e8c5d26977243da48ce180cafae7f,True,utf-8-sig,1.0000,7,text,,,,,,
ProjRep/000/000/000/002/227,ProjRep/000/000/000/002,227,,498,b7cdfc1a17832268ec8005af97813bd8be9af498c0ac6dffcaeabc8c5c842583,True,utf-8-sig,1.0000,10,text; contains_control_flow,,,,If ,,
ProjRep/000/000/000/002/228,ProjRep/000/000/000/002,228,,164,be99ee99326cb490c99295b0a826b4cbe7f590c23ca25a1aad909b75ca4e022c,True,utf-8-sig,1.0000,7,text,,,,,,
ProjRep/000/000/000/002/229,ProjRep/000/000/000/002,229,,496,c0bcef7ce08543e3dacc295b7f00c9dabc23e19ecdb02ecca0a935c63863f6f1,True,utf-8-sig,1.0000,10,text; contains_control_flow,,,,If ,,
ProjRep/000/000/000/002/230,ProjRep/000/000/000/002,230,,253,915c6338c82c6cc6ef388013b083e9f8435b3702b93488e8969e21cc5b0708b4,True,utf-8-sig,1.0000,10,text,,,,,,
ProjRep/000/000/000/002/231,ProjRep/000/000/000/002,231,,570,44c63c83ab0084999f39f164495e243b9ea1953286ace2e7fe6b73b8517d80c0,True,utf-8-sig,1.0000,10,text,,,,,,
ProjRep/000/000/000/002/232,ProjRep/000/000/000/002,232,,14688,026d6b0e84d35781b03656cf7e1bee822b703a29aa7966ee8a6ceae7a4d3ad9b,True,utf-8-sig,1.0000,169,text; contains_control_flow,,,,For ; Next,,
ProjRep/000/000/000/002/233,ProjRep/000/000/000/002,233,,10052,6410bf2fb549f308dd9c88bc9da6250a2ded2d93d02c6a9c967d4076b249cec1,True,utf-8-sig,1.0000,148,text,,,,,,
ProjRep/000/000/000/002/234,ProjRep/000/000/000/002,234,,1024,620bd1d0d3972c7ea711dc9b33390d7004d2b3d2052b96e114868ded231faa00,True,utf-8-sig,1.0000,28,text,,,,,,
ProjRep/000/000/000/002/235,ProjRep/000/000/000/002,235,,299447,46bf168e623cde9287d413ea200222605c7780d38ce3867eb079039bac373a9f,False,,,,binary,,,,,,
ProjRep/000/000/000/002/236,ProjRep/000/000/000/002,236,,6784,d9ff3718174717510d17fc761afc2ddc9d04d206839dbcb20fdb43f3a1bfde37,True,utf-8-sig,1.0000,242,text; contains_control_flow,,,,Do ,,
ProjRep/000/000/000/002/237,ProjRep/000/000/000/002,237,,1713,bcca2dd639288448b8d411ead1260834ff7c873f7e9b8562883c0c990ddc377d,True,utf-8-sig,1.0000,114,text,,,,,,
ProjRep/000/000/000/002/238,ProjRep/000/000/000/002,238,,412306,9baad1476e676db49079cf4283c0e1fd2cd17dea22ef4d41a84e56dd9e25ff35,True,utf-8-sig,1.0000,3639,text; contains_control_flow,,,,If ; For ; Next; Do ,,
ProjRep/000/000/000/002/239,ProjRep/000/000/000/002,239,,2328,2716c051fb078dd463e78e6823a0631bf03b769d65722d84e2b139637603df9a,True,utf-8-sig,1.0000,69,text,,,,,,
ProjRep/000/000/000/002/240,ProjRep/000/000/000/002,240,,4334,de226e17fb874c53c62dd385c733d0fb6b66e66dc862420bb6a41dcf64924bc6,True,utf-8-sig,1.0000,152,text; contains_control_flow,,,,Next,,
ProjRep/000/000/000/002/241,ProjRep/000/000/000/002,241,,11366,9db4dead8149c1344df916be2512b93536ef95e78706560caaaace3f854ce6ce,True,utf-8-sig,1.0000,273,text; xml_candidate,,,,,,
ProjRep/000/000/000/002/242,ProjRep/000/000/000/002,242,,428,ef140a84e923bbaf903bf165c17960e56d728eb258e27640ed1c6859860d26ff,True,utf-16,1.0000,10,text,,,,,,
ProjRep/000/000/000/002/243,ProjRep/000/000/000/002,243,,3,68bc23b5950dfa4317f4c8cd5612ec059857fbaae30824d6a86270174f5e9fcb,True,utf-8-sig,1.0000,1,text,,,,,,
ProjRep/000/000/000/002/244,ProjRep/000/000/000/002,244,,9369,8df9e68b9c9e8bd2dea43b8461245d0a87be24d43338ae6fda098414833e45ee,True,utf-8-sig,1.0000,253,text,,,,,,
ProjRep/000/000/000/002/245,ProjRep/000/000/000/002,245,,1987,b8fba601d62c4ce5ca90522560bcec47678a142a4e732134399eb29327f4ce5f,True,utf-8-sig,1.0000,65,text,,,,,,
ProjRep/000/000/000/002/246,ProjRep/000/000/000/002,246,,1453,62a7095582a709f85c800e762f4e80d7a54d446044da66111b0a3124e6fc1db1,True,utf-8-sig,1.0000,70,text,,,,,,
ProjRep/000/000/000/002/247,ProjRep/000/000/000/002,247,,541,18ef2d2804965aa846b6a272107a4676a394002bd2e2782ac093138ca67eed01,True,utf-8-sig,1.0000,24,text,,,,,,
ProjRep/000/000/000/002/248,ProjRep/000/000/000/002,248,,87,a6c185ab0f55ed6f0cedc4070168bacf5a9c8544e4b3cf964d8a7e86804d2c47,True,utf-8-sig,1.0000,2,text,,,,,,
ProjRep/000/000/000/002/249,ProjRep/000/000/000/002,249,,12669,ef5bdb163fb30383964b65199360e0c8105424538b4e44328d1957b5ee2d8023,True,utf-8-sig,1.0000,253,text,,,,,,
ProjRep/000/000/000/002/250,ProjRep/000/000/000/002,250,,576,992c254ccbbc670afcfe9b68853a5093fa9c2e74a6e451fe47492923245fe6a4,True,utf-8-sig,1.0000,24,text,,,,,,
ProjRep/000/000/000/002/251,ProjRep/000/000/000/002,251,,87,6b83bf73cbc7179e850c92cc4c787ea49635befa9ac5982509f205fda184cbfa,True,utf-8-sig,1.0000,2,text,,,,,,
ProjRep/000/000/000/002/252,ProjRep/000/000/000/002,252,,168,b47f121f3c2143b86ce1a1092595710965c38cc6931934ec25e6acd6f1f67d50,True,utf-8-sig,1.0000,3,text,,,,,,
ProjRep/000/000/000/002/253,ProjRep/000/000/000/002,253,,2059,df31b0f0029cb2739eae9a144ee82f05a817bb91a4e744bb0afd3371e5098931,True,utf-8-sig,1.0000,65,text,,,,,,
ProjRep/000/000/000/002/254,ProjRep/000/000/000/002,254,,1445,624479d90c53bc98bde478cd43d06f89fff742fabe6cb202007c3258336babce,True,utf-8-sig,1.0000,70,text,,,,,,
ProjRep/000/000/000/002/255,ProjRep/000/000/000/002,255,,40215,0e1846d54639ff48296575856bbc66d0ac9623f417a9adc2d540c6518be7ffcc,True,utf-8-sig,1.0000,1821,text,,,,,,
ProjRep/000/000/000/002/256,ProjRep/000/000/000/002,256,,3121,bc0f858cbf249bc1f7c8bfeead088dd54a7be82489cdc71686aff0647d4217ab,True,utf-8-sig,1.0000,197,text,,,,,,
ProjRep/000/000/000/002/257,ProjRep/000/000/000/002,257,,2532,f379e357ef85c47138aefbf20fa0de0d288a28431b7c41f621f7dbe3562cd00f,True,utf-8-sig,1.0000,113,text,,,,,,
ProjRep/000/000/000/002/258,ProjRep/000/000/000/002,258,,31,b8ec7cd06763d7495dea9bf0b1518071982579f1552ee9a063342deac8955c18,True,utf-8-sig,1.0000,4,text,,,,,,
ProjRep/000/000/000/002/259,ProjRep/000/000/000/002,259,,43436,73b8398eafaf457f2d6c6b0a43d2aefa11f0255dfef42f78b6ba2820bd6949df,True,utf-8-sig,1.0000,583,text; contains_control_flow; contains_function_or_sub,,,,If ; For ,Function ,
ProjRep/000/000/000/002/260,ProjRep/000/000/000/002,260,,43471,db9c2daeb18dcb17d1e4bbc7e5df6bf49c38a922d75156272f8ddcc3e381a666,True,utf-8-sig,1.0000,584,text; contains_control_flow; contains_function_or_sub,,,,If ; For ,Function ,
ProjRep/000/000/000/002/261,ProjRep/000/000/000/002,261,,2572,3c1677d202466bf3a9765b95df54693cd62902b3386f7336f8539fbb9299d4fa,True,utf-8-sig,1.0000,81,text,,,,,,
ProjRep/000/000/000/002/262,ProjRep/000/000/000/002,262,,1755,65b8bc9f3fe1a10eb8e5e29858fbb9c8fe3e058688f2e10d6603e7c80df378f3,True,utf-8-sig,1.0000,87,text,,,,,,
ProjRep/000/000/000/002/263,ProjRep/000/000/000/002,263,,2620,dced2c26b008a90f8b0738f3e9ccce6cf0a83db4dd88a212e6da236d0b9811dc,True,utf-8-sig,1.0000,115,text,,,,,,
ProjRep/000/000/000/002/264,ProjRep/000/000/000/002,264,,1222,4d971c18d86e06f91327b44a01a96ff0391e20182cc8f1cd06213bbf470ec57a,True,utf-8-sig,1.0000,59,text,,,,,,
ProjRep/000/000/000/002/265,ProjRep/000/000/000/002,265,,1491,49b418f498f6444e25de661e7eacaba1ed1034b6025771ceae96f9ec71abcbef,True,utf-8-sig,1.0000,77,text,,,,,,
ProjRep/000/000/000/002/266,ProjRep/000/000/000/002,266,,1007,14d8633504b06e9df214bd376c11ea2979033a754763ecf0d06bf19683d48a10,True,utf-8-sig,1.0000,42,text; contains_control_flow,,,,Next,,
ProjRep/000/000/000/002/267,ProjRep/000/000/000/002,267,,32,7432fe3e20eee849681dc4aa0817cc48182f28c16b7d21e2498604134c531eee,True,utf-8-sig,1.0000,4,text,,,,,,
ProjRep/000/000/000/002/268,ProjRep/000/000/000/002,268,,3472,90c984910fc222963fe272c396df68844a64f27ff38829af8676c5b9854f6c28,True,utf-8-sig,1.0000,42,text; contains_control_flow; contains_function_or_sub,,,,For ,Function ,
ProjRep/000/000/000/002/269,ProjRep/000/000/000/002,269,,2326,c89cabafb3182256da0d4ec63576091f21f95f1ef666556e8d847fd57f421bcc,True,utf-8-sig,1.0000,75,text,,,,,,
ProjRep/000/000/000/002/270,ProjRep/000/000/000/002,270,,1734,877795942436be261c40dd65906542bc5467ca9810cae01b845be684ddda5951,True,utf-8-sig,1.0000,86,text,,,,,,
ProjRep/000/000/000/002/271,ProjRep/000/000/000/002,271,,2272,5435b4b5843d764eb13faa3724acbbc7b947f6d258017317dc49cad588edfe3e,True,utf-8-sig,1.0000,106,text,,,,,,
ProjRep/000/000/000/002/272,ProjRep/000/000/000/002,272,,1278,c499f55b4f1efedae0ccceec5c726269ce4e0cce7f50d00a175b32f149591c7d,True,utf-8-sig,1.0000,70,text,,,,,,
ProjRep/000/000/000/002/273,ProjRep/000/000/000/002,273,,328,c40080ed3bbe90a170363ba16212bfc9ad9f49bead7e86d95c4e0a00fa2fa9df,True,utf-8-sig,1.0000,14,text; contains_control_flow,,,,Next,,
ProjRep/000/000/000/002/274,ProjRep/000/000/000/002,274,,41797,e3813481c4ea080d2aa7823f155a21435d756b97529817bb2467e46c29192fa0,True,utf-8-sig,1.0000,1858,text,,,,,,
ProjRep/000/000/000/002/275,ProjRep/000/000/000/002,275,,20992,4a238d4754d544998785db913947368cc6baaea90c506cb0a40a4c070e09c731,False,,,,binary,,,,,,
ProjRep/000/000/000/002/276,ProjRep/000/000/000/002,276,,22016,ccb26d3d680f2d4f5df5efef74274be224a7010b6eced8889808b5669d7cd66d,False,,,,binary,,,,,,
ProjRep/000/000/000/002/277,ProjRep/000/000/000/002,277,,19968,1efdab5ad3f77545a642e513b18eb24d7746637a0e1001c8ab5bbf646722e8b5,False,,,,binary,,,,,,
ProjRep/000/000/000/002/278,ProjRep/000/000/000/002,278,,19968,321452ef441103357f512fd829d9acd5385065fd3bbb4c2267e7bd2fc2dc8c92,False,,,,binary,,,,,,
ProjRep/000/000/000/002/279,ProjRep/000/000/000/002,279,,17408,8bdc32af8ae112a99122beadbbeaa262c159ec350fffe8290a15c27301a747ec,False,,,,binary,,,,,,
ProjRep/000/000/000/002/298,ProjRep/000/000/000/002,298,,71680,d2abf402d4505474da3b3b62f19f5ee36f896838cbda9994c137b299a70ae97b,False,,,,binary,,,,,,
ProjRep/000/000/000/002/299,ProjRep/000/000/000/002,299,,8192,dd27fb232552cd5b263c0e76359ebd8c726d1c776cf2e278ee7f1ddb7230685d,False,,,,binary,,,,,,
ProjRep/000/000/000/002/300,ProjRep/000/000/000/002,300,,10240,725fbb57006f705fbe3649861acae7df7fb573f4d399db0e328ad86ca8eae1aa,False,,,,binary,,,,,,
ProjRep/000/000/000/002/367,ProjRep/000/000/000/002,367,,37888,64de1779272775291e25b1024f4d786a667149d0b14d6b60e749d8d29a858792,False,,,,binary,,,,,,
ProjRep/000/000/000/002/370,ProjRep/000/000/000/002,370,,13312,f2c78bbd68c26e9fe384b7e86ca629259f4b9b4473e3c800a3c300ed86e848cf,False,,,,binary,,,,,,
ProjRep/000/000/000/002/373,ProjRep/000/000/000/002,373,,13312,e3ab1b10eba81e36c23d902f66c5fe863dc713dae21b126d8e32c665903a5466,False,,,,binary,,,,,,
ProjRep/000/000/000/002/412,ProjRep/000/000/000/002,412,,809,422180c6cc4b51bc4988d306e4add5db5b99ccbb05a8ebccab248c6e5dda62b8,True,utf-8-sig,1.0000,55,text,,,,,,
ProjRep/000/000/000/002/413,ProjRep/000/000/000/002,413,,1423,333c7b1dfa921fecf99d4d2d2101261a9f8917467e8c13a0e91f8f9f4894d0ad,True,utf-8-sig,1.0000,89,text,,,,,,
ProjRep/000/000/000/002/414,ProjRep/000/000/000/002,414,,332,8cad56e2ec7c379c64fa70bb932ac6a45f9fd86013f185266ecb8775b0478081,True,utf-8-sig,1.0000,15,text,,,,,,
ProjRep/000/000/000/002/415,ProjRep/000/000/000/002,415,,5120,082e975e553ff72c830f27f1340b3df378242a359ae909407594c4655c673a7c,False,,,,binary,,,,,,
ProjRep/000/000/000/002/416,ProjRep/000/000/000/002,416,,5120,5f2a01e83370d22f7cefed2c13dc2f65b8cd7eed964a16053e16bda3d6c7d04e,False,,,,binary,,,,,,
ProjRep/000/000/000/002/417,ProjRep/000/000/000/002,417,,28160,8a723c84e037343c6920457968d1e66d6e967a96ffee196ea865e64eb82eab50,False,,,,binary,,,,,,
ProjRep/000/000/000/002/418,ProjRep/000/000/000/002,418,,196608,f927cf11c4c179c106a08f10b50717a9f4e4cd14d8f5e01481076a5edcedd661,False,,,,binary,,,,,,
ProjRep/000/000/000/002/419,ProjRep/000/000/000/002,419,,6656,1f0847533bee94fa1b732aa02fee48bef6b8f8389bf8b8a2dfe1e7e556cca712,False,,,,binary,,,,,,
ProjRep/000/000/000/002/420,ProjRep/000/000/000/002,420,,43,2fd63072d6234102e528ad8b15d947090b3d3f6912e7c30eb5ec3f56c05702a7,True,utf-8-sig,1.0000,1,text,,,,,,
ProjRep/000/000/000/002/421,ProjRep/000/000/000/002,421,,327680,a4b4cb7bbd36941c11009bc98dc3a42862be8cb203fcf2669efcef30aeb9715e,False,,,,binary,,,,,,
ProjRep/000/000/000/002/422,ProjRep/000/000/000/002,422,,6656,6f3ff09a803391a08da0ebb6c4e67c350ae55282f1e9e79615d9f1cfd64627bd,False,,,,binary,,,,,,
ProjRep/000/000/000/002/423,ProjRep/000/000/000/002,423,,1084,3850f139f9f8ad225cdcbc6e53d6a5dfc759a4277ccfa10dbf828163b574b04a,True,utf-8-sig,1.0000,17,text; uft_script_candidate; contains_object_references,Browser(; Dialog(,WebEdit(; Page(; Browser(,,,,
ProjRep/000/000/000/002/426,ProjRep/000/000/000/002,426,,4608,ad8d785e74076b72680b47c4231b673f967d2dbf9a3c9b56e35cce13cedd83c5,False,,,,binary,,,,,,
ProjRep/000/000/000/002/448,ProjRep/000/000/000/002,448,,4608,1a95481338d2ca829dddb16646f0616c1090996754bcbc9c58251582bb466b26,False,,,,binary,,,,,,
ProjRep/000/000/000/002/449,ProjRep/000/000/000/002,449,,636,383eae133272eb3ae025ea25cb45eb195e747d43effd6b3e3d68ecdf2d9aad13,True,utf-16,1.0000,12,text,,,,,,
ProjRep/000/000/000/002/450,ProjRep/000/000/000/002,450,,694,562b3d7bc3b9bc273114ea621357e82812c27057852dbb786f71f2d5836c6d2d,True,utf-8-sig,1.0000,11,text; xml_candidate,,,,,,
ProjRep/000/000/000/002/452,ProjRep/000/000/000/002,452,,115647,93d9c3278631c5ed5022a705e5110238da6233adb64870d2d75bcdc054e61287,True,utf-8-sig,1.0000,1971,text; uft_script_candidate; contains_object_references; contains_parameter_references; xml_candidate,Browser(,WebEdit(; WebList(; Page(; Browser(,DataTable(,,,
ProjRep/000/000/000/002/455,ProjRep/000/000/000/002,455,,318,8d3f1d8eadf05689438d895ee9135ac14ba38bcb2c2668fbf01aa1aebc020075,False,,,,binary,,,,,,
ProjRep/000/000/000/002/475,ProjRep/000/000/000/002,475,,196608,03a63b7a1a5f3405542ec6fc8a493bc2e2b08cde74bff34a595d56bbfabb5bf9,False,,,,binary,,,,,,
ProjRep/000/000/000/002/476,ProjRep/000/000/000/002,476,,5120,4220ec7ada4ef7ea7ef562690f78e775f1c560efaaf7b95ae88b5d3cc3478efb,False,,,,binary,,,,,,
ProjRep/000/000/000/002/477,ProjRep/000/000/000/002,477,,2560,e92f40796d21c3b82dbc0e0d1ae80a7fa3e55f33299f7e8210feed422be20bae,False,,,,binary,,,,,,
ProjRep/000/000/000/002/478,ProjRep/000/000/000/002,478,,32768,395959cb9203a7c8af8a4cc275f6088b0a41bf616f18b43e0643993d82cfdb1f,False,,,,binary,,,,,,
ProjRep/000/000/000/002/480,ProjRep/000/000/000/002,480,,196608,fbb90dd1c66fb1da8227cc362c4820c11adf5ea711e538bf35de44cfb1ec0458,False,,,,binary,,,,,,
ProjRep/000/000/000/002/481,ProjRep/000/000/000/002,481,,6656,7effc1d7b68acdb51d6540e4e9a2c8792866d210fce69b9888820b9432088276,False,,,,binary,,,,,,
ProjRep/000/000/000/002/482,ProjRep/000/000/000/002,482,,32,1e60e56af308cf15c2f5672628e2383b8f20f6b1a448199ab4813890f38c43b2,True,utf-8-sig,1.0000,1,text,,,,,,
ProjRep/000/000/000/002/483,ProjRep/000/000/000/002,483,,196608,0305c87cb6827c58e92723f36feb9b0f37936add0e7c7722e2a617de0d6b5b31,False,,,,binary,,,,,,
ProjRep/000/000/000/002/484,ProjRep/000/000/000/002,484,,7168,00ac6c3247816b76b7c23f08fd8930e84738cf41c8ff408a74e4178f2eb2f337,False,,,,binary,,,,,,
ProjRep/000/000/000/002/488,ProjRep/000/000/000/002,488,,9728,78d3ffa4fdad42d56f70d2051de3f04cc7b8eafb9e6dbdd3d1f36d600d8fc9ed,False,,,,binary,,,,,,
ProjRep/000/000/000/002/491,ProjRep/000/000/000/002,491,,6077,e5a3262f09e8cd15946f90df43cbb82ccc95f93e34a61e2bd29be95330775416,True,utf-8-sig,1.0000,147,text; contains_function_or_sub; xml_candidate,,,,,Function ,
ProjRep/000/000/000/002/492,ProjRep/000/000/000/002,492,,3072,6854702c6a512c8f1aebfa210462a716d064c26893604583409ec4f299136bba,False,,,,binary,,,,,,
ProjRep/000/000/000/002/493,ProjRep/000/000/000/002,493,,64000,0ad0d3d2efd4f419268dc5d389b80beebccc0342e97648605b28ab0348a5cf79,False,,,,binary,,,,,,
ProjRep/000/000/000/002/495,ProjRep/000/000/000/002,495,,14336,5830703ff38414205e5a01e04f9cdf809042c66801e694b14ad8a9ab2f7fb829,False,,,,binary,,,,,,
ProjRep/000/000/000/002/496,ProjRep/000/000/000/002,496,,266,6c05814fc4564d54fe8f8cbe6b22edc0cad67579ddf613fc6b0b2a3067871323,True,utf-8-sig,1.0000,5,text; uft_script_candidate; contains_parameter_references,Dialog(,,Parameter(,,,
ProjRep/000/000/000/002/501,ProjRep/000/000/000/002,501,,5632,3d71d039e26afa6a75f26c6704beb5474bb46bb0bfb630e86fe8b7f148dc455a,False,,,,binary,,,,,,
ProjRep/000/000/000/002/502,ProjRep/000/000/000/002,502,,574,bf180570048bf6324fc3a03eff5f573c96fa0e2c281674ae0ea2a3083e8f8c4d,True,utf-16,1.0000,12,text,,,,,,
ProjRep/000/000/000/002/505,ProjRep/000/000/000/002,505,,9560,996c6739dd8686aef402213bda7dba24ae4c6f2e5e457cca3840cabd32e20180,True,utf-8-sig,1.0000,242,text; xml_candidate,,,,,,
ProjRep/000/000/000/002/506,ProjRep/000/000/000/002,506,,1150,610b822f3ea46a958b1c0b4ea792e7a4fc4719d634e7e09240e061da1b9c899e,False,,,,binary,,,,,,
ProjRep/000/000/000/002/509,ProjRep/000/000/000/002,509,,1150,33c1ccfcfb7bb3990d2d93ea91e4ecbef5b75199a9c8b789855be5d559b0246a,False,,,,binary,,,,,,
ProjRep/000/000/000/002/517,ProjRep/000/000/000/002,517,,37888,c7b6940e6c03c5a99c120de4a45e4ae631eff70a09a2f8afa63350e7b9b96210,False,,,,binary,,,,,,
ProjRep/000/000/000/002/520,ProjRep/000/000/000/002,520,,13312,c1b240ffae0e9ed5a2e7d6c35cd90f754cf7a51318c59e128c7e5dd66f423ab3,False,,,,binary,,,,,,
ProjRep/000/000/000/002/523,ProjRep/000/000/000/002,523,,13312,c514fd9f4878e4438093505758b1bfe22d11e474fa1d503baf2ed9697313bbf2,False,,,,binary,,,,,,
ProjRep/000/000/000/002/527,ProjRep/000/000/000/002,527,,37888,7960d25849f11bcd42359d4ada1859385c825dca1fa3288a3bb7c4bd38a9eab7,False,,,,binary,,,,,,
ProjRep/000/000/000/002/530,ProjRep/000/000/000/002,530,,13312,709dc72dda7b481beb02163ec6fe0b6691ce2456ef20c7831190322e4973af1d,False,,,,binary,,,,,,
ProjRep/000/000/000/002/533,ProjRep/000/000/000/002,533,,13312,f25e9cec32270f31251dadb36f78405da747ecbdb484cec05aac561768bd48c2,False,,,,binary,,,,,,
ProjRep/000/000/000/002/537,ProjRep/000/000/000/002,537,,37888,3bb225c91339e18838a4897a5e55c8d04a12c89859c330d69304708ecfad5b36,False,,,,binary,,,,,,
ProjRep/000/000/000/002/540,ProjRep/000/000/000/002,540,,13312,19719a059cb1eb1d02764049f0827200a76ddbe023115115934ab289bdaea009,False,,,,binary,,,,,,
ProjRep/000/000/000/002/543,ProjRep/000/000/000/002,543,,13312,18ffc3ee960cf27e50ba394241e734687717034fb5b7eb92f8d5fe962a9759b2,False,,,,binary,,,,,,
ProjRep/000/000/000/002/546,ProjRep/000/000/000/002,546,,8333,be3517998fc8f60bfaf2967202519e990dfe581e1df2d2c990fac01c934dd907,False,,,,binary,,,,,,
ProjRep/000/000/000/002/549,ProjRep/000/000/000/002,549,,5120,10c91702ec64dcb4d7e588536fb74995ce5276c147bbadacd866c04f18e59743,False,,,,binary,,,,,,
ProjRep/000/000/000/002/550,ProjRep/000/000/000/002,550,,574,3f88146c3f1c0983bf6a921e27137e129ba985f8a7e2554b5bddafa02153a950,True,utf-16,1.0000,12,text,,,,,,
ProjRep/000/000/000/002/553,ProjRep/000/000/000/002,553,,13325,0cdc1a724e4b0a76c00a40b1c05cd4d9d4da82249c4a783cb64ede4bc3bab0be,True,utf-8-sig,1.0000,332,text; xml_candidate,,,,,,
ProjRep/000/000/000/002/591,ProjRep/000/000/000/002,591,,262144,0ce3406d552e341f6611de87b4435fa918a3a98b7d44292a3edc9c2712b4ce4f,False,,,,binary,,,,,,
ProjRep/000/000/000/002/592,ProjRep/000/000/000/002,592,,1017,babd4d67184076cf3a94d9f6bffe416706a1dc419b53e4695734b5edd3608b82,True,utf-8-sig,1.0000,63,text,,,,,,
ProjRep/000/000/000/002/593,ProjRep/000/000/000/002,593,,1423,0101e602bf01ffef26aab0a9633636be51b4cf8dde00c54667d7c113ec899685,True,utf-8-sig,1.0000,89,text,,,,,,
ProjRep/000/000/000/002/594,ProjRep/000/000/000/002,594,,5632,071afc14e8d19c39deefd4ac307f66720677033c6af101a73e17f3aff7b25b25,False,,,,binary,,,,,,
ProjRep/000/000/000/002/595,ProjRep/000/000/000/002,595,,3208,aa4ac09d1f84241294bd69ecdcbb125d84305bbbf5672fc7dc43167aaf4f0cbb,True,utf-8-sig,1.0000,75,text; xml_candidate,,,,,,
ProjRep/000/000/000/002/596,ProjRep/000/000/000/002,596,,5632,bd62810c9c74877675acf01e01f83657ca2b339f6b9a3b475a82f9db04d95193,False,,,,binary,,,,,,
ProjRep/000/000/000/002/597,ProjRep/000/000/000/002,597,,32768,fd649b7f0dfab073985aed0ba9544522b07b14822cdbb52a1de7142a4bd49487,False,,,,binary,,,,,,
ProjRep/000/000/000/002/598,ProjRep/000/000/000/002,598,,7168,ec3315aa42c8cde1b4048161ce169e8fc26a8e04c9f5b069df2af470fc4ef767,False,,,,binary,,,,,,
ProjRep/000/000/000/002/599,ProjRep/000/000/000/002,599,,115,6d35bed88d7b3746a883f3022b86eae2bd29229e33317b630b5472da1b751e6c,True,utf-8-sig,1.0000,3,text,,,,,,
ProjRep/000/000/000/002/600,ProjRep/000/000/000/002,600,,311296,2a2b0784fbae0f579e7ec88a8789e37c316a171398c6bf9aa22f2d6ac80c9a82,False,,,,binary,,,,,,
ProjRep/000/000/000/002/601,ProjRep/000/000/000/002,601,,7168,252ae26de9cbf4ea5169b828cff0d4563bf419971c339c0dc131d2002a3863e4,False,,,,binary,,,,,,
ProjRep/000/000/000/002/602,ProjRep/000/000/000/002,602,,665,14ef3d0358af56c0012b51b8e7929e02f4204140a6e5af018652c322ef1023a9,True,utf-8-sig,1.0000,13,text; uft_script_candidate; contains_object_references,Browser(; Dialog(,WebEdit(; Page(; Browser(,,,,
ProjRep/000/000/000/002/603,ProjRep/000/000/000/002,603,,311296,19a8e2ffad83adcc3972d4b5759642e367e326d23cd8d75e588d3cd353e6073d,False,,,,binary,,,,,,
ProjRep/000/000/000/002/604,ProjRep/000/000/000/002,604,,7168,10c9ac530c570234d2291c1e27732f105c9c949e31ecffe502df87dccd4f6715,False,,,,binary,,,,,,
ProjRep/000/000/000/002/605,ProjRep/000/000/000/002,605,,1310,0d7b3b19b4093cdd4075dfae279884beb73a2e78860148008e88c6d931cf601f,True,utf-8-sig,1.0000,11,text; uft_script_candidate; contains_object_references; contains_parameter_references; contains_control_flow,Browser(; Dialog(,WebList(; Page(; Browser(,DataTable(,Do ,,
ProjRep/000/000/000/002/606,ProjRep/000/000/000/002,606,,1548,b3ff6aa09d617bf65e978b5d858d175cdeacedee7f36777cdbba4d64d9b4499a,False,,,,binary,,,,,,
ProjRep/000/000/000/002/607,ProjRep/000/000/000/002,607,,9262,49a435229ab067b10f7b3fee5144e352e3441dc5355aa1ab147538d39a7ad1a4,False,,,,binary,,,,,,
ProjRep/000/000/000/002/608,ProjRep/000/000/000/002,608,,229,fb4e30a58f902a3648135b4aea7ab1ef0c8f528f9445d46c09a3e292b95c3e3e,False,,,,binary,,,,,,
ProjRep/000/000/000/002/609,ProjRep/000/000/000/002,609,,1551,e2ac70942179d0b35e2036d47028c944f98f4b8c9573edd6d898eedfc0ac3ed9,False,,,,binary,,,,,,
ProjRep/000/000/000/002/610,ProjRep/000/000/000/002,610,,9342,25359b6d1c9209a7453be2b50d4544bfb71dc8a82e3716671e38d2adccea36d3,False,,,,binary,,,,,,
ProjRep/000/000/000/002/611,ProjRep/000/000/000/002,611,,229,993cf3e30ad149b3de299bd19c85ea4874e2ac9560baa066a29ead1a1992765f,False,,,,binary,,,,,,
ProjRep/000/000/000/002/612,ProjRep/000/000/000/002,612,,1553,6fd22ebd899e2ab458be9ca17ac674e96daf04938353ab22b8beff9369806bd8,False,,,,binary,,,,,,
ProjRep/000/000/000/002/613,ProjRep/000/000/000/002,613,,9320,9b9e63bb17e84bdfc9be21e67adb8f13d2d49b79d324577c21d6490b1b6b62c8,False,,,,binary,,,,,,
ProjRep/000/000/000/002/614,ProjRep/000/000/000/002,614,,229,fb53b58beb3ea189220120fb3989374b1ab23e4ea52dcad6986ff697d86913f6,False,,,,binary,,,,,,
ProjRep/000/000/000/002/615,ProjRep/000/000/000/002,615,,1823,8414984b378fac1b451513fb9edefe396d0386948e8520a272228e5b68d0f6f8,False,,,,binary,,,,,,
ProjRep/000/000/000/002/616,ProjRep/000/000/000/002,616,,16235,7c699356fff1e79accde2baaaf747c6ab5ed526e4e51ceb7f1a1d553c946968c,False,,,,binary,,,,,,
ProjRep/000/000/000/002/617,ProjRep/000/000/000/002,617,,228,0f1fc937329866bad81ffc4493cad65402c1b7f234acf3804e4f9f7b9deb604b,False,,,,binary,,,,,,
ProjRep/000/000/000/002/618,ProjRep/000/000/000/002,618,,1825,bc39390cb5f74ee0cd4f82ca76effbf980ebec75706f8bcedd78cd137b973c6f,False,,,,binary,,,,,,
ProjRep/000/000/000/002/619,ProjRep/000/000/000/002,619,,16176,8d2749d0ffcd38587659b1ae9d96c01f96c700a441e0806a39c695637440cd38,False,,,,binary,,,,,,
ProjRep/000/000/000/002/620,ProjRep/000/000/000/002,620,,228,a3ed1a5b481e53036ca2e37181ed0d1b7a0c117aaa9f6a1f50c9f6a641905563,False,,,,binary,,,,,,
ProjRep/000/000/000/002/621,ProjRep/000/000/000/002,621,,196608,f62dce7f67540f2a8eac890cdc01fb2878d51fb521b2f5f7cb45628973c8fb9f,False,,,,binary,,,,,,
ProjRep/000/000/000/002/622,ProjRep/000/000/000/002,622,,6656,3f6296ab72a52e7e20d311e505f3a44ed2ac82bd532fba8f3704772d63c1d965,False,,,,binary,,,,,,
ProjRep/000/000/000/002/623,ProjRep/000/000/000/002,623,,177,38ea280a2168eaaa6f744db860352fb712b41050e567e21a6f8fee187e43fab0,True,utf-8-sig,1.0000,3,text; uft_script_candidate; contains_object_references,Browser(,Page(; Browser(,,,,
ProjRep/000/000/000/002/725,ProjRep/000/000/000/002,725,,17920,0628bf88f5b4598b5d3e025d2c4abcf91e6a11a56b950c2eb6128f7718802003,False,,,,binary,,,,,,
ProjRep/000/000/000/002/744,ProjRep/000/000/000/002,744,,14017,39d5fda5c42beeb1ead0a84256cfb5bf374825cd177ccc6d42a1d5a608300eb8,False,,,,binary,,,,,,
ProjRep/000/000/000/002/745,ProjRep/000/000/000/002,745,,14298,9f9688f058999a9e379dcfb766700359ad98afd7cbfde434691c740a3202527d,False,,,,binary,,,,,,
ProjRep/000/000/000/002/746,ProjRep/000/000/000/002,746,,14298,a9f4a9d60f1a75390e48cc8cf8d52d2dab7bcfd4020f5981bc1baaddc3a9b0e4,False,,,,binary,,,,,,
ProjRep/000/000/000/002/747,ProjRep/000/000/000/002,747,,14017,21d32abf4408d01277e3deeab4f29769e4eb469526f993a2505ecb60450a1d09,False,,,,binary,,,,,,
ProjRep/000/000/000/002/751,ProjRep/000/000/000/002,751,,13943,d71ed57a3356dd6b894e237cb0d673c99e25f1dc79082e0fc562512784f3cb9a,False,,,,binary,,,,,,
ProjRep/000/000/000/002/752,ProjRep/000/000/000/002,752,,13627,e1d072024595aa7843d4457781230ddc656dbcfa073915856cfa14218da94986,False,,,,binary,,,,,,
ProjRep/000/000/000/002/754,ProjRep/000/000/000/002,754,,13627,4c4db562c2ac478f12a9616282da48468020a1c3676a3fb2825d50bda39137d0,False,,,,binary,,,,,,
ProjRep/000/000/000/002/755,ProjRep/000/000/000/002,755,,13943,2ff0583dfffbd0155217ec242e98d1cc4d04daacf636060f91592cfb7d4ed15a,False,,,,binary,,,,,,
ProjRep/000/000/000/002/756,ProjRep/000/000/000/002,756,,15803,cedd60e6752f3b848b85b739523590784b03a65c730a3352d308be6816f2bdcf,False,,,,binary,,,,,,
ProjRep/000/000/000/002/772,ProjRep/000/000/000/002,772,,17920,ff3825a7da4d6d82eabcc5176a4b354182353ff6ba46e9455e23962895741413,False,,,,binary,,,,,,
ProjRep/000/000/000/002/831,ProjRep/000/000/000/002,831,,20480,98c133ff62dcadd26cd7578d5f0067438542bc6dd06c12b15b343dc71263a780,False,,,,binary,,,,,,
ProjRep/000/000/000/002/832,ProjRep/000/000/000/002,832,,696,b2f3f282f82244966f9a81c9d6ea089e6b65bc7e589ac563d399f256e9a97b82,True,utf-8-sig,1.0000,21,text; contains_control_flow; contains_function_or_sub,,,,If ; Then; End If; Next,Function ; End Function; Sub ; End Sub,
ProjRep/000/000/000/002/861,ProjRep/000/000/000/002,861,,19456,8ff1bba7ede4aebd2a3b710f5c0208cf1177e0ef818aa6acb7196247f4ace196,False,,,,binary,,,,,,
ProjRep/000/000/000/002/862,ProjRep/000/000/000/002,862,,6716,b1759b2a57ed6f618687a6446796ad4060e4a18c4bf21f26d7a3ce572c4efee5,True,utf-8-sig,1.0000,154,text; contains_function_or_sub; xml_candidate,,,,,Function ,
ProjRep/000/000/000/002/863,ProjRep/000/000/000/002,863,,3072,6599c98e4345ebf6ed3af2d06b0db4779313005a93922f3baab70bb9eba99ac4,False,,,,binary,,,,,,
ProjRep/000/000/000/002/864,ProjRep/000/000/000/002,864,,72704,1d2038e12dfe5e974956a6d335a6efe84f4c066fe154e424748ef4887d8e4486,False,,,,binary,,,,,,
ProjRep/000/000/000/002/866,ProjRep/000/000/000/002,866,,10752,b7331c4fa7c352808a0733c1c00cab00e20eb71a39e85b47b9a0e7bf8fb81e71,False,,,,binary,,,,,,
ProjRep/000/000/000/002/867,ProjRep/000/000/000/002,867,,253,3f3f73df767b780b582b2a1a958670c3c0835fd2433ab4d73cd816373fc066c3,True,utf-8-sig,1.0000,4,text; uft_script_candidate; contains_parameter_references,Window(,,Parameter(,,,
ProjRep/000/000/000/002/870,ProjRep/000/000/000/002,870,,6055,098dd36921e352ef3d6b8d9fe80ff8cddd71b2881e9e2e284f5193ec9ec45270,True,utf-8-sig,1.0000,138,text; contains_function_or_sub; xml_candidate,,,,,Function ,
ProjRep/000/000/000/002/871,ProjRep/000/000/000/002,871,,3072,642c437bff61f845f1345be100014cead140c0dc71959a5ee3b8d88f6a002ffb,False,,,,binary,,,,,,
ProjRep/000/000/000/002/872,ProjRep/000/000/000/002,872,,57856,bc06f4750bd8c8a8dacd77e365733210d02ad0e2649ffe1b29392e225be43fbc,False,,,,binary,,,,,,
ProjRep/000/000/000/002/874,ProjRep/000/000/000/002,874,,19456,7931f74e5301e730b38f77d4a1f816785fb5c336223ab497ccc4a74d975a9ea1,False,,,,binary,,,,,,
ProjRep/000/000/000/002/875,ProjRep/000/000/000/002,875,,272,c3b1c05d78e3bae8ccc032983bcf00b0972b8e5765a3f22a6102f3145986b866,True,utf-8-sig,1.0000,3,text; uft_script_candidate; contains_parameter_references,Window(,,Parameter(,,,
ProjRep/000/000/000/002/891,ProjRep/000/000/000/002,891,,4299,944a9e4c789037b818e75e3f5fbd2a706ba9167fe96dbf0ff2848334378b1532,True,utf-8-sig,1.0000,107,text; xml_candidate,,,,,,
ProjRep/000/000/000/002/892,ProjRep/000/000/000/002,892,,4313,c386a0ea66db07436637473a760e8791107da24c1ac3a74b4cf2be653ad1c61d,True,utf-8-sig,1.0000,107,text; xml_candidate,,,,,,
ProjRep/000/000/000/002/893,ProjRep/000/000/000/002,893,,983,3ec312bff05e5315a187b66ea133d27b56b7155c05ac7da6cefd0649862334af,True,utf-8-sig,1.0000,24,text; xml_candidate,,,,,,
ProjRep/000/000/000/002/894,ProjRep/000/000/000/002,894,,203,bfc89969a8b8bdbc37f1cfdf5b70d74b5ad7f40e8f372df4a54dcf575f4fe8a9,True,utf-8-sig,1.0000,3,text; xml_candidate,,,,,,
ProjRep/000/000/000/002/895,ProjRep/000/000/000/002,895,,73310,45b7302e8a55e03d389b0a0cc232e55aeb85e3263d593e1ba89bb90bca43d87f,True,utf-8-sig,1.0000,1439,text; contains_control_flow; xml_candidate,,,,For ,,
ProjRep/000/000/000/002/896,ProjRep/000/000/000/002,896,,405,7ffe621925ce1a4922689ae1f18e0fc4a69070ab361662672ff95c61c5d300ba,True,utf-8-sig,1.0000,11,text; xml_candidate,,,,,,
ProjRep/000/000/000/002/897,ProjRep/000/000/000/002,897,,10919,d568f211408299567007ef6043e2d4c72220152d5f7ea329584bba009cf3e2a0,True,utf-8-sig,1.0000,233,text; xml_candidate,,,,,,
ProjRep/000/000/000/002/898,ProjRep/000/000/000/002,898,,14865,99118781b9cb56587c6907ad5d9c0a194d481f554635377554bd506de7926224,True,utf-8-sig,1.0000,308,text; contains_control_flow; xml_candidate,,,,Do ,,
ProjRep/000/000/000/002/899,ProjRep/000/000/000/002,899,,14873,2141c61a9baca562b7c429988c79b9c6d408a3e581e235a288a4aae057d91efe,True,utf-8-sig,1.0000,308,text; contains_control_flow; xml_candidate,,,,Do ,,
ProjRep/000/000/000/002/921,ProjRep/000/000/000/002,921,,1114,4979b17be69d6e97ab173c865c01d1b20b5b9ef38f23ae46c7c1e176b14fbe41,True,utf-8-sig,1.0000,27,text; xml_candidate,,,,,,
ProjRep/000/000/000/002/923,ProjRep/000/000/000/002,923,,175,ae4436fe749432e6243115e02758571aa2247405982210c76df6d3e4c0ba2688,True,utf-8-sig,1.0000,3,text; xml_candidate,,,,,,
ProjRep/000/000/000/002/925,ProjRep/000/000/000/002,925,,975,7ddaa6de58ca217812c6bec78c1b8f09f0e4b7576c866bb58909e152cd65cc0e,True,utf-8-sig,1.0000,24,text; xml_candidate,,,,,,
ProjRep/000/000/000/002/929,ProjRep/000/000/000/002,929,,39649,2bf6ab4a20b971b8c2a8d99200279e85101a0ede8eb6d1d6617103d828877879,True,utf-8-sig,1.0000,701,text; xml_candidate,,,,,,
ProjRep/000/000/000/002/930,ProjRep/000/000/000/002,930,,64869,d213ee6f22109f882246dfc6b16b172ece4bac074cf06687fb47e8d79091995b,True,utf-8-sig,1.0000,1358,text; xml_candidate,,,,,,
ProjRep/000/000/000/002/931,ProjRep/000/000/000/002,931,,161,3acc5597511c10936eb93829b9f2cd2a06582abc73b24dfc3d9b7366d9bf834f,True,utf-8-sig,1.0000,3,text; xml_candidate,,,,,,
ProjRep/000/000/000/002/932,ProjRep/000/000/000/002,932,,57261,15339742f7899d1b694e11340a60efee69090db09f80da0367ad4b7780d44859,True,utf-8-sig,1.0000,1121,text; xml_candidate,,,,,,
ProjRep/000/000/000/002/941,ProjRep/000/000/000/002,941,,981,a81ae4e9c4a0fa4c6ced1a66c7160fc7dfd263767ca2366b86f449f0543df6dd,True,utf-8-sig,1.0000,24,text; xml_candidate,,,,,,
ProjRep/000/000/000/002/945,ProjRep/000/000/000/002,945,,1020,b9663bf6a90ba022e4d969455845a27284d316f46085ff911903825133191052,True,utf-8-sig,1.0000,25,text; xml_candidate,,,,,,
ProjRep/000/000/000/002/949,ProjRep/000/000/000/002,949,,1424,4dedf385386e1b69eb41446c9d33b4b3ff6bb0ee4ad2de9235f50f9f28c7c9ef,True,utf-8-sig,1.0000,34,text; xml_candidate,,,,,,
ProjRep/000/000/000/002/950,ProjRep/000/000/000/002,950,,2796,24a49fb3e6a4d2520ac50f8de426dd1e5959b0b772ccedece85532b6b0cf56d6,True,utf-8-sig,1.0000,78,text; xml_candidate,,,,,,
ProjRep/000/000/000/002/954,ProjRep/000/000/000/002,954,,64869,421fad97374c9a6515a53dbf75ef6428bae8e4ca5a2b38dd8542143654916384,True,utf-8-sig,1.0000,1358,text; xml_candidate,,,,,,
ProjRep/000/000/000/002/965,ProjRep/000/000/000/002,965,,974,86491018ef23d2ecc4968004f87ecdfe3ed20e49e06af546aad5b90c488959ae,True,utf-8-sig,1.0000,24,text; xml_candidate,,,,,,
ProjRep/000/000/000/002/969,ProjRep/000/000/000/002,969,,956,44aef5ededfdd4aa9791aea6a23b09d28615f821bb058ccc5a18852a55d644a9,True,utf-8-sig,1.0000,23,text; xml_candidate,,,,,,
ProjRep/000/000/000/002/971,ProjRep/000/000/000/002,971,,202125,b92de506c6fc11cae2c6a2f8b2105477503c50f0ec1a5e5ec083f80d020d4506,True,utf-8-sig,1.0000,4054,text; xml_candidate,,,,,,
ProjRep/000/000/000/002/973,ProjRep/000/000/000/002,973,,985,671733e560046872dc5d26bb8791890b93ecc093f40dc8f5f51ac499de74bf22,True,utf-8-sig,1.0000,25,text; xml_candidate,,,,,,
ProjRep/000/000/000/002/974,ProjRep/000/000/000/002,974,,1639,42988ea32aea55fa7cdaebdfb8c98cef9b72c6a5eda01cabc2cf884a25ab1e17,True,utf-8-sig,1.0000,46,text; xml_candidate,,,,,,
ProjRep/000/000/000/002/975,ProjRep/000/000/000/002,975,,148779,f753dc7ce3912c53478714896ec6ccb64930d48b4a2ef218cf332483311ec07d,True,utf-8-sig,1.0000,2874,text; xml_candidate,,,,,,
ProjRep/000/000/000/002/976,ProjRep/000/000/000/002,976,,222489,01c0058d68295630b1880872c2f4ee1b9b60a931131c71b0d25fcf08445b5926,True,utf-8-sig,1.0000,4622,text; contains_control_flow; xml_candidate,,,,For ,,
ProjRep/000/000/000/002/977,ProjRep/000/000/000/002,977,,1462,149a7c47d668e36eff58dc862f47b336e3836ec0605240d3f50db0c62ae2efd9,True,utf-8-sig,1.0000,34,text; xml_candidate,,,,,,
ProjRep/000/000/000/002/979,ProjRep/000/000/000/002,979,,968679,b0687063c4d440b6c1a4401d3f3b29b3922ec5464f39de3ea958d33659afb08d,True,utf-8-sig,1.0000,19022,text; contains_function_or_sub; xml_candidate,,,,,Sub ,
ProjRep/000/000/000/002/981,ProjRep/000/000/000/002,981,,58618,ca2615be0af420ccc50aed5fc9414cd6fd7ecedb8f97901bcc39a54ad2ad61b6,True,utf-8-sig,1.0000,1012,text; xml_candidate,,,,,,
ProjRep/000/000/000/002/982,ProjRep/000/000/000/002,982,,69919,971d62bb44aced4bd50ccd6757b9c3124bada9e87fb42dfbaca05d0e0d523417,True,utf-8-sig,1.0000,1462,text; xml_candidate,,,,,,
ProjRep/000/000/000/002/984,ProjRep/000/000/000/002,984,,65695,768555cade38a6a8669e42cb10642005107ae88f1386255eb5cc599d65f52a8b,True,utf-8-sig,1.0000,1268,text; xml_candidate,,,,,,
ProjRep/000/000/000/002/985,ProjRep/000/000/000/002,985,,974,d918d1522e7c50231fe6f1bcb486df4193cfb298b1f67f9cedc316977f2d026f,True,utf-8-sig,1.0000,24,text; xml_candidate,,,,,,
ProjRep/000/000/000/002/986,ProjRep/000/000/000/002,986,,3381,8ff573b9a8d4274020aa134f4fde7c949698a3073e839b5ecb91afa7f95b9ab5,True,utf-8-sig,0.9997,92,text; xml_candidate,,,,,,
ProjRep/000/000/000/003/011,ProjRep/000/000/000/003,011,,33449,f206cd5cf2aa547b1a80a405c50ce422ae00554e3cae2b5522126d687e59d1c3,True,utf-8-sig,1.0000,652,text; contains_control_flow; xml_candidate,,,,If ; Do ,,
ProjRep/000/000/000/003/012,ProjRep/000/000/000/003,012,,1477,2de5e9bee1e27731027d72cd8ac60abe466847aec9638ee891405770345aa6c9,True,utf-8-sig,1.0000,32,text; xml_candidate,,,,,,
ProjRep/000/000/000/003/013,ProjRep/000/000/000/003,013,,32069,147978bbc967d3783b56db279ecca53ab7f871a5f9b2ce0ad1830fcfb047de8d,True,utf-8-sig,1.0000,626,text; contains_control_flow; xml_candidate,,,,If ; Do ,,
ProjRep/000/000/000/003/014,ProjRep/000/000/000/003,014,,32083,f5b142c1c2b9080f3649a2534a03b596fba1386f9315150f6c78ca64e3081444,True,utf-8-sig,1.0000,626,text; contains_control_flow; xml_candidate,,,,If ; Do ,,
ProjRep/000/000/000/003/021,ProjRep/000/000/000/003,021,,74153,55c95fc11a5566fd8bafcda5835240cfd437d8c612acdaf1635603afe835ac9d,True,utf-8-sig,1.0000,1439,text; contains_control_flow; xml_candidate,,,,For ,,
ProjRep/000/000/000/003/027,ProjRep/000/000/000/003,027,,36066,0e732b4e8050cbcccc571addf29838e726d7782c2a64b4c9faa6f44f056a8eb5,True,utf-8-sig,1.0000,702,text; contains_control_flow; xml_candidate,,,,If ; Do ,,
ProjRep/000/000/000/003/028,ProjRep/000/000/000/003,028,,32069,142da6ed11db26eff96e46ad86a58be50be9ee4d5730be72b0adfa5b73da3b24,True,utf-8-sig,1.0000,626,text; contains_control_flow; xml_candidate,,,,If ; Do ,,
ProjRep/000/000/000/003/029,ProjRep/000/000/000/003,029,,32083,abfc0f94b6604761bc4f24933fb203846aefef8983cdfdd0ce070f030b909c4b,True,utf-8-sig,1.0000,626,text; contains_control_flow; xml_candidate,,,,If ; Do ,,
ProjRep/000/000/000/003/032,ProjRep/000/000/000/003,032,,73292,9af7c6a266e6d5c380fbe3eaa68b6683d0d652ccab5ddb96313b1fff9b653f08,True,utf-8-sig,1.0000,1439,text; contains_control_flow; xml_candidate,,,,For ,,
ProjRep/000/000/000/003/039,ProjRep/000/000/000/003,039,,45371,171fb680f2e9408e51dadbb3d75057872844a715c78c0ef6c5bcf097ef268a83,True,utf-8-sig,1.0000,877,text; contains_control_flow; xml_candidate,,,,If ; For ; Do ,,
ProjRep/000/000/000/003/042,ProjRep/000/000/000/003,042,,1824,c903aaa61902755a41b32b1d59d078b747edaabded87b8b838a63c5493248a8d,True,utf-8-sig,1.0000,51,text; xml_candidate,,,,,,
ProjRep/000/000/000/003/046,ProjRep/000/000/000/003,046,,32070,b7de25fc04e590d6fb35bbea50f1da8a37c52db362af9b607d66e7053be7f384,True,utf-8-sig,1.0000,626,text; contains_control_flow; xml_candidate,,,,If ; Do ,,
ProjRep/000/000/000/003/047,ProjRep/000/000/000/003,047,,32084,6bf144cca3090f3a6f65a2086ba0a432e385ed16a7b5cf78758c64aa76b2e873,True,utf-8-sig,1.0000,626,text; contains_control_flow; xml_candidate,,,,If ; Do ,,
ProjRep/000/000/000/003/048,ProjRep/000/000/000/003,048,,38686,87f8dbf13bf0649147ca69d2881d189c85f0ae700b424165e6556c4bb368d714,True,utf-8-sig,1.0000,752,text; contains_control_flow; xml_candidate,,,,If ; Do ,,
ProjRep/000/000/000/003/065,ProjRep/000/000/000/003,065,,74138,a850ba764d0f600acbbcd876b1302d03f47b9f36d45f073bc2c4439df2fa6817,True,utf-8-sig,1.0000,1439,text; contains_control_flow; xml_candidate,,,,For ,,
ProjRep/000/000/000/003/067,ProjRep/000/000/000/003,067,,1766,540b52f5c4cdb290a7282d5d3e9896a70a610347e46ee9a3cd2c879c9b69c5e4,True,utf-8-sig,1.0000,38,text; xml_candidate,,,,,,
ProjRep/000/000/000/003/076,ProjRep/000/000/000/003,076,,1771,296ba201a48c049a69bb3b20c3ea689c8bed30b8584f7c2e34021cf1272e6e0e,True,utf-8-sig,1.0000,38,text; xml_candidate,,,,,,
ProjRep/000/000/000/003/077,ProjRep/000/000/000/003,077,,31946,ae9bd97d46b5f09649ef1c37c57e569ce79174cc07ac93d0c1bf487764768638,True,utf-8-sig,1.0000,624,text; contains_control_flow; xml_candidate,,,,If ; Do ,,
ProjRep/000/000/000/003/078,ProjRep/000/000/000/003,078,,2668,065ccfb6621da05a31368f476c4c9838c220aa11b4239ac2134b8895048e7e98,True,utf-8-sig,1.0000,58,text; xml_candidate,,,,,,
ProjRep/000/000/000/003/079,ProjRep/000/000/000/003,079,,33367,eb68d41f51d514fdefd06d28c1363bf7e8c4deb0fb02b2dbd4502905df458959,True,utf-8-sig,1.0000,652,text; contains_control_flow; xml_candidate,,,,If ; Do ,,
ProjRep/000/000/000/003/080,ProjRep/000/000/000/003,080,,33381,0904fdd64cd1f333bde5e37f3e61acaa9b656f703385d32c1b59f2cd08c723dc,True,utf-8-sig,1.0000,652,text; contains_control_flow; xml_candidate,,,,If ; Do ,,
ProjRep/000/000/000/003/081,ProjRep/000/000/000/003,081,,33389,4f1502e8f3c3d1432ef46685bccdaa8626156b7d6e745e6b0af75bc0778f9897,True,utf-8-sig,1.0000,652,text; contains_control_flow; xml_candidate,,,,If ; Do ,,
ProjRep/000/000/000/003/082,ProjRep/000/000/000/003,082,,948,088cb7526cddd5c362538eec805c8db5d808093763af6abb9f5cf2a55ca94d65,True,utf-8-sig,1.0000,24,text; xml_candidate,,,,,,
ProjRep/000/000/000/003/083,ProjRep/000/000/000/003,083,,1986,c641bc41b62c5968594ad07ba263823c80d237a79b8588dd866e7cdc83e5cef1,True,utf-8-sig,1.0000,56,text; xml_candidate,,,,,,
ProjRep/000/000/000/003/091,ProjRep/000/000/000/003,091,,8889,084fc22ec002b27f28734f7436e87c52dce82bc44c2114ed6173ca6c0738ac2d,True,utf-8-sig,1.0000,163,text; xml_candidate,,,,,,
ProjRep/000/000/000/003/100,ProjRep/000/000/000/003,100,,8895,23ebae6500f93cbef40dea07820702f8fd8236fec312e52d7e6813d5796b162c,True,utf-8-sig,1.0000,163,text; xml_candidate,,,,,,
ProjRep/000/000/000/003/102,ProjRep/000/000/000/003,102,,2008,84d2cc67c04e6898d584d55162f494942681615bca12388f56c7f5a3d901b988,True,utf-8-sig,1.0000,56,text; xml_candidate,,,,,,
ProjRep/000/000/000/003/105,ProjRep/000/000/000/003,105,,35897,9a9d57b15b13d7260c43e094d529b66c31b15109f8e1b522f267ba55ea0ea8ab,True,utf-8-sig,1.0000,699,text; contains_control_flow; xml_candidate,,,,If ; For ; Do ,,
ProjRep/000/000/000/003/106,ProjRep/000/000/000/003,106,,32068,dac084decee9ea4eda8d917edb43132334155b9670611270bd57bca634881879,True,utf-8-sig,1.0000,626,text; contains_control_flow; xml_candidate,,,,If ; Do ,,
ProjRep/000/000/000/003/107,ProjRep/000/000/000/003,107,,33415,9b95e304abfc65cd1796821022aa9a518761dfea5e6972d4a1a6bafa5a5e20c5,True,utf-8-sig,1.0000,652,text; contains_control_flow; xml_candidate,,,,If ; Do ,,
ProjRep/000/000/000/003/108,ProjRep/000/000/000/003,108,,37365,6e2668ff9f562a7eb725b7aad2eacc83121b48c2e27f5f34260bc3189332e48e,True,utf-8-sig,1.0000,727,text; contains_control_flow; xml_candidate,,,,If ; Do ,,
ProjRep/000/000/000/003/109,ProjRep/000/000/000/003,109,,42773,2bec87861215a9034df92bb664d01d1785f24e622170657143a832ca2a37b982,True,utf-8-sig,1.0000,827,text; contains_control_flow; xml_candidate,,,,If ; Do ,,
ProjRep/000/000/000/003/110,ProjRep/000/000/000/003,110,,164097,ea7f515a24e271231830841da9c611a3dfffc14693445f349ea7b6d0d730ab06,False,,,,binary,,,,,,
ProjRep/000/000/000/003/111,ProjRep/000/000/000/003,111,,42769,c354fffc5f9cb44428eba8a0a1e77b9cf391c50ee359cc7e4c235294ccbdcaa1,True,utf-8-sig,1.0000,827,text; contains_control_flow; xml_candidate,,,,If ; Do ,,
ProjRep/000/000/000/003/113,ProjRep/000/000/000/003,113,,8913,a9dc7b0008259d4fa114f24ecbceefc94b4726a54731c874b7d1a775942c6283,True,utf-8-sig,1.0000,163,text; xml_candidate,,,,,,
ProjRep/000/000/000/003/118,ProjRep/000/000/000/003,118,,43457,608d6a89b8327ed7ac0c099413794542d671fad8662e4df37747f4435f434eb2,True,utf-8-sig,1.0000,845,text; contains_control_flow; xml_candidate,,,,If ; Do ,,
ProjRep/000/000/000/003/119,ProjRep/000/000/000/003,119,,31744,f9bc9b9a89746726a8d5a1a3fefc02d0406968df5fb96154605662ad1c29cec5,False,,,,binary,,,,,,
ProjRep/000/000/000/003/120,ProjRep/000/000/000/003,120,,32069,8bd671fd2224516855f5ef9083ab4867ef7ce0333af4ee7718ae267780dac22d,True,utf-8-sig,1.0000,626,text; contains_control_flow; xml_candidate,,,,If ; Do ,,
ProjRep/000/000/000/003/121,ProjRep/000/000/000/003,121,,32083,d0331e20c06c2cd5e866f8b43df31015a65936b45aff4f575915ed71af51594d,True,utf-8-sig,1.0000,626,text; contains_control_flow; xml_candidate,,,,If ; Do ,,
ProjRep/000/000/000/003/122,ProjRep/000/000/000/003,122,,148113,3fbf894c0908203178542fa8e586bcb771d4d5498083311a7326541c9e6f4d4a,False,,,,binary,,,,,,
ProjRep/000/000/000/003/123,ProjRep/000/000/000/003,123,,37416,41964b84c34821df5f51a8a39c0e3aa966ec6bfc5e7d77a60001b83d5d5ee3bf,True,utf-8-sig,1.0000,727,text; contains_control_flow; xml_candidate,,,,If ; Do ,,
ProjRep/000/000/000/003/124,ProjRep/000/000/000/003,124,,41358,24d8d00d59d52f51924c70ec3d357885789e3e98abcd05d5970e52a0bcaa5647,True,utf-8-sig,1.0000,802,text; contains_control_flow; xml_candidate,,,,If ; Do ,,
ProjRep/000/000/000/003/125,ProjRep/000/000/000/003,125,,50658,66331a4d89b85820e898af39b4f3751ec4a856a96e44f18b35f0c8a85bc08552,True,utf-8-sig,1.0000,977,text; contains_control_flow; xml_candidate,,,,If ; Do ,,
ProjRep/000/000/000/003/128,ProjRep/000/000/000/003,128,,2111,772b1ecbcf6098ce04b71020b7a185297911e93e0a5ff68d3e4038a1b39e49d7,True,utf-8-sig,1.0000,56,text; xml_candidate,,,,,,
ProjRep/000/000/000/003/131,ProjRep/000/000/000/003,131,,50666,725408369ce1d985a58282e551bd1fb9af1d92992f700ccf458e291861773eec,True,utf-8-sig,1.0000,977,text; contains_control_flow; xml_candidate,,,,If ; Do ,,
ProjRep/000/000/000/003/132,ProjRep/000/000/000/003,132,,31744,42be8ebf0a53d9b6196a2c9627f8c1b27f2a8c5b8d8b8a15803cf5d9f8418cbd,False,,,,binary,,,,,,
ProjRep/000/000/000/003/134,ProjRep/000/000/000/003,134,,54635,29792bc620b7e01074c79c3ec202a1795d81a5feee1a88c4fbeeea873ce7d890,True,utf-8-sig,1.0000,1052,text; contains_control_flow; xml_candidate,,,,If ; Do ,,
ProjRep/000/000/000/003/135,ProjRep/000/000/000/003,135,,57258,a18d03213a19e8898293ae79d547cb85e3d2b829eecc54e44504b7910293c9a1,True,utf-8-sig,1.0000,1102,text; contains_control_flow; xml_candidate,,,,If ; Do ,,
ProjRep/000/000/000/003/136,ProjRep/000/000/000/003,136,,66569,be46bd70e978a298cdf9219d4059c8807a060c50033689921d10e0690fd76366,True,utf-8-sig,1.0000,1277,text; contains_control_flow; xml_candidate,,,,If ; Do ,,
ProjRep/000/000/000/003/137,ProjRep/000/000/000/003,137,,875486,58e92a4641bd3f0f2583a9176ced0119a252a9ade81bc6dab0b16eaf099cb16c,False,,,,binary,,,,,,
ProjRep/000/000/000/003/138,ProjRep/000/000/000/003,138,,66539,b7a701262d98652fe67335aca6abd0dec4537f9193c8b7c2f846924fc1b6a42d,True,utf-8-sig,1.0000,1277,text; contains_control_flow; xml_candidate,,,,If ; Do ,,
ProjRep/000/000/000/003/139,ProjRep/000/000/000/003,139,,162564,518a257c73f1a99d3dde1bbedb09c1b43516f2c6696763b92aed5412b9986717,False,,,,binary,,,,,,
ProjRep/000/000/000/003/142,ProjRep/000/000/000/003,142,,2111,27b216c3e0bd524a0e06563ce980266a04ce9962eda93aa342989bc3f375d3a8,True,utf-8-sig,1.0000,56,text; xml_candidate,,,,,,
ProjRep/000/000/000/003/145,ProjRep/000/000/000/003,145,,66606,888a0e0726ac6c6dcd76809e49a607f398ea34dcbe3299b9966bd22e5a5bdc27,True,utf-8-sig,1.0000,1277,text; contains_control_flow; xml_candidate,,,,If ; For ; Do ,,
ProjRep/000/000/000/003/146,ProjRep/000/000/000/003,146,,754080,201a2d46c4964a42f0e43cbd1fdede42934f05a42b53c436a1d53187e7b3f016,False,,,,binary,,,,,,
ProjRep/000/000/000/003/147,ProjRep/000/000/000/003,147,,86503,b35f7f200a4819412a946320661b92c1b1a5048ff5b5eabfbf677ef98dcce20f,True,utf-8-sig,1.0000,1392,text; contains_control_flow; xml_candidate,,,,If ; Then; For ; Do ,,
ProjRep/000/000/000/003/148,ProjRep/000/000/000/003,148,,86517,b90f7a9a6c14b1e243b5107c32ebda0f27925a45d7d8a4f4718bb479b48e2e8d,True,utf-8-sig,1.0000,1392,text; contains_control_flow; xml_candidate,,,,If ; Then; For ; Do ,,
ProjRep/000/000/000/003/149,ProjRep/000/000/000/003,149,,31744,2f809d8a1e0c21e7cb76c331c20db9b13dff02680e6d4aa3c5cb2f07d86bfbc1,False,,,,binary,,,,,,
ProjRep/000/000/000/003/159,ProjRep/000/000/000/003,159,,86503,db18dcc4608da68373588c5673e4cb9de9620bee52e22df61131e22115d4ebb7,True,utf-8-sig,1.0000,1392,text; contains_control_flow; xml_candidate,,,,If ; Then; For ; Do ,,
ProjRep/000/000/000/003/160,ProjRep/000/000/000/003,160,,86545,aeaf3685e270ca5081827d0a7e6fcceb35ef5df6aae63d33768c6b578efd39c9,True,utf-8-sig,1.0000,1392,text; contains_control_flow; xml_candidate,,,,If ; Then; For ; Do ,,
ProjRep/000/000/000/003/161,ProjRep/000/000/000/003,161,,86506,c1ab78fe9cae3e4e53b24b4b2d1e81be91946c495bddfe75647e56ca3d006524,True,utf-8-sig,1.0000,1392,text; contains_control_flow; xml_candidate,,,,If ; Then; For ; Do ,,
ProjRep/000/000/000/003/162,ProjRep/000/000/000/003,162,,4297,11529388b7b5157809b64548db14cb9598bc670fbe4c7f876c61106a257d8a11,True,utf-8-sig,1.0000,107,text; xml_candidate,,,,,,
ProjRep/000/000/000/003/163,ProjRep/000/000/000/003,163,,12293,db3980066993e6de4193ab852a7e4f81364d6a04c7287ababd3efb81f93e7824,True,utf-8-sig,1.0000,258,text; xml_candidate,,,,,,
ProjRep/000/000/000/003/164,ProjRep/000/000/000/003,164,,90532,94b3bc614512236ae200316090d279cc585337c578d9e22f5c56097260f4d6d3,True,utf-8-sig,1.0000,1468,text; contains_control_flow; xml_candidate,,,,If ; Then; For ; Do ,,
ProjRep/000/000/000/003/165,ProjRep/000/000/000/003,165,,22963,8f2374bef48bec19762896af45b11ef1538aec3ab3dc29b9e885b804f5a5e10c,True,utf-8-sig,1.0000,458,text; xml_candidate,,,,,,
ProjRep/000/000/000/003/166,ProjRep/000/000/000/003,166,,32070,1b590890a99a6c641306441e05ce81508c7894228af30c4ebe5ee9c723532f7f,True,utf-8-sig,1.0000,626,text; contains_control_flow; xml_candidate,,,,If ; Do ,,
ProjRep/000/000/000/003/172,ProjRep/000/000/000/003,172,,32092,8009361f9acc0fbe98ca30a6d6eec3be8580d3e1c3eeed270121635ec1587a5d,True,utf-8-sig,1.0000,626,text; contains_control_flow; xml_candidate,,,,If ; Do ,,
ProjRep/000/000/000/003/173,ProjRep/000/000/000/003,173,,22958,36f42c5762072f05e3991440c5c7a7740e28f0e658fc3d235fe74ff6644bc9f0,True,utf-8-sig,1.0000,458,text; xml_candidate,,,,,,
ProjRep/000/000/000/003/174,ProjRep/000/000/000/003,174,,32070,c383a1fb728be914081a6ea8e7bd27d37b76ed9b1bf304f4207c97fa3696614c,True,utf-8-sig,1.0000,626,text; contains_control_flow; xml_candidate,,,,If ; Do ,,
ProjRep/000/000/000/003/175,ProjRep/000/000/000/003,175,,32084,5f0ffc09839591ca352ae147524a52ae9fbd97e0b004819459736561a4b7acff,True,utf-8-sig,1.0000,626,text; contains_control_flow; xml_candidate,,,,If ; Do ,,
ProjRep/000/000/000/003/176,ProjRep/000/000/000/003,176,,36039,424340d1012343031ab980aa79ad7522a4f7da4dbccf6af720407a6257009eb1,True,utf-8-sig,1.0000,702,text; contains_control_flow; xml_candidate,,,,If ; Do ,,
ProjRep/000/000/000/003/177,ProjRep/000/000/000/003,177,,134263,50f0bb9b37e0050d5d52a43e29d741b502126d79adef47b0a6a026a74b0d1216,False,,,,binary,,,,,,
ProjRep/000/000/000/003/178,ProjRep/000/000/000/003,178,,18470,08105c4b01f35710c223e2c5aa667106eef15da0557a97d36060cb18c6a84c0d,True,utf-8-sig,1.0000,414,text; xml_candidate,,,,,,
ProjRep/000/000/000/003/179,ProjRep/000/000/000/003,179,,36469,71b98cc5c1630a0e20e6575b931bdbc9d6124aa810ee74fe9146178f9cbfc8ff,True,utf-8-sig,1.0000,712,text; contains_control_flow; xml_candidate,,,,If ; Do ,,
ProjRep/000/000/000/003/180,ProjRep/000/000/000/003,180,,21154,b9656cfc24e33ca99b23522a4175d30ab658c351ec35be61180964b5004c93dc,True,utf-8-sig,1.0000,465,text; xml_candidate,,,,,,
ProjRep/000/000/000/003/181,ProjRep/000/000/000/003,181,,299728,184baacdc9ae834256eb2f5de0083379f269b5326b575c6fc4cb0320a5628e0a,False,,,,binary,,,,,,
ProjRep/000/000/000/003/182,ProjRep/000/000/000/003,182,,4297,126fc3f3f54739132da411c898387e5560a3e023e88ae91cd5216f24197b2ce0,True,utf-8-sig,1.0000,107,text; xml_candidate,,,,,,
ProjRep/000/000/000/003/183,ProjRep/000/000/000/003,183,,21155,0d7926488a7fb54e151d79ea91ccfec67b8f4284ebbaf859ab8ef6fb409785f3,True,utf-8-sig,1.0000,465,text; xml_candidate,,,,,,
ProjRep/000/000/000/003/184,ProjRep/000/000/000/003,184,,18608,5064e30dfc60cd7f82d58556578b9a9dd1e39ccd6147706c705afb1dcb823c7f,True,utf-8-sig,1.0000,404,text; contains_control_flow; xml_candidate,,,,For ,,
ProjRep/000/000/000/003/185,ProjRep/000/000/000/003,185,,9652,106254e50d27612d6558bcb7bceddb643716b9af9a06f9cf539d51e3a4bcd97b,True,utf-8-sig,1.0000,208,text; xml_candidate,,,,,,
ProjRep/000/000/000/003/186,ProjRep/000/000/000/003,186,,18622,4ada99f7de22955fec826be175d96e2c541bdbc2f240e739d6fb985bbc884a26,True,utf-8-sig,1.0000,404,text; contains_control_flow; xml_candidate,,,,For ,,
ProjRep/000/000/000/003/187,ProjRep/000/000/000/003,187,,126635,f3fce565db8209cea430d9923a7b499c83d472994a5e9b8e6c6b4958ae5b5ec8,False,,,,binary,,,,,,
ProjRep/000/000/000/003/188,ProjRep/000/000/000/003,188,,30544,56c2199d1cf9c3096370257b053bb27e288e5819af2f5dbf972328593eb1bad7,True,utf-8-sig,1.0000,630,text; contains_control_flow; xml_candidate,,,,For ,,
ProjRep/000/000/000/003/189,ProjRep/000/000/000/003,189,,4297,e2e34e5c8c8729ae555fa77b492119e3c7d2c3a4e5792e77b3f8fed46fc178f7,True,utf-8-sig,1.0000,107,text; xml_candidate,,,,,,
ProjRep/000/000/000/003/190,ProjRep/000/000/000/003,190,,4311,1bf085dd4d6c08a07ac1dbb3fc5d02faa54ae165cf4524bacf557e789bf6f2e0,True,utf-8-sig,1.0000,107,text; xml_candidate,,,,,,
ProjRep/000/000/000/003/191,ProjRep/000/000/000/003,191,,86503,9a050eae6a16b2e58c952d1b9ea2d5ceb87b5a7319210c79e389b132ed9ad70b,True,utf-8-sig,1.0000,1392,text; contains_control_flow; xml_candidate,,,,If ; Then; For ; Do ,,
ProjRep/000/000/000/003/192,ProjRep/000/000/000/003,192,,4306,64ffbf7e94bc61adac4d359f8efd2da64fddb429d37de9ea343b09c001409768,True,utf-8-sig,1.0000,107,text; xml_candidate,,,,,,
ProjRep/000/000/000/003/193,ProjRep/000/000/000/003,193,,86505,111a25a44c3ac31ff002d87bf5126d224c749d378b9b74a265e152a790e2ba77,True,utf-8-sig,1.0000,1392,text; contains_control_flow; xml_candidate,,,,If ; Then; For ; Do ,,
ProjRep/000/000/000/003/196,ProjRep/000/000/000/003,196,,2112,8c375ad9c472ba24ffe5f8c8618c69de1ab7fd9dc6cd72b850928e5cc25ace3a,True,utf-8-sig,1.0000,56,text; xml_candidate,,,,,,
ProjRep/000/000/000/003/199,ProjRep/000/000/000/003,199,,86524,01020f394278e762ab835d81835ae380f70d4259389ae82d2f1fa0abb4ce3baf,True,utf-8-sig,1.0000,1392,text; contains_control_flow; xml_candidate,,,,If ; Then; For ; Do ,,
ProjRep/000/000/000/003/200,ProjRep/000/000/000/003,200,,30539,afff31f9f39c89944dc38b98c67f2b9ba81bbccaa7de439967503a4246bfe68a,True,utf-8-sig,1.0000,630,text; contains_control_flow; xml_candidate,,,,For ,,
ProjRep/000/000/000/003/201,ProjRep/000/000/000/003,201,,77992,12c06a6aaa19c96f19427dce65334e3317b45f1531a055dc5b103d0661715f87,False,,,,binary,,,,,,
ProjRep/000/000/000/003/202,ProjRep/000/000/000/003,202,,111219,33b1084838d534f7ea758eedd68e741d8f8802b054f61698bfdf02b9ecc56a2a,False,,,,binary,,,,,,
ProjRep/000/000/000/003/221,ProjRep/000/000/000/003,221,,20027,eb21ed9ea13fb3cd8f611309ddc535adc522e07c3bbd61817180232e342a4c5f,False,,,,binary,,,,,,
ProjRep/000/000/000/003/222,ProjRep/000/000/000/003,222,,9761,887d17913a70998294b4494c064244e1ece46230ae2330e22f7dd92b22e3c555,False,,,,binary,,,,,,
ProjRep/000/000/000/003/223,ProjRep/000/000/000/003,223,,18377,aa841b61f6ef0e71dda0cd30b817ce93121be09df30c0ad06adb69d9ded82406,False,,,,binary,,,,,,
ProjRep/000/000/000/003/224,ProjRep/000/000/000/003,224,,19032,57aba79eeb1bc40bb069051d78d4895d92bca280986ed419122aa8a856d1a5e2,False,,,,binary,,,,,,
ProjRep/000/000/000/003/225,ProjRep/000/000/000/003,225,,17509,a5c29ea3f35f69d9570e82b62558a20e5521e4774a300898c42011d12314a42c,False,,,,binary,,,,,,
ProjRep/000/000/000/003/226,ProjRep/000/000/000/003,226,,17823,64903538ea46d5f98f5b7ddcbf0e3ae7e0746a0c08bf8920a7229bd576f0e715,False,,,,binary,,,,,,
ProjRep/000/000/000/003/227,ProjRep/000/000/000/003,227,,19110,405b5b06030824226aea774071714bd73b0ebadac4cde32fe6feeaff966029d3,False,,,,binary,,,,,,
ProjRep/000/000/000/003/228,ProjRep/000/000/000/003,228,,18722,a5fcf4fb92994616c51b6f2c09b47041077155f9112f39356267d2e84a68bf36,False,,,,binary,,,,,,
ProjRep/000/000/000/003/229,ProjRep/000/000/000/003,229,,18257,3cf8bd87a8f6ffd3207a82b0f9ffc0a46a5e4f276cf51186ebbb77d6c96a5427,False,,,,binary,,,,,,
ProjRep/000/000/000/003/230,ProjRep/000/000/000/003,230,,18894,864b5bfc4225b31804b18f4673e800eceda86cb772d260d7a7aecd0b999fbeec,False,,,,binary,,,,,,
ProjRep/000/000/000/003/231,ProjRep/000/000/000/003,231,,18710,6b7b6a5955b5fc55ec8fac767f1fe04b36c57bf083dbe4533d4e6541e38a46aa,False,,,,binary,,,,,,
ProjRep/000/000/000/003/232,ProjRep/000/000/000/003,232,,18395,7511d42e51c7a62932d45559c7edb7c52f2ed1e8a0a360717d607c402fcdf4ad,False,,,,binary,,,,,,
ProjRep/000/000/000/003/233,ProjRep/000/000/000/003,233,,18605,309c00a0ee2787210563929c78be0d93365067eb9a46f24469714eade96c69c3,False,,,,binary,,,,,,
ProjRep/000/000/000/003/234,ProjRep/000/000/000/003,234,,18652,c964adb008f4d1896423d14d6be6d305e3fd668d05275b37f4ae2d01fe82f37c,False,,,,binary,,,,,,
ProjRep/000/000/000/003/235,ProjRep/000/000/000/003,235,,18575,03a1df4acad7a733652969235fbd30d68fd1eadd9f83ba93b3e5dafaed4ac404,False,,,,binary,,,,,,
ProjRep/000/000/000/003/236,ProjRep/000/000/000/003,236,,19020,a199f73b90fac2721f8a57b1c0900a20bf0ee60051d4656e264d086bad3b658a,False,,,,binary,,,,,,
ProjRep/000/000/000/003/237,ProjRep/000/000/000/003,237,,21907,bbc678ceec321db10a960d35ad3332d44bd3826062b09c36cafe3714feaaddee,False,,,,binary,,,,,,
ProjRep/000/000/000/003/238,ProjRep/000/000/000/003,238,,18686,bdaf25224dab1796c520888fbf73f397e6377c2ae107b8acf08a5e2e11a55fe8,False,,,,binary,,,,,,
ProjRep/000/000/000/003/239,ProjRep/000/000/000/003,239,,18841,d82555ce8c8616a66a80bcb04720450086788f0c72ed20dc2ef57b68cbe8c041,False,,,,binary,,,,,,
ProjRep/000/000/000/003/240,ProjRep/000/000/000/003,240,,18814,1d9e6491d3e1a72490383164bbda8ad8bc3889ea1fc5eec2b218659270d51be6,False,,,,binary,,,,,,
ProjRep/000/000/000/003/241,ProjRep/000/000/000/003,241,,4608,eded77bc608c8095b92fdff93349ec822a57d134c1c85cc3eee287fdd4d305d4,False,,,,binary,,,,,,
ProjRep/000/000/000/003/242,ProjRep/000/000/000/003,242,,4504,d0d68737fe09157c5ba41af33f205a64279dda8b61a0235e2b25504658fa067a,True,utf-8-sig,1.0000,102,text; contains_function_or_sub; xml_candidate,,,,,Function ,
ProjRep/000/000/000/003/243,ProjRep/000/000/000/003,243,,2560,76f3d5907af5532b520d84e11aba0420afd070dc755d9fb4c213472222c4c34d,False,,,,binary,,,,,,
ProjRep/000/000/000/003/244,ProjRep/000/000/000/003,244,,37888,e1fbb6f215113b738fb25143a79a9accace80084915be488f22b6cc4f925b973,False,,,,binary,,,,,,
ProjRep/000/000/000/003/246,ProjRep/000/000/000/003,246,,7680,c8cf92f8ffaefec0618b1b4f4ba883895c21234b0d580e01fd2f3fbbb6ec34ef,False,,,,binary,,,,,,
ProjRep/000/000/000/003/247,ProjRep/000/000/000/003,247,,96,b9c8316a6bee8f89594829167406b98cc0dc01b0c6c22e1177e7fdf2f097a162,True,utf-8-sig,1.0000,1,text,,,,,,
ProjRep/000/000/000/003/248,ProjRep/000/000/000/003,248,,8704,0e5d347dbfa299a1809c64d64c057ebc12313b179c565f6515483c65691209ce,False,,,,binary,,,,,,
ProjRep/000/000/000/003/250,ProjRep/000/000/000/003,250,,7298,bc2e4cb06f572feb868d4aeaecaf0259b77c133953e54fdefe355e93115c524f,True,utf-8-sig,1.0000,171,text; contains_function_or_sub; xml_candidate,,,,,Function ,
ProjRep/000/000/000/003/251,ProjRep/000/000/000/003,251,,3072,c8505330e53c944882edae77426647c6845b20bdf84b9d82f91d7263172a97ed,False,,,,binary,,,,,,
ProjRep/000/000/000/003/252,ProjRep/000/000/000/003,252,,72704,2886fa49d502d12dcc987623c45d319a05b4b2480f32542b3ccdec7b6d220975,False,,,,binary,,,,,,
ProjRep/000/000/000/003/254,ProjRep/000/000/000/003,254,,12288,c9a94b352f780b33c2b986ae81ed27a377eba6718b2d880a8a3718bc21e7909b,False,,,,binary,,,,,,
ProjRep/000/000/000/003/255,ProjRep/000/000/000/003,255,,321,1481092a6f8ce14d24f0bede652113eeb12d091c3d6ae7e4b1fa0f64490a3437,True,utf-8-sig,1.0000,5,text; uft_script_candidate; contains_parameter_references,Dialog(,,Parameter(,,,
ProjRep/000/000/000/003/259,ProjRep/000/000/000/003,259,,3072,6229eb24f7e2864094a7886da935f675e67e335568f739402254faa18541f0ff,False,,,,binary,,,,,,
ProjRep/000/000/000/003/260,ProjRep/000/000/000/003,260,,74240,8a763e2a585800dc6cf65a4df45a47b81322999149f358fda807850d690422de,False,,,,binary,,,,,,
ProjRep/000/000/000/003/261,ProjRep/000/000/000/003,261,,12288,87baa5f424a37b87de8ef7c269166b30b21180cc472a8f2fc34e2dcaf3aae931,False,,,,binary,,,,,,
ProjRep/000/000/000/003/262,ProjRep/000/000/000/003,262,,322,14502f4847563ffbc811c75d9798a9e282f9a724b1510824a9a0bbf6e3a8859d,True,utf-8-sig,1.0000,5,text; uft_script_candidate; contains_parameter_references,Dialog(,,Parameter(,,,
ProjRep/000/000/000/003/265,ProjRep/000/000/000/003,265,,26330,42cfa346a63fe32ea526aa79a064a2c0753f2c32b90e41439baf94518391dd62,True,utf-16,1.0000,256,text; uft_script_candidate; contains_control_flow; contains_function_or_sub,Option Explicit; Reporter.ReportEvent; Window(; Dialog(,,,If ; Then; Else; End If; For ; Do ; Select Case; End Select,Function ; End Function,
ProjRep/000/000/000/003/266,ProjRep/000/000/000/003,266,,26332,6c781f3dceffaff85e21849a94c3f7fbc84977554bce6034b5c28bf929794f02,True,utf-16,1.0000,256,text; uft_script_candidate; contains_control_flow; contains_function_or_sub,Option Explicit; Reporter.ReportEvent; Window(; Dialog(,,,If ; Then; Else; End If; For ; Do ; Select Case; End Select,Function ; End Function,
ProjRep/000/000/000/003/267,ProjRep/000/000/000/003,267,,26690,bdf2780e031c3c65b67d9e7d7a9a1903c58d0f90b554654aa4c121ff60ff7544,True,utf-16,1.0000,258,text; uft_script_candidate; contains_control_flow; contains_function_or_sub,Option Explicit; Reporter.ReportEvent; Window(; Dialog(,,,If ; Then; Else; End If; For ; Do ; Select Case; End Select,Function ; End Function,
ProjRep/000/000/000/003/268,ProjRep/000/000/000/003,268,,26760,e92a9391016f83f3a9038e9be3c59447f000881a97784418f1934dc4c2d7e92d,True,utf-16,1.0000,259,text; uft_script_candidate; contains_control_flow; contains_function_or_sub,Option Explicit; Reporter.ReportEvent; Window(; Dialog(,,,If ; Then; Else; End If; For ; Do ; Select Case; End Select,Function ; End Function,
ProjRep/000/000/000/003/269,ProjRep/000/000/000/003,269,,26768,54edd2a9d2349be96a875cd6a83a2fdb529739cec8915e6ad94c8ed76af181b7,True,utf-16,1.0000,259,text; uft_script_candidate; contains_control_flow; contains_function_or_sub,Option Explicit; Reporter.ReportEvent; Window(; Dialog(,,,If ; Then; Else; End If; For ; Do ; Select Case; End Select,Function ; End Function,
ProjRep/000/000/000/003/270,ProjRep/000/000/000/003,270,,26698,fd5b2dfa7f67f33351cfb7ae4ca7517aee9a23640ed2c3fbdc9d9da99523ef0e,True,utf-16,1.0000,259,text; uft_script_candidate; contains_control_flow; contains_function_or_sub,Option Explicit; Reporter.ReportEvent; Window(; Dialog(,,,If ; Then; Else; End If; For ; Do ; Select Case; End Select,Function ; End Function,
ProjRep/000/000/000/003/271,ProjRep/000/000/000/003,271,,26700,6538d684705dab422d7bf0aff92f888ef514ab9f7240c46d1be078592e7ea9ba,True,utf-16,1.0000,259,text; uft_script_candidate; contains_control_flow; contains_function_or_sub,Option Explicit; Reporter.ReportEvent; Window(; Dialog(,,,If ; Then; Else; End If; For ; Do ; Select Case; End Select,Function ; End Function,
ProjRep/000/000/000/003/272,ProjRep/000/000/000/003,272,,409600,6a86bcfe20247be029131f78596ccbc4183bfdb3cff59f4a807727fc9520ddce,False,,,,binary,,,,,,
ProjRep/000/000/000/003/273,ProjRep/000/000/000/003,273,,7333,617e1bf030cd8dfa97215572a41f2fc3d5c4a3a73dcabca01149d0c88e3a78ff,True,utf-8-sig,1.0000,171,text; contains_function_or_sub; xml_candidate,,,,,Function ,
ProjRep/000/000/000/003/274,ProjRep/000/000/000/003,274,,3072,17ccc8c4076c1c5c1ebc594ff5f5e21126a049ce1288a379960252ed5733c786,False,,,,binary,,,,,,
ProjRep/000/000/000/003/275,ProjRep/000/000/000/003,275,,64512,7d772ff480152db24cf105ea566bea1110519a02a185125eba0f32e4d536a348,False,,,,binary,,,,,,
ProjRep/000/000/000/003/277,ProjRep/000/000/000/003,277,,19456,fc9f1d4f9bc393473a85578da50925452f8c5a2771ea727734341ac95b5cf19e,False,,,,binary,,,,,,
ProjRep/000/000/000/003/281,ProjRep/000/000/000/003,281,,74240,7fb8b26f28de072a34f7c5c6b9186ceeac4a07133147443bc42a814aecd141d7,False,,,,binary,,,,,,
ProjRep/000/000/000/003/282,ProjRep/000/000/000/003,282,,41,5724ec356b50c763f138504f296565ddaf12948b9e99163dc1a0169e38de4d34,True,utf-8-sig,1.0000,1,text,,,,,,
ProjRep/000/000/000/003/283,ProjRep/000/000/000/003,283,,15360,786e8261828e2e8e588c8deef014c9c07b657aa4a969d4a38d00ddacaca11f6d,False,,,,binary,,,,,,
ProjRep/000/000/000/003/284,ProjRep/000/000/000/003,284,,402,d0eae3d0ed05f8076718c52d297f3ca417b158e54b1d8de481e2fed239275e90,True,utf-8-sig,1.0000,5,text; uft_script_candidate,Window(; Dialog(,,,,,
ProjRep/000/000/000/003/285,ProjRep/000/000/000/003,285,,19456,ab50b6d0c60a94d419ac8a8349a1f70279ba57ad0590385cb4975e132d97e4b9,False,,,,binary,,,,,,
ProjRep/000/000/000/003/286,ProjRep/000/000/000/003,286,,37,f6643bf2306479e5a52fb499eb94267e2925e5027671eaed07ce77f650e3f8ad,True,utf-8-sig,1.0000,3,text,,,,,,
ProjRep/000/000/000/003/287,ProjRep/000/000/000/003,287,,606,35bd76906d37b52a0f2021f9957d742fe22af9e31c37e61a70a1928459911d90,True,utf-16,1.0000,12,text,,,,,,
ProjRep/000/000/000/003/290,ProjRep/000/000/000/003,290,,5710,3605373f8545a1898b0322234d98b50941b7502e5eb715188cf7ea0ac4d57889,True,utf-8-sig,1.0000,141,text; xml_candidate,,,,,,
ProjRep/000/000/000/003/292,ProjRep/000/000/000/003,292,,4608,7a1841442cf239a880244e1e1910047753455f5f6689e54048b8a854398abf85,False,,,,binary,,,,,,
ProjRep/000/000/000/003/293,ProjRep/000/000/000/003,293,,7340,c30492f2d3631b914e073772886837165401e0b28ad44b1e214664e1c5f68e06,True,utf-8-sig,1.0000,171,text; contains_function_or_sub; xml_candidate,,,,,Function ,
ProjRep/000/000/000/003/294,ProjRep/000/000/000/003,294,,3072,5a5c846af9a173715f090cc73354935c0cd526af071d6bf85c43bc6355b14052,False,,,,binary,,,,,,
ProjRep/000/000/000/003/295,ProjRep/000/000/000/003,295,,74240,4f0f7975580163cb46e30d74e0d8714f7754e0058095bd292a14ecc73ba38366,False,,,,binary,,,,,,
ProjRep/000/000/000/003/297,ProjRep/000/000/000/003,297,,10240,9cdff1de34b72a27db8c620116e08f3449ded9693cc19e6911b3b0daee482a44,False,,,,binary,,,,,,
ProjRep/000/000/000/003/301,ProjRep/000/000/000/003,301,,3072,dfed924f528d688446d367f1070d2d1dcd677d55f0ac16d30e6047bc59613714,False,,,,binary,,,,,,
ProjRep/000/000/000/003/302,ProjRep/000/000/000/003,302,,75776,fd30c6e5a3cff23a314c80ba8bf3278a8dabbb7538b2ebe791b63c08f109ae97,False,,,,binary,,,,,,
ProjRep/000/000/000/003/303,ProjRep/000/000/000/003,303,,10240,71c9b09db7891fed0624ccf873987a132e214d580eed1f7219abb640750b6a75,False,,,,binary,,,,,,
ProjRep/000/000/000/003/309,ProjRep/000/000/000/003,309,,10752,9c90527c4f5006437601b3342103b134aca54fef3bf6748803df4dbc95fe673e,False,,,,binary,,,,,,
ProjRep/000/000/000/003/310,ProjRep/000/000/000/003,310,,606,08d3066d60901a08188935b0ef706e1d01227a145dd6700e4e83a51f97925a94,True,utf-16,1.0000,12,text,,,,,,
ProjRep/000/000/000/003/313,ProjRep/000/000/000/003,313,,25646,6e3f387f6ff1eb646e4509e3079e2e86fafc2b444a9edd9cdaf69ca471f904d3,True,utf-8-sig,1.0000,609,text; xml_candidate,,,,,,
ProjRep/000/000/000/003/317,ProjRep/000/000/000/003,317,,318,1c5895e609a9fff31b2875d41927f756899c7f32836c32947de071083e6528ee,False,,,,binary,,,,,,
ProjRep/000/000/000/003/318,ProjRep/000/000/000/003,318,,318,1e514037090bbb009878e2a43942060eae8bbc848ea0490c268dc7faa2989f1e,False,,,,binary,,,,,,
ProjRep/000/000/000/003/322,ProjRep/000/000/000/003,322,,1150,2787095c23c7777afce6d310164825531af1989ee78715c09ca04e9983c93418,False,,,,binary,,,,,,
ProjRep/000/000/000/003/327,ProjRep/000/000/000/003,327,,28914,1bca9861a96a30c8eedc2c77b1a67fec29592e9dbf4e5dfd839ae847e5d48958,False,,,,binary,,,,,,
ProjRep/000/000/000/003/331,ProjRep/000/000/000/003,331,,37888,3290815a30826a3818ca1f3000ecc067ac09117e34a64674718b4f9123ee2304,False,,,,binary,,,,,,
ProjRep/000/000/000/003/334,ProjRep/000/000/000/003,334,,13312,80fb17c9887de824deda015dffa84f9b0553727b0666e01b1268861f45e3ff02,False,,,,binary,,,,,,
ProjRep/000/000/000/003/337,ProjRep/000/000/000/003,337,,13312,b938dd8fcdfbb5e77b89ea265d5fdeaf0f6733dfbcaf08a91d3f9916e7280e1a,False,,,,binary,,,,,,
ProjRep/000/000/000/003/338,ProjRep/000/000/000/003,338,,581,8bfb0b3e9550e76d0c188eb9a4c88a39746154ebde3a5297f1ecfbf79e72fbea,True,utf-8-sig,1.0000,5,text; contains_control_flow,,,,For ,,
ProjRep/000/000/000/003/339,ProjRep/000/000/000/003,339,,61952,640987fd9cfc48edad317aa6487de61021a4c044d59b093265470d2460c1488a,False,,,,binary,,,,,,
ProjRep/000/000/000/003/340,ProjRep/000/000/000/003,340,,38,2390547ac5333bc5474f1ace0de388c34b7cc4caf23c978a04854381cc7a60fc,True,utf-8-sig,1.0000,1,text,,,,,,
ProjRep/000/000/000/003/341,ProjRep/000/000/000/003,341,,9728,725a7823e8cd65ae1786990bfbd85593eec365c645237a9917e229e0dbd402b6,False,,,,binary,,,,,,
ProjRep/000/000/000/003/343,ProjRep/000/000/000/003,343,,13312,c13bfc99d8943958ebbee8fcfcc09d67a0bbd5101e81e2363b94475be130521b,False,,,,binary,,,,,,
ProjRep/000/000/000/003/344,ProjRep/000/000/000/003,344,,4608,459d5236ff0cdf61d9d5f4e17e03ef39e1cca3ac6aa5966b7e5cb3cc7735ff9b,False,,,,binary,,,,,,
ProjRep/000/000/000/003/345,ProjRep/000/000/000/003,345,,5782,d247e41120df7bd515fda250c3b3139b6cd16df183b92ad029dae271270a29e9,True,utf-8-sig,1.0000,135,text; contains_function_or_sub; xml_candidate,,,,,Function ,
ProjRep/000/000/000/003/346,ProjRep/000/000/000/003,346,,2560,f6a98ab720c260911b53d674b5c9919d033aba6eba0bcd2359f8baf75403be2c,False,,,,binary,,,,,,
ProjRep/000/000/000/003/347,ProjRep/000/000/000/003,347,,37888,212abb65069d282a2b86cc9d41fff7ad55906d6039d6e7a1229119a9202e3e81,False,,,,binary,,,,,,
ProjRep/000/000/000/003/349,ProjRep/000/000/000/003,349,,7680,2e51d62e4ed8fd2263a943dafe84786e9f7c7f003d8a75a0307bef12e9771133,False,,,,binary,,,,,,
ProjRep/000/000/000/003/350,ProjRep/000/000/000/003,350,,102,83b1a2e979530bce88a69f37c1f9a21550586a8544070a9ac33dfc6e50df3e48,True,utf-8-sig,1.0000,1,text,,,,,,
ProjRep/000/000/000/003/351,ProjRep/000/000/000/003,351,,8704,aafeec9cd91f9b4ce418b9cebb10a2cb60f7ded067b6786ef91126a00044a33b,False,,,,binary,,,,,,
ProjRep/000/000/000/003/353,ProjRep/000/000/000/003,353,,4608,f113b9d574262f74d9717d267e43a60cf0cef18782b5f592143df70b35dbc3ff,False,,,,binary,,,,,,
ProjRep/000/000/000/003/354,ProjRep/000/000/000/003,354,,2053,68ad6bc30a671867436c7eed1b2b92ce59d7419fe5397d38fb1ed09f27de9afb,True,utf-8-sig,1.0000,47,text; xml_candidate,,,,,,
ProjRep/000/000/000/003/355,ProjRep/000/000/000/003,355,,2560,d0b2780fe0e31e0afc183053c80d830443e071ad9ef8d1679bc82559248acde2,False,,,,binary,,,,,,
ProjRep/000/000/000/003/356,ProjRep/000/000/000/003,356,,61952,3c4cc7e9e2a3e092aadfc8c2e72e5969d90cd69c4aa9b3fd935fa56c30ce0573,False,,,,binary,,,,,,
ProjRep/000/000/000/003/358,ProjRep/000/000/000/003,358,,7168,f69c605c79ae4fa554bf0fc096d70134576e90dbd44ac77740dee1406a013f02,False,,,,binary,,,,,,
ProjRep/000/000/000/003/359,ProjRep/000/000/000/003,359,,44,d5dc6688fcfd6ec62e9607489b8ebdac15c9b924eccc43f1aafc86805262e327,True,utf-8-sig,1.0000,1,text,,,,,,
ProjRep/000/000/000/003/360,ProjRep/000/000/000/003,360,,196608,291872a2f2983398f3f92bfca77a67d7fcfde4aeb36aa751357e64b8d4b34976,False,,,,binary,,,,,,
ProjRep/000/000/000/003/362,ProjRep/000/000/000/003,362,,10752,aa225030bbdce64a92fa43acf0d57c81420d5c1f126d42ecb34ed7fd0a16efc9,False,,,,binary,,,,,,
ProjRep/000/000/000/003/363,ProjRep/000/000/000/003,363,,732,1078c3545ff438e27ccfc96089a0a30edbdbf6a9ac10b9dbe4294c31b31fd4da,True,utf-8-sig,1.0000,8,text; uft_script_candidate,Window(; Dialog(,,,,,
ProjRep/000/000/000/003/364,ProjRep/000/000/000/003,364,,4608,1007a586df2f7626994969e34c4bda47e3848f87a5f5c6f983ee61993d0bf370,False,,,,binary,,,,,,
ProjRep/000/000/000/003/365,ProjRep/000/000/000/003,365,,7319,f9b8897a353f79c25b87cae8d4cad41f907e63e79ce7538022d616540c7948c4,True,utf-8-sig,1.0000,171,text; contains_function_or_sub; xml_candidate,,,,,Function ,
ProjRep/000/000/000/003/366,ProjRep/000/000/000/003,366,,2560,6c82e04658207fa9ddbae17e8e3f45b236a0e8c8e6649dc458cb0c58585c8fd4,False,,,,binary,,,,,,
ProjRep/000/000/000/003/367,ProjRep/000/000/000/003,367,,61952,9648c33af9e4d52649abfeb42b6781105b30fbee8f8aedcc5abddeb31bf99433,False,,,,binary,,,,,,
ProjRep/000/000/000/003/368,ProjRep/000/000/000/003,368,,245760,bc428a29b0d4c3de4a812d0f54cc93b22a1053dc5b46c3f218281510fdfb4a2c,False,,,,binary,,,,,,
ProjRep/000/000/000/003/369,ProjRep/000/000/000/003,369,,10752,805e8f9e8894e1a310ccd1b4363f84f999e747b4b74f7572346c1fb7e88c4c48,False,,,,binary,,,,,,
ProjRep/000/000/000/003/370,ProjRep/000/000/000/003,370,,556,18081e49072ec3c611e71b87f1add6bd312adbc39bd51e1009120f32472b5dd5,True,utf-8-sig,1.0000,6,text; uft_script_candidate,Window(; Dialog(,,,,,
ProjRep/000/000/000/003/371,ProjRep/000/000/000/003,371,,960,61b3122cd72b9b0ee90fb0ebc563a008f73d2790f584c8bc4edd49582815f9db,True,utf-8-sig,1.0000,26,text; xml_candidate,,,,,,
ProjRep/000/000/000/003/372,ProjRep/000/000/000/003,372,,5003,914f121ade41d550065e2219b8e2e024f2b52bbc12002c0e88bdeb32149cbf8b,True,utf-8-sig,1.0000,142,text; xml_candidate,,,,,,
ProjRep/000/000/000/003/373,ProjRep/000/000/000/003,373,,471732,1bee6886560c9f494b8f08bcb7d67d959c52bd0bb1a0b76b1870b73f430c3a4c,True,utf-8-sig,1.0000,9180,text; xml_candidate,,,,,,
ProjRep/000/000/000/003/374,ProjRep/000/000/000/003,374,,358,bdb8f1184c5d4665379fff09862d4a1c8687646cd2dbc7388a0e8fa3adaefe46,True,utf-8-sig,1.0000,12,text; xml_candidate,,,,,,
ProjRep/000/000/000/003/379,ProjRep/000/000/000/003,379,,157,662bddbb679650687cb92171226e28714b9137a04299c4f113da960f87ad704e,True,utf-8-sig,1.0000,5,text; xml_candidate,,,,,,
ProjRep/000/000/000/003/380,ProjRep/000/000/000/003,380,,58507,a897f636eef3cc00dcb5d7b4f3cad862073e78addd61ccf290a789537b353875,True,utf-8-sig,1.0000,1017,text; xml_candidate,,,,,,
ProjRep/000/000/000/003/381,ProjRep/000/000/000/003,381,,230,7085dcbfc4110ba174831cf81dac7d34f494ea2342b472bfb429a8ab18a330f3,True,utf-8-sig,1.0000,6,text; xml_candidate,,,,,,
ProjRep/000/000/000/003/382,ProjRep/000/000/000/003,382,,3611,b9f1f837af3af76100319033ba2dacb36b2a34fa0392f8c0ddaddc1456ac9f34,True,utf-8-sig,1.0000,73,text; xml_candidate,,,,,,
ProjRep/000/000/000/003/383,ProjRep/000/000/000/003,383,,9116,770fdc08bf788bd01e81f1cfe624b919311cdccd25d4b0e1bca1f2a5daeb941b,True,utf-8-sig,1.0000,193,text; xml_candidate,,,,,,
ProjRep/000/000/000/003/394,ProjRep/000/000/000/003,394,,44881,49f0c08f51d28e0230bae10c9be4a030338110015b6d9e6ca8f2552eb5f6dd4a,True,utf-8-sig,1.0000,809,text; xml_candidate,,,,,,
ProjRep/000/000/000/003/396,ProjRep/000/000/000/003,396,,3611,036fee37e323f47e2250bfc249362334706f206ad84f8f4d404b2dde45b7d008,True,utf-8-sig,1.0000,73,text; xml_candidate,,,,,,
ProjRep/000/000/000/003/397,ProjRep/000/000/000/003,397,,1675,2f0bd72d306006048fe7cfd8ae4c9a724284413c0894defd34fef0f96620e6d9,True,utf-8-sig,1.0000,38,text; xml_candidate,,,,,,
ProjRep/000/000/000/003/398,ProjRep/000/000/000/003,398,,1820,b0ac94d18590dd26e1ceebc2617484c23ef8bfee644dfe34471b86b2a17434ee,True,utf-8-sig,1.0000,41,text; xml_candidate,,,,,,
ProjRep/000/000/000/003/399,ProjRep/000/000/000/003,399,,9132,9755306e489c82a3d9f0367254127e3b12d9a4dffe070392d54d21ef13404b32,True,utf-8-sig,1.0000,168,text; xml_candidate,,,,,,
ProjRep/000/000/000/003/400,ProjRep/000/000/000/003,400,,981,91e2d20eb6b385d710612796b768d8fc5ff9a20e3cd229eedeef379b5621604d,True,utf-8-sig,1.0000,26,text; xml_candidate,,,,,,
ProjRep/000/000/000/003/401,ProjRep/000/000/000/003,401,,2094,58c4ab2d4ada5d35b37ee75d014e2e4d4d82451ca4d68d23a7f4530a833f835f,True,utf-8-sig,1.0000,58,text; xml_candidate,,,,,,
ProjRep/000/000/000/003/402,ProjRep/000/000/000/003,402,,74310,4043905816489eda716890d7aed53343cce6f4d7d0859827e1ed2c83da3b20d2,True,utf-8-sig,1.0000,1440,text; contains_control_flow; xml_candidate,,,,For ,,
ProjRep/000/000/000/003/408,ProjRep/000/000/000/003,408,,71041,9c24b13c7c351c0c62f7a3718541fac2821b6acf9238ea8ebc9c515b2fdafb64,True,utf-8-sig,1.0000,1103,text; contains_control_flow; xml_candidate,,,,If ; Then; For ,,
ProjRep/000/000/000/003/409,ProjRep/000/000/000/003,409,,71055,33ab138fdff50f25f60ceccdd84eab84912e4e40dce8ba32ee831737eeee96cf,True,utf-8-sig,1.0000,1103,text; contains_control_flow; xml_candidate,,,,If ; Then; For ,,
ProjRep/000/000/000/003/410,ProjRep/000/000/000/003,410,,90983,709b7947377f6458f7b72bbd4805b58d5536ee00e15831ad78a5452a8130ca8f,True,utf-8-sig,1.0000,1479,text; contains_control_flow; xml_candidate,,,,If ; Then; For ,,
ProjRep/000/000/000/003/411,ProjRep/000/000/000/003,411,,110850,914ba5e0a3884cc18f035b2a2af3e4ad4ac4d8df93eae1f46e09caaea5bbc852,True,utf-8-sig,1.0000,1854,text; contains_control_flow; xml_candidate,,,,If ; Then; For ,,
ProjRep/000/000/000/003/412,ProjRep/000/000/000/003,412,,113503,e24950234bab04e0fcd3b73658ee9207bf1c38497b454436c0c564da8113e815,True,utf-8-sig,1.0000,1904,text; contains_control_flow; xml_candidate,,,,If ; Then; For ,,
ProjRep/000/000/000/003/413,ProjRep/000/000/000/003,413,,90760,67bea8e0ae38cf0a7ba3640e92478b55dc15de9f1103409ebfa4baa0c3f63a32,True,utf-8-sig,1.0000,1408,text; contains_control_flow; xml_candidate,,,,If ; Then; For ; Do ,,
ProjRep/000/000/000/003/414,ProjRep/000/000/000/003,414,,113605,a626e9a0b0e10055b909beb6e5829dee34b4d9860e20a56535d281058dd43ccc,True,utf-8-sig,1.0000,1904,text; contains_control_flow; xml_candidate,,,,If ; Then; For ,,
ProjRep/000/000/000/003/415,ProjRep/000/000/000/003,415,,90774,84b981922c882a1dfe363c1049d2f35df9b2134a2e1e2d946f1842f7542d12bf,True,utf-8-sig,1.0000,1408,text; contains_control_flow; xml_candidate,,,,If ; Then; For ; Do ,,
ProjRep/000/000/000/003/416,ProjRep/000/000/000/003,416,,25938,69ecebc68d0722a1103c898846c3fd723a5a0b427ed66497815628c209ade1a1,False,,,,binary,,,,,,
ProjRep/000/000/000/003/417,ProjRep/000/000/000/003,417,,46731,6d7bc7e5d76fd172cfeb2cfc645390c5a11d783a838102158a0aa5a133cf7957,True,utf-8-sig,1.0000,770,text; contains_control_flow; xml_candidate,,,,If ; Then; For ,,
ProjRep/000/000/000/003/418,ProjRep/000/000/000/003,418,,90782,7836ae255c856c4a19a611f7f77a8679a59c9a0fda3fedc09f24803d9898a46b,True,utf-8-sig,1.0000,1408,text; contains_control_flow; xml_candidate,,,,If ; Then; For ; Do ,,
ProjRep/000/000/000/003/419,ProjRep/000/000/000/003,419,,81750,11d917b78a48e121f6419d25f50168d2f0dee9939ae06116434d86fd64cbe79a,True,utf-8-sig,1.0000,1286,text; contains_control_flow; xml_candidate,,,,If ; Then; For ; Do ,,
ProjRep/000/000/000/003/420,ProjRep/000/000/000/003,420,,46753,d68c32dae162dc3dd5e9c4dac0568d14f9c409d852868d5618ff07ce0dab82a3,True,utf-8-sig,1.0000,770,text; contains_control_flow; xml_candidate,,,,If ; Then; For ,,
ProjRep/000/000/000/003/421,ProjRep/000/000/000/003,421,,81806,dde7ef1f14dce14e2d6ab3b0e6516b79dcb73fcfa54736a2f3bb9b0c31c5eff7,True,utf-8-sig,1.0000,1286,text; contains_control_flow; xml_candidate,,,,If ; Then; For ; Do ,,
ProjRep/000/000/000/003/427,ProjRep/000/000/000/003,427,,81831,214be6df202f0cb57b6e0a252205b4a493f481266b5e4580dab3887b55c9ccf8,True,utf-8-sig,1.0000,1286,text; contains_control_flow; xml_candidate,,,,If ; Then; For ; Do ,,
ProjRep/000/000/000/003/432,ProjRep/000/000/000/003,432,,46733,7c781e2ec6447611a0ef5cf8720b614e8600f747e002da130eaa9aae3dc31f45,True,utf-8-sig,1.0000,770,text; contains_control_flow; xml_candidate,,,,If ; Then; For ,,
ProjRep/000/000/000/003/433,ProjRep/000/000/000/003,433,,46747,a5b18a68373e81fc19480ec2e6a95200fbb0bd7fa16fef32e44997289dace8d3,True,utf-8-sig,1.0000,770,text; contains_control_flow; xml_candidate,,,,If ; Then; For ,,
ProjRep/000/000/000/003/434,ProjRep/000/000/000/003,434,,46755,b38aa9092318d8be802ea512df874b348d2175512416941cd53b5fcb8837b8e7,True,utf-8-sig,1.0000,770,text; contains_control_flow; xml_candidate,,,,If ; Then; For ,,
ProjRep/000/000/000/003/435,ProjRep/000/000/000/003,435,,47995,fd82c5793d7fd8df2324b0024eb99fa36aa5a93085eb119fb37b5be182c28ba6,True,utf-8-sig,1.0000,929,text; contains_control_flow; xml_candidate,,,,If ; Next,,
ProjRep/000/000/000/003/436,ProjRep/000/000/000/003,436,,47997,991809b3541fa07de3a861867cf71e2abdfcf8177bc3f11c082a4ba99ffd10d0,True,utf-8-sig,1.0000,923,text; contains_control_flow; xml_candidate,,,,If ; Next,,
ProjRep/000/000/000/003/437,ProjRep/000/000/000/003,437,,48005,cc62ffaf7bf2cc4c7f2e299f1a8d0b07fb7a09a4b0682e30361bd83ec08212f7,True,utf-8-sig,1.0000,923,text; contains_control_flow; xml_candidate,,,,If ; Next,,
ProjRep/000/000/000/003/440,ProjRep/000/000/000/003,440,,4096,80ad581a85bc4f4975699378063a7f605351942a207c9920bd30f0a391f35cb6,False,,,,binary,,,,,,
ProjRep/000/000/000/003/441,ProjRep/000/000/000/003,441,,4096,be8ef6079b680843821a343c1db0f342ced839a53440d29bb7386d33443e7f1d,False,,,,binary,,,,,,
ProjRep/000/000/000/003/442,ProjRep/000/000/000/003,442,,620,792bc8d2283d80060bd5cf0c421e737959e9afcfedf7bbba598571eafeda72d8,True,utf-16,1.0000,12,text,,,,,,
ProjRep/000/000/000/003/445,ProjRep/000/000/000/003,445,,11871,41482a3bfa1e3da120134310665cde903b345c640d04dd8949a58754055ac391,True,utf-8-sig,1.0000,285,text; xml_candidate,,,,,,
ProjRep/000/000/000/003/459,ProjRep/000/000/000/003,459,,23770,3930b0b4f7fdf736953016e7460dc5282d9793b2568d228b5a0ddae883f010dc,True,utf-8-sig,0.9999,438,text; xml_candidate,,,,,,
ProjRep/000/000/000/003/460,ProjRep/000/000/000/003,460,,23778,6bfb1278a9027cd2ebde07a09584b1626751f91e545bedb67bfc2a2e21091d1c,True,utf-8-sig,0.9999,435,text; xml_candidate,,,,,,
ProjRep/000/000/000/003/461,ProjRep/000/000/000/003,461,,23778,f54c76ad4c43220a8bdec65ca0e12d22c359a93d44c535c79ec8391703a2d044,True,utf-8-sig,0.9999,435,text; xml_candidate,,,,,,
ProjRep/000/000/000/003/462,ProjRep/000/000/000/003,462,,71135,52ba12203bdbd460fa243d8548449182383dc114ac4982f92d394da3807c05b7,True,utf-8-sig,1.0000,1103,text; contains_control_flow; xml_candidate,,,,If ; Then; For ,,
ProjRep/000/000/000/003/463,ProjRep/000/000/000/003,463,,23302,13ce39f461cb1133e0e11d945f1be2425214857814635c680ba7287eae61d789,True,utf-8-sig,0.9999,438,text; contains_control_flow; xml_candidate,,,,For ,,
ProjRep/000/000/000/003/464,ProjRep/000/000/000/003,464,,23773,0a34faf6681ba58b21eb37fd668a7ec6aa01ce515a0c75c3836d4933d1800233,True,utf-8-sig,0.9999,435,text; xml_candidate,,,,,,
ProjRep/000/000/000/003/465,ProjRep/000/000/000/003,465,,71149,326f8d611caed27a7edd9404f25c7a1d43b42adb1131d13614175cdd79329124,True,utf-8-sig,1.0000,1103,text; contains_control_flow; xml_candidate,,,,If ; Then; For ,,
ProjRep/000/000/000/003/466,ProjRep/000/000/000/003,466,,51326,5139acc41813c3dfe9db3fd139d89c58044d355b33dca61558b48833da4ddfd8,True,utf-8-sig,0.9993,942,text; contains_control_flow; xml_candidate,,,,If ; Then; Next,,
ProjRep/000/000/000/003/467,ProjRep/000/000/000/003,467,,23311,2f4c28c8e877352d02de2218ae2a162bdd0aad2e23f30f9d892ce0710fb172a6,True,utf-8-sig,0.9999,438,text; contains_control_flow; xml_candidate,,,,For ,,
ProjRep/000/000/000/003/468,ProjRep/000/000/000/003,468,,61789,409660566c5f8409c1870ff7914ecc34eb1b5beb1b344e6971651c930f0c4ec8,True,utf-8-sig,1.0000,1076,text; xml_candidate,,,,,,
ProjRep/000/000/000/003/469,ProjRep/000/000/000/003,469,,171703,91a33a6651e20ae7e67f07170134edfb7c930a3eb1be8ade4b9f93f06d213baf,False,,,,binary,,,,,,
ProjRep/000/000/000/003/470,ProjRep/000/000/000/003,470,,51738,0971c98b4a340e623dda81e44b1c92e5e9c9ef02c893ce706a530e6a8f8e52d9,True,utf-8-sig,0.9993,923,text; contains_control_flow; xml_candidate,,,,If ; Then; Next,,
ProjRep/000/000/000/003/471,ProjRep/000/000/000/003,471,,57833,0480b9c8eacb4fc49e8268b8784ea0badfa00767ca0b70907f5359e03856460b,True,utf-8-sig,0.9979,946,text; contains_control_flow; xml_candidate,,,,If ; For ; Next,,
ProjRep/000/000/000/003/472,ProjRep/000/000/000/003,472,,52121,702d69f52dcd643726227ea352a9fe8032fedc0cce6694b7cb3fe0620cde1efc,True,utf-8-sig,0.9993,933,text; contains_control_flow; xml_candidate,,,,If ; Then; Next,,
ProjRep/000/000/000/003/473,ProjRep/000/000/000/003,473,,57845,b761d5e6c271b1cc68f2a7d3535fa4e83f820480fa3dc6e286cde38686d24bf6,True,utf-8-sig,0.9979,945,text; contains_control_flow; xml_candidate,,,,If ; For ; Next,,
ProjRep/000/000/000/003/475,ProjRep/000/000/000/003,475,,30306,f01c6a376bccb3e07d408ce43394e3e9582a9884170f894fb58401760238e002,True,utf-8-sig,0.9999,493,text; contains_control_flow; xml_candidate,,,,Next,,
ProjRep/000/000/000/003/476,ProjRep/000/000/000/003,476,,57740,dcb2a380e71dad610e82b8ae74aaeae175781907f7d64af3323290e7819afff6,True,utf-8-sig,0.9978,915,text; contains_control_flow; xml_candidate,,,,If ; For ; Next,,
ProjRep/000/000/000/003/477,ProjRep/000/000/000/003,477,,30320,3f3a5ec7b4eaca86a36c117f23bd1692ec1062e6c0048e3d476c5ae5ee6cbd1f,True,utf-8-sig,0.9999,493,text; contains_control_flow; xml_candidate,,,,Next,,
ProjRep/000/000/000/003/478,ProjRep/000/000/000/003,478,,30328,6a7100d6efaa2fdc617ec1be1225dccadf4fce6fa3e6558cd21902d61b1ef8c2,True,utf-8-sig,0.9999,493,text; contains_control_flow; xml_candidate,,,,Next,,
ProjRep/000/000/000/003/484,ProjRep/000/000/000/003,484,,71195,3e8ca3cb08f08cb7bd976e41d9e6dd4b1608a7183134e3cb43e1f0b64563ee35,True,utf-8-sig,1.0000,1103,text; contains_control_flow; xml_candidate,,,,If ; Then; For ,,
ProjRep/000/000/000/003/485,ProjRep/000/000/000/003,485,,61791,615a978be1c135678e13da35ad4530e4f2b613617a1156ce3a86f50a20100b03,True,utf-8-sig,1.0000,1076,text; xml_candidate,,,,,,
ProjRep/000/000/000/003/487,ProjRep/000/000/000/003,487,,3611,051d80dadde89f38de2e9f8d73157057452ca16ed0b5d467934834e4a7cdfa25,True,utf-8-sig,1.0000,73,text; xml_candidate,,,,,,
ProjRep/000/000/000/003/499,ProjRep/000/000/000/003,499,,53554,1f37d0e3b92e791d152987ba91f9706493884382c23792bafd23712d8e167277,True,utf-8-sig,1.0000,941,text; xml_candidate,,,,,,
ProjRep/000/000/000/003/501,ProjRep/000/000/000/003,501,,3611,e88b396e7d859dc407f943409b89e3ce3c289afdab9f171527f085616dc9b119,True,utf-8-sig,1.0000,73,text; xml_candidate,,,,,,
ProjRep/000/000/000/003/513,ProjRep/000/000/000/003,513,,23301,821bcc7bf7a783070a2c82c096ff4c83d06c2d1ea9e05bc21ee49a5713e61234,True,utf-8-sig,0.9999,438,text; contains_control_flow; xml_candidate,,,,For ,,
ProjRep/000/000/000/003/514,ProjRep/000/000/000/003,514,,23315,ebf6939c1571a2675f6a69cdd73fce4bc1b8771d6f9a70dabd9588063304fea4,True,utf-8-sig,0.9999,438,text; contains_control_flow; xml_candidate,,,,For ,,
ProjRep/000/000/000/003/515,ProjRep/000/000/000/003,515,,51260,de5779a3f44507df2e4deabdc30d1cadfdc4d11daa43e0d4007b09d6699bb66d,True,utf-8-sig,0.9993,942,text; contains_control_flow; xml_candidate,,,,If ; Then; Next,,
ProjRep/000/000/000/003/516,ProjRep/000/000/000/003,516,,23253,3a4a7f1ef7b15b0d8a55c073a129394f5b40804ec610ac57a39a17faccd1de46,True,utf-8-sig,0.9999,438,text; contains_control_flow; xml_candidate,,,,For ,,
ProjRep/000/000/000/003/517,ProjRep/000/000/000/003,517,,51168,cb255b6927c1743a3c84cf3a873b4173f7cb39706e2b24b33096c9e933512e1c,True,utf-8-sig,0.9993,923,text; contains_control_flow; xml_candidate,,,,If ; Then; Next,,
ProjRep/000/000/000/003/518,ProjRep/000/000/000/003,518,,57691,b60aeec2780b2c28b106a24659a5ec37bbe321346347e29392bedc2c5e486520,True,utf-8-sig,0.9985,931,text; contains_control_flow; xml_candidate,,,,If ; For ; Next,,
ProjRep/000/000/000/003/519,ProjRep/000/000/000/003,519,,51176,efb4edd76df5b805317edcd87acf6762a959a612bc0e632cf937a26aaf3ea176,True,utf-8-sig,0.9993,923,text; contains_control_flow; xml_candidate,,,,If ; Then; Next,,
ProjRep/000/000/000/003/520,ProjRep/000/000/000/003,520,,57720,c89794295b05d2506c202bdb903e8f356b8079d12714127f9ca3f1439eb72ead,True,utf-8-sig,0.9985,930,text; contains_control_flow; xml_candidate,,,,If ; For ; Next,,
ProjRep/000/000/000/003/521,ProjRep/000/000/000/003,521,,116894,8fee45cf5c59d78d526d40d8e5153f91035e448eabe3c621193e7370c941ad5c,False,,,,binary,,,,,,
ProjRep/000/000/000/003/522,ProjRep/000/000/000/003,522,,90854,2cf9eb93075512e986f852da644d8055a228f1bb36bc9c90fd2a0350dde0c4a3,True,utf-8-sig,1.0000,1408,text; contains_control_flow; xml_candidate,,,,If ; Then; For ; Do ,,
ProjRep/000/000/000/003/524,ProjRep/000/000/000/003,524,,90868,d2d150c31adb23e8c8f81726d24c091e8aa7f14b29a9af37af42d7125b453e73,True,utf-8-sig,1.0000,1408,text; contains_control_flow; xml_candidate,,,,If ; Then; For ; Do ,,
ProjRep/000/000/000/003/529,ProjRep/000/000/000/003,529,,90876,d93c2ff4730614a7e5d129c74862ee1d8d2c37eabe01c1b72b2bd4cbad5fc46c,True,utf-8-sig,1.0000,1408,text; contains_control_flow; xml_candidate,,,,If ; Then; For ; Do ,,
ProjRep/000/000/000/003/532,ProjRep/000/000/000/003,532,,3611,2015a41317b42697c595875e1f35ea7cb497bc97f551f019a8f58ce69e9fb863,True,utf-8-sig,1.0000,73,text; xml_candidate,,,,,,
ProjRep/000/000/000/003/537,ProjRep/000/000/000/003,537,,2113,8dc41da33d7b6edfe20c87ee0a4192bc2f26023ec8ac86cf08a89a83ef3522dc,True,utf-8-sig,1.0000,58,text; xml_candidate,,,,,,
ProjRep/000/000/000/003/544,ProjRep/000/000/000/003,544,,50125,6eca041ea64d37fa58f397ce3d352fb184312a774c568523e80a794ae1afc900,True,utf-8-sig,1.0000,898,text; xml_candidate,,,,,,
ProjRep/000/000/000/003/546,ProjRep/000/000/000/003,546,,3611,70c36791541f4e49b35de396a5d36bca8e658ce8904d03c2ac321efb018548ee,True,utf-8-sig,1.0000,73,text; xml_candidate,,,,,,
ProjRep/000/000/000/003/558,ProjRep/000/000/000/003,558,,41253,1fcfdb96547c0caa1ffbf9ebf33a3b1ce60c133f68f50e932c1123ce23236e10,True,utf-8-sig,0.9979,733,text; contains_control_flow; xml_candidate,,,,For ; Next,,
ProjRep/000/000/000/003/559,ProjRep/000/000/000/003,559,,41302,c30b9884b70c4f6d762a8e774351e41cba9fc4b73231ce9821c1f2cd231f59ae,True,utf-8-sig,0.9981,687,text; contains_control_flow; xml_candidate,,,,For ; Next,,
ProjRep/000/000/000/003/560,ProjRep/000/000/000/003,560,,40501,1b72e1a897277f4229719beea0544e33ef1399e72f0a7d279fae3554851bd886,True,utf-8-sig,0.9987,741,text; contains_control_flow; xml_candidate,,,,For ; Next,,
ProjRep/000/000/000/003/561,ProjRep/000/000/000/003,561,,39772,7fd7bbfb5093fe3fb7d94b428b10de0e35107f7a8c52596630df02bac0af8433,True,utf-8-sig,0.9993,756,text; contains_control_flow; xml_candidate,,,,Next,,
ProjRep/000/000/000/003/562,ProjRep/000/000/000/003,562,,36976,28299f27b9f5d0ef228f6a39231eb1916c4776413e79d650a88ebc2fc74968c9,True,utf-8-sig,0.9988,678,text; contains_control_flow; xml_candidate,,,,Then; Next,,
ProjRep/000/000/000/003/563,ProjRep/000/000/000/003,563,,9687,eb0cb633c879a2989a3a477c7ad9abe0659fa9a4f8552bb6d339a305828a878f,True,utf-8-sig,1.0000,200,text; contains_control_flow; xml_candidate,,,,For ; Next,,
ProjRep/000/000/000/003/564,ProjRep/000/000/000/003,564,,76756,bfc35740a86d0561efb82fff8d5be492546b4cddc129f0418e363f1bc1d4f51d,True,utf-8-sig,1.0000,977,text; contains_control_flow; xml_candidate,,,,Then; For ; Next; Do ; While ,,
ProjRep/000/000/000/003/565,ProjRep/000/000/000/003,565,,19330,90fcac7f0e3e1564dd1df95e2b058064f7714f390dd156ef99f4872c763cdee1,True,utf-8-sig,1.0000,240,text; xml_candidate,,,,,,
ProjRep/000/000/000/003/566,ProjRep/000/000/000/003,566,,43882,20811ad2e7fc4ebf3ad795986a59d388122ab15bca5cc4b00f317f2ef9ea2cf8,True,utf-8-sig,1.0000,575,text; contains_control_flow; xml_candidate,,,,Then; For ; Next,,
ProjRep/000/000/000/003/567,ProjRep/000/000/000/003,567,,36156,e49b121585f28ed40538a4a8b0176b3e3c9ba2c46947e6ddbcc4e9c134dd3097,True,utf-8-sig,1.0000,499,text; contains_control_flow; xml_candidate,,,,If ; For ; Next,,
ProjRep/000/000/000/003/568,ProjRep/000/000/000/003,568,,23720,d8aa65b866f0a5cf7246c54657c4542a187f47c89dcfe74ee77c7d8aae540dc2,True,utf-8-sig,0.9999,438,text; xml_candidate,,,,,,
ProjRep/000/000/000/003/569,ProjRep/000/000/000/003,569,,23728,bdbdd2971d50fce3c94032b4910e092d86a77eb1442904238cf2ea53d9f37828,True,utf-8-sig,0.9999,435,text; xml_candidate,,,,,,
ProjRep/000/000/000/003/570,ProjRep/000/000/000/003,570,,23672,5c80e79a522e0c6da583cefad0f450d8c5d14c1d20ac2c25c57da62d0623778f,True,utf-8-sig,0.9999,435,text; xml_candidate,,,,,,
ProjRep/000/000/000/003/571,ProjRep/000/000/000/003,571,,58064,cc68bbb1dc7f6579593d74a64a66508174767c3f4861c8803536378d7d272f73,True,utf-8-sig,0.9986,886,text; contains_control_flow; xml_candidate,,,,If ; For ; Next,,
ProjRep/000/000/000/003/572,ProjRep/000/000/000/003,572,,23680,871380e5571a714ea27639b39e927c06c67aeaf30ed333aee6510c3e853a505d,True,utf-8-sig,0.9999,435,text; xml_candidate,,,,,,
ProjRep/000/000/000/003/573,ProjRep/000/000/000/003,573,,57904,4dbef32912bbdfa1b297163a960f5253fa12e52b0d539652f07ba2b10a16a6d5,True,utf-8-sig,0.9986,885,text; contains_control_flow; xml_candidate,,,,If ; For ; Next,,
ProjRep/000/000/000/003/574,ProjRep/000/000/000/003,574,,47391,de36b551feee1148afc9917f15af66f371de73fdf613f2c015dddd2e939204bc,True,utf-8-sig,0.9999,597,text; contains_control_flow; xml_candidate,,,,Then; For ; Next,,
ProjRep/000/000/000/003/575,ProjRep/000/000/000/003,575,,57450,f7111179ccb4c168b240142ef54efbfb6112fb966dc3aff7f099fc3e2fafe25a,True,utf-8-sig,0.9986,885,text; contains_control_flow; xml_candidate,,,,If ; For ; Next,,
ProjRep/000/000/000/003/576,ProjRep/000/000/000/003,576,,34575,21163745138a724d549f504d599954aad859db046180969505176442e5ff47e1,True,utf-8-sig,0.9986,524,text; contains_control_flow; xml_candidate,,,,For ; Next,,
ProjRep/000/000/000/003/577,ProjRep/000/000/000/003,577,,34537,6eb85ccaefce0307e5b1af667f68f7de9fb7fea8cefa595309ecb8e95887d662,True,utf-8-sig,0.9986,515,text; contains_control_flow; xml_candidate,,,,For ; Next,,
ProjRep/000/000/000/003/578,ProjRep/000/000/000/003,578,,47398,044a35f07a37856466ef524b1b4a238e36d5c8b8363239eb0dbc42e2b2a1c971,True,utf-8-sig,0.9999,597,text; contains_control_flow; xml_candidate,,,,Then; For ; Next,,
ProjRep/000/000/000/003/579,ProjRep/000/000/000/003,579,,64047,f68f95281a03fe33fc5b539a3fac6ccb5ffee0a56eda1f87883dc803198fd514,True,utf-8-sig,1.0000,1120,text; xml_candidate,,,,,,
ProjRep/000/000/000/003/581,ProjRep/000/000/000/003,581,,3611,fe07cc730b92ef9e6fc75c65bff22520f2742097db60e353044730f78c003a95,True,utf-8-sig,1.0000,73,text; xml_candidate,,,,,,
ProjRep/000/000/000/003/593,ProjRep/000/000/000/003,593,,64046,9be158bb498d99e17571bd3b88a16ee697eb8c78f27b65ff0342148abaabfac7,True,utf-8-sig,1.0000,1120,text; xml_candidate,,,,,,
ProjRep/000/000/000/003/595,ProjRep/000/000/000/003,595,,3611,7eee71a8d03eee819fa1096bb4916261effd59544ccb33cb4c7328865d7bee15,True,utf-8-sig,1.0000,73,text; xml_candidate,,,,,,
ProjRep/000/000/000/003/600,ProjRep/000/000/000/003,600,,4005,07e5945caa264517e7ad36086ad32c91c8dba0271a4b45d6bd7145f472b4c967,True,utf-8-sig,1.0000,110,text; xml_candidate,,,,,,
ProjRep/000/000/000/003/609,ProjRep/000/000/000/003,609,,3611,68219e01127abd09720209c72c882aed743580113dd89fba71e8d10a38563d53,True,utf-8-sig,1.0000,73,text; xml_candidate,,,,,,
ProjRep/000/000/000/003/621,ProjRep/000/000/000/003,621,,13715,318e236027e3b1c5f4044220773cbff6d7a4159df6f17bcd4293cbe302fc00e7,True,utf-8-sig,1.0000,331,text; xml_candidate,,,,,,
ProjRep/000/000/000/003/623,ProjRep/000/000/000/003,623,,3611,f6ffe28c3e2ee9cb1fbbb6434090beb53f7aa68b1a16004abe488d7341df4832,True,utf-8-sig,1.0000,73,text; xml_candidate,,,,,,
ProjRep/000/000/000/003/637,ProjRep/000/000/000/003,637,,37888,07fd4e070309b7bd83583e2141d735a5dc05e7f2e8b2e450a69aa146b0b5770e,False,,,,binary,,,,,,
ProjRep/000/000/000/003/640,ProjRep/000/000/000/003,640,,13312,f10836c59e32b0fafa1c95b5bfa5a4d7c5a2e3d19c55bd3cafb4b96e918f2728,False,,,,binary,,,,,,
ProjRep/000/000/000/003/643,ProjRep/000/000/000/003,643,,13312,94cbce3614a69ccb36f8f161387aaea7e58d5c25f2bf181c940a3c13aed1db3c,False,,,,binary,,,,,,
ProjRep/000/000/000/003/645,ProjRep/000/000/000/003,645,,64000,3104d3a29eca2da8e0f16b132edacfb7fe0c69585d94b45c849a439a6c3b2864,False,,,,binary,,,,,,
ProjRep/000/000/000/003/646,ProjRep/000/000/000/003,646,,50,5c654c7c23667248877c57567fdc236bbfae9a8bc600b0e96c0014b9c73f717b,True,utf-8-sig,1.0000,1,text,,,,,,
ProjRep/000/000/000/003/647,ProjRep/000/000/000/003,647,,9728,3c7aeacb11c0f7200b93fecaac67ee2ee749ddc1f71b72973d991b5355176e3d,False,,,,binary,,,,,,
ProjRep/000/000/000/003/649,ProjRep/000/000/000/003,649,,14848,c1abf53028c8b20171d1b99fedf5ee8cb5724dfc4e6c1df22c5b6715140af227,False,,,,binary,,,,,,
ProjRep/000/000/000/003/650,ProjRep/000/000/000/003,650,,226077,5625f92e3fea0e6d4b42eb62792ba14748bb97eda6d5ac1f59da23b077f5f0c6,False,,,,binary,,,,,,
ProjRep/000/000/000/003/651,ProjRep/000/000/000/003,651,,4608,48546fdd7887ae80d1cb6fc28e2590b91be302a3aaf77935d545db3dc3784581,False,,,,binary,,,,,,
ProjRep/000/000/000/003/652,ProjRep/000/000/000/003,652,,7410,77161bd04d55d52e07a94875ebacbcf7857a105c69d736f4875b2cee4eba7f96,True,utf-8-sig,1.0000,171,text; contains_function_or_sub; xml_candidate,,,,,Function ,
ProjRep/000/000/000/003/653,ProjRep/000/000/000/003,653,,2560,dd71e2f920c7b7c2606ce98139e288e3544520b53f1805ec6f10694dbf99f840,False,,,,binary,,,,,,
ProjRep/000/000/000/003/654,ProjRep/000/000/000/003,654,,64000,f92731a0388e8c52c5a866257ef5378aef3325416d11d54539ecb23802926209,False,,,,binary,,,,,,
ProjRep/000/000/000/003/657,ProjRep/000/000/000/003,657,,11264,c52abd178db804c577dc71f86fb13a4f6342ebbfa3d731b3cc3664124f02edbc,False,,,,binary,,,,,,
ProjRep/000/000/000/003/658,ProjRep/000/000/000/003,658,,47,8ef6407c54a4b4075ae4fbaa898a766803c0ceb4f9e70b80f93135892f7d4a20,True,utf-8-sig,1.0000,1,text; uft_script_candidate,Window(,,,,,
ProjRep/000/000/000/003/661,ProjRep/000/000/000/003,661,,10752,260d5e4c92f399fb739ff9018b7c55b90ea18eecbe2a91a7de20e65e253254d6,False,,,,binary,,,,,,
ProjRep/000/000/000/003/662,ProjRep/000/000/000/003,662,,606,17cf12fb2c0712dfed5f29d19bdba317f522272fdf8e9915e34a546ebb29a0f0,True,utf-16,1.0000,12,text,,,,,,
ProjRep/000/000/000/003/665,ProjRep/000/000/000/003,665,,29776,d7c5afde3d7c298d32c54f66b2fb451834ee063be40512a25bd944a413052eea,True,utf-8-sig,1.0000,684,text; uft_script_candidate; contains_function_or_sub; xml_candidate,Window(,,,,Function ,
ProjRep/000/000/000/003/671,ProjRep/000/000/000/003,671,,1150,6b06ab70eece3b820e2aac72e592fc1cb6266670a74766868b819945a7646fbe,False,,,,binary,,,,,,
ProjRep/000/000/000/003/683,ProjRep/000/000/000/003,683,,10752,92e6b176eeb20f5c38bd4596626b90efd481ab462ec780ffc24990ada783cbf6,False,,,,binary,,,,,,
ProjRep/000/000/000/003/684,ProjRep/000/000/000/003,684,,606,3f91660b1d35390e2f99b772790017ef1e73bfc32a6ff845a92c4f26168d2f34,True,utf-16,1.0000,12,text,,,,,,
ProjRep/000/000/000/003/687,ProjRep/000/000/000/003,687,,29408,38656bdcd92246f16370888c1606c89521074df5e6a676a9f9da27b7910dba55,True,utf-8-sig,1.0000,669,text; uft_script_candidate; contains_function_or_sub; xml_candidate,Window(,,,,Function ,
ProjRep/000/000/000/003/701,ProjRep/000/000/000/003,701,,26702,0dbc6fa8da862b4c170506630fa6a8dd0252950fde53992f9a4acfe8b9ea4ccd,True,utf-16,1.0000,259,text; uft_script_candidate; contains_control_flow; contains_function_or_sub,Option Explicit; Reporter.ReportEvent; Window(; Dialog(,,,If ; Then; Else; End If; For ; Do ; Select Case; End Select,Function ; End Function,
ProjRep/000/000/000/003/702,ProjRep/000/000/000/003,702,,26708,0b977234aa9994e32189aa4e59fabbd68418dd4552946954f78a45d5ae70bd09,True,utf-16,1.0000,259,text; uft_script_candidate; contains_control_flow; contains_function_or_sub,Option Explicit; Reporter.ReportEvent; Window(; Dialog(,,,If ; Then; Else; End If; For ; Do ; Select Case; End Select,Function ; End Function,
ProjRep/000/000/000/003/703,ProjRep/000/000/000/003,703,,26732,90d050d4fdd1aa08a83e14c50ab3e6ffa1aeb51b3cdc1a93e296f4f09a22ae3e,True,utf-16,1.0000,260,text; uft_script_candidate; contains_control_flow; contains_function_or_sub,Option Explicit; Reporter.ReportEvent; Window(; Dialog(,,,If ; Then; Else; End If; For ; Do ; Select Case; End Select,Function ; End Function,
ProjRep/000/000/000/003/704,ProjRep/000/000/000/003,704,,26732,5a60d4ada97e3bd04dfbd4ae3d397d372cc09fa127b9b79a207edbf7a3a8abf5,True,utf-16,1.0000,260,text; uft_script_candidate; contains_control_flow; contains_function_or_sub,Option Explicit; Reporter.ReportEvent; Window(; Dialog(,,,If ; Then; Else; End If; For ; Do ; Select Case; End Select,Function ; End Function,
ProjRep/000/000/000/003/705,ProjRep/000/000/000/003,705,,26796,cb43baa33b7529a54da8200cfdadad3e65990e7198e80699fc1459f91c028022,True,utf-16,1.0000,262,text; uft_script_candidate; contains_control_flow; contains_function_or_sub,Option Explicit; Reporter.ReportEvent; Window(; Dialog(,,,If ; Then; Else; End If; For ; Do ; Select Case; End Select,Function ; End Function,
ProjRep/000/000/000/003/706,ProjRep/000/000/000/003,706,,26822,b1800a8abc39b68953226ed247d282c5e76d68a12de37d775b6e5c565c775279,True,utf-16,1.0000,262,text; uft_script_candidate; contains_control_flow; contains_function_or_sub,Option Explicit; Reporter.ReportEvent; Window(; Dialog(,,,If ; Then; Else; End If; For ; Do ; Select Case; End Select,Function ; End Function,
ProjRep/000/000/000/003/707,ProjRep/000/000/000/003,707,,26824,fc8693b9a7d8f1be80d4c45bfe51be5f878cbb723021830c9c9ec8bf20f8a708,True,utf-16,1.0000,262,text; uft_script_candidate; contains_control_flow; contains_function_or_sub,Option Explicit; Reporter.ReportEvent; Window(; Dialog(,,,If ; Then; Else; End If; For ; Do ; Select Case; End Select,Function ; End Function,
ProjRep/000/000/000/003/708,ProjRep/000/000/000/003,708,,26742,135f606d537d0ae82584a8e37fbbef28ce685dfa9d561e276dfd897dc257069a,True,utf-16,1.0000,262,text; uft_script_candidate; contains_control_flow; contains_function_or_sub,Option Explicit; Reporter.ReportEvent; Window(; Dialog(,,,If ; Then; Else; End If; For ; Do ; Select Case; End Select,Function ; End Function,
ProjRep/000/000/000/003/709,ProjRep/000/000/000/003,709,,26744,b996c080370f9447175aa72bc887f9ffe53512304dd16b669a420a34be5e18c7,True,utf-16,1.0000,262,text; uft_script_candidate; contains_control_flow; contains_function_or_sub,Option Explicit; Reporter.ReportEvent; Window(; Dialog(,,,If ; Then; Else; End If; For ; Do ; Select Case; End Select,Function ; End Function,
ProjRep/000/000/000/003/710,ProjRep/000/000/000/003,710,,26400,bce6697991aab6a0b294f54e93b000687aff3a612f3271dc44781a92573200b2,True,utf-16,1.0000,260,text; uft_script_candidate; contains_control_flow; contains_function_or_sub,Option Explicit; Reporter.ReportEvent; Window(; Dialog(,,,If ; Then; Else; End If; For ; Do ; Select Case; End Select,Function ; End Function,
ProjRep/000/000/000/003/711,ProjRep/000/000/000/003,711,,25274,413454428580a7f5a1842f1d29229cbaadda2a0c939cc8496adcbd1203629eec,True,utf-16,1.0000,243,text; uft_script_candidate; contains_control_flow; contains_function_or_sub,Option Explicit; Reporter.ReportEvent; Window(; Dialog(,,,If ; Then; Else; End If; For ; Do ; Select Case; End Select,Function ; End Function,
ProjRep/000/000/000/003/714,ProjRep/000/000/000/003,714,,5632,f9492a2fd8c503d80c02aab0d4e805628e9d3f0231722fa6802482140754bbce,False,,,,binary,,,,,,
ProjRep/000/000/000/003/715,ProjRep/000/000/000/003,715,,620,4fbad1a5b53bc40a8e05f56cd1ec96f7fd23b39dd3388559deffb882806f5eed,True,utf-16,1.0000,12,text,,,,,,
ProjRep/000/000/000/003/718,ProjRep/000/000/000/003,718,,24825,30fa5b3f5fab42c9b180efb039364a6150f9ad6fa1119127ea18ec850a93e9ca,True,utf-8-sig,1.0000,577,text; uft_script_candidate; contains_function_or_sub; xml_candidate,Window(,,,,Function ,
ProjRep/000/000/000/003/724,ProjRep/000/000/000/003,724,,318,38f17a6af1b3d74cbfbc9721b440f23c662554849f213ecb9779083f4714305f,False,,,,binary,,,,,,
ProjRep/000/000/000/003/736,ProjRep/000/000/000/003,736,,616,9836b61063f5f701990351a08617e69ab835428185994573e2ce98a0314e5766,True,utf-16,1.0000,12,text,,,,,,
ProjRep/000/000/000/003/739,ProjRep/000/000/000/003,739,,5703,73ba369e593d70488c553bb075e582648b8780b58b3d00715795bf8ed9c5f450,True,utf-8-sig,1.0000,141,text; xml_candidate,,,,,,
ProjRep/000/000/000/003/741,ProjRep/000/000/000/003,741,,25272,6a9591415612c894ec8db09613258a17867f3cc6555b616c52737fdf52a69330,True,utf-16,1.0000,243,text; uft_script_candidate; contains_control_flow; contains_function_or_sub,Option Explicit; Reporter.ReportEvent; Window(; Dialog(,,,If ; Then; Else; End If; For ; Do ; Select Case; End Select,Function ; End Function,
ProjRep/000/000/000/003/742,ProjRep/000/000/000/003,742,,25270,6fb48d5ae9630b3b635bb5b5346d15f69eb6c1c6a1f1c3eab7aabf135f7b37d0,True,utf-16,1.0000,243,text; uft_script_candidate; contains_control_flow; contains_function_or_sub,Option Explicit; Reporter.ReportEvent; Window(; Dialog(,,,If ; Then; Else; End If; For ; Do ; Select Case; End Select,Function ; End Function,
ProjRep/000/000/000/003/743,ProjRep/000/000/000/003,743,,25262,b3b92a80a20a46321918a3fe814378a9c6e2bc0041187393893cdde356b5ed21,True,utf-16,1.0000,241,text; uft_script_candidate; contains_control_flow; contains_function_or_sub,Option Explicit; Reporter.ReportEvent; Window(; Dialog(,,,If ; Then; Else; End If; For ; Do ; Select Case; End Select,Function ; End Function,
ProjRep/000/000/000/003/744,ProjRep/000/000/000/003,744,,4608,c70d078620676df1c6c1e8c73e114edbb727fee99456b0f809176f83ee8398bf,False,,,,binary,,,,,,
ProjRep/000/000/000/003/745,ProjRep/000/000/000/003,745,,7389,a09c66df9acfc4630f96e14662a4e499336957d8f36a48c73b02b1c5c843da8e,True,utf-8-sig,1.0000,171,text; contains_function_or_sub; xml_candidate,,,,,Function ,
ProjRep/000/000/000/003/746,ProjRep/000/000/000/003,746,,3072,59d06c969efd0f6dc45dae2a9d36f77da960242037c3232e0a539bcc84ef8ddc,False,,,,binary,,,,,,
ProjRep/000/000/000/003/747,ProjRep/000/000/000/003,747,,69120,5d944f45189bd7e5b17c436af65e21817bc734e9b2893f500c30fe4cc31cd8d0,False,,,,binary,,,,,,
ProjRep/000/000/000/003/749,ProjRep/000/000/000/003,749,,15360,8e5a0711b13907335263378d0d0e0e9bad54611ce6d03f32ed869fb42e271e6f,False,,,,binary,,,,,,
ProjRep/000/000/000/003/751,ProjRep/000/000/000/003,751,,26402,7d5df8468c25e80d8398b0ee12219cecf53d8b7923dad9fa62f5f4de83a017ec,True,utf-16,1.0000,259,text; uft_script_candidate; contains_control_flow; contains_function_or_sub,Option Explicit; Reporter.ReportEvent; Window(; Dialog(,,,If ; Then; Else; End If; For ; Do ; Select Case; End Select,Function ; End Function,
ProjRep/000/000/000/003/752,ProjRep/000/000/000/003,752,,26486,3ae426782d297b2e55e9aa22eb44ffd17c290aba354f7caa41c6b65ee06b6159,True,utf-16,1.0000,259,text; uft_script_candidate; contains_control_flow; contains_function_or_sub,Option Explicit; Reporter.ReportEvent; Window(; Dialog(,,,If ; Then; Else; End If; For ; Do ; Select Case; End Select,Function ; End Function,
ProjRep/000/000/000/003/753,ProjRep/000/000/000/003,753,,26482,dd996c2b950fbf9206d022a481c4c248a24bbcb16b4e14e2e7a56bd5225f1f33,True,utf-16,1.0000,259,text; uft_script_candidate; contains_control_flow; contains_function_or_sub,Option Explicit; Reporter.ReportEvent; Window(; Dialog(,,,If ; Then; Else; End If; For ; Do ; Select Case; End Select,Function ; End Function,
ProjRep/000/000/000/003/754,ProjRep/000/000/000/003,754,,26484,0896f3ae9c2e952b5d0b843643b5a47fe97e65afb2f9cdc26169cfe7b123afae,True,utf-16,1.0000,259,text; uft_script_candidate; contains_control_flow; contains_function_or_sub,Option Explicit; Reporter.ReportEvent; Window(; Dialog(,,,If ; Then; Else; End If; For ; Do ; Select Case; End Select,Function ; End Function,
ProjRep/000/000/000/003/755,ProjRep/000/000/000/003,755,,26528,c1216dd4fb47f80fdefbe89552249a17f5588e1a70f6ff16476bea389405c979,True,utf-16,1.0000,261,text; uft_script_candidate; contains_control_flow; contains_function_or_sub,Option Explicit; Reporter.ReportEvent; Window(; Dialog(,,,If ; Then; Else; End If; For ; Do ; Select Case; End Select,Function ; End Function,
ProjRep/000/000/000/003/756,ProjRep/000/000/000/003,756,,26528,a59bad38fa038ab02d3a66db33773a557cfdbbafa8f2b41974cfc29a02ccdf23,True,utf-16,1.0000,261,text; uft_script_candidate; contains_control_flow; contains_function_or_sub,Option Explicit; Reporter.ReportEvent; Window(; Dialog(,,,If ; Then; Else; End If; For ; Do ; Select Case; End Select,Function ; End Function,
ProjRep/000/000/000/003/757,ProjRep/000/000/000/003,757,,26582,890de8c96a847650dc8033e649c2e0fe52f81c3b14de97c023b8c55b5d03ef1d,True,utf-16,1.0000,261,text; uft_script_candidate; contains_control_flow; contains_function_or_sub,Option Explicit; Reporter.ReportEvent; Window(; Dialog(,,,If ; Then; Else; End If; For ; Do ; Select Case; End Select,Function ; End Function,
ProjRep/000/000/000/003/758,ProjRep/000/000/000/003,758,,26586,c34fe170fcf03afb615b3fae178d289e2788c8c82e2e9833e793240c745e6e65,True,utf-16,1.0000,261,text; uft_script_candidate; contains_control_flow; contains_function_or_sub,Option Explicit; Reporter.ReportEvent; Window(; Dialog(,,,If ; Then; Else; End If; For ; Do ; Select Case; End Select,Function ; End Function,
ProjRep/000/000/000/003/759,ProjRep/000/000/000/003,759,,26408,4f21eb5c0a62261fac65b9afad9cb0353a901834f1133910364d80b5c06eeb57,True,utf-16,1.0000,260,text; uft_script_candidate; contains_control_flow; contains_function_or_sub,Option Explicit; Reporter.ReportEvent; Window(; Dialog(,,,If ; Then; Else; End If; For ; Do ; Select Case; End Select,Function ; End Function,
ProjRep/000/000/000/003/760,ProjRep/000/000/000/003,760,,26410,69edff8319fae6932b88044e0787009e833709422cd29acb61a6d298749a6f72,True,utf-16,1.0000,260,text; uft_script_candidate; contains_control_flow; contains_function_or_sub,Option Explicit; Reporter.ReportEvent; Window(; Dialog(,,,If ; Then; Else; End If; For ; Do ; Select Case; End Select,Function ; End Function,
ProjRep/000/000/000/003/761,ProjRep/000/000/000/003,761,,26416,8399f00915e695a0fe12a8f2312117ac41ca4a72dd170511523f2493a0f2983c,True,utf-16,1.0000,260,text; uft_script_candidate; contains_control_flow; contains_function_or_sub,Option Explicit; Reporter.ReportEvent; Window(; Dialog(,,,If ; Then; Else; End If; For ; Do ; Select Case; End Select,Function ; End Function,
ProjRep/000/000/000/003/762,ProjRep/000/000/000/003,762,,26412,9847d533659ad8025195bf5aeda91065e3ff725a4047e7d9cfd66403ab583adc,True,utf-16,1.0000,260,text; uft_script_candidate; contains_control_flow; contains_function_or_sub,Option Explicit; Reporter.ReportEvent; Window(; Dialog(,,,If ; Then; Else; End If; For ; Do ; Select Case; End Select,Function ; End Function,
ProjRep/000/000/000/003/763,ProjRep/000/000/000/003,763,,26398,212f9d400e57d5a77a7e8112a6fabd383e1400b5ecb8506031ad839ce7440793,True,utf-16,1.0000,260,text; uft_script_candidate; contains_control_flow; contains_function_or_sub,Option Explicit; Reporter.ReportEvent; Window(; Dialog(,,,If ; Then; Else; End If; For ; Do ; Select Case; End Select,Function ; End Function,
ProjRep/000/000/000/003/764,ProjRep/000/000/000/003,764,,26404,6e1ed74922edfd16c83c03f6a158c1ffe1855cffc62a46e242a8aa13f35dd7e9,True,utf-16,1.0000,260,text; uft_script_candidate; contains_control_flow; contains_function_or_sub,Option Explicit; Reporter.ReportEvent; Window(; Dialog(,,,If ; Then; Else; End If; For ; Do ; Select Case; End Select,Function ; End Function,
ProjRep/000/000/000/003/765,ProjRep/000/000/000/003,765,,26410,b18f96b880d57595e8a9c1e6d2e60a825d33502616a70a96a72e5df11508c62d,True,utf-16,1.0000,260,text; uft_script_candidate; contains_control_flow; contains_function_or_sub,Option Explicit; Reporter.ReportEvent; Window(; Dialog(,,,If ; Then; Else; End If; For ; Do ; Select Case; End Select,Function ; End Function,
ProjRep/000/000/000/003/766,ProjRep/000/000/000/003,766,,4608,4b0e14e50a1c0161d699399ef057b4f33cf8efb00638c5f49e75ee280ccec775,False,,,,binary,,,,,,
ProjRep/000/000/000/003/767,ProjRep/000/000/000/003,767,,3072,a3c58310d8fe057dbddd537049d36037b5404f0efe584d06e41a077432214b86,False,,,,binary,,,,,,
ProjRep/000/000/000/003/768,ProjRep/000/000/000/003,768,,69120,ad957e73aee2d1f893ec2a63fec408802e30f2608f3a84741912c5d3cf14f1e3,False,,,,binary,,,,,,
ProjRep/000/000/000/003/769,ProjRep/000/000/000/003,769,,15360,37b4ffca0b73730d778d8bfac2ebb75be0f5e9f50b68b989b6d152edffd85a7e,False,,,,binary,,,,,,
ProjRep/000/000/000/003/771,ProjRep/000/000/000/003,771,,4608,132f91dc6540d52bfb6677744da455b6897b45ca355369b9ca0bb47c649e74cc,False,,,,binary,,,,,,
ProjRep/000/000/000/003/772,ProjRep/000/000/000/003,772,,3072,cf3d4b627a7672e116da15551fe6efec705bdc0d6541ad4ca05ceec98e9c076f,False,,,,binary,,,,,,
ProjRep/000/000/000/003/773,ProjRep/000/000/000/003,773,,69120,45c508e6c10237956265fccde76dfddb510efa90c9442e220ca7d2e7d5c66e9d,False,,,,binary,,,,,,
ProjRep/000/000/000/003/774,ProjRep/000/000/000/003,774,,15360,f017180f7d03b10cb41d114254dd1f44aa3369d7c6fa937c86b9acc5c27f60f6,False,,,,binary,,,,,,
ProjRep/000/000/000/003/775,ProjRep/000/000/000/003,775,,161,7cc33156b73a3cd5e4aa6f2baeb64de78fd072e409118882f063a2f59e087f0a,True,utf-8-sig,1.0000,2,text; uft_script_candidate; contains_parameter_references,Window(,,Parameter(,,,
ProjRep/000/000/000/003/776,ProjRep/000/000/000/003,776,,4608,c44fcdcec36639e381f1aa49b8c5c5462abcdf8a32b1ee7ea4044a3b770c4508,False,,,,binary,,,,,,
ProjRep/000/000/000/003/777,ProjRep/000/000/000/003,777,,3072,32ec41f71181d34ea5aa9bffee770fe25935ee5d511f3d67f4f7788ac7faa780,False,,,,binary,,,,,,
ProjRep/000/000/000/003/778,ProjRep/000/000/000/003,778,,69120,be19ca3f5427a55cd2e5aea004ac6512e8163989c7ce4ea4a5316a86f5e02705,False,,,,binary,,,,,,
ProjRep/000/000/000/003/779,ProjRep/000/000/000/003,779,,15360,108dfb78b29ec72fdde35ea4b3ab96f637cd830016370922b5fcc704dcb2b6a7,False,,,,binary,,,,,,
ProjRep/000/000/000/003/781,ProjRep/000/000/000/003,781,,26408,6a5d28cc0f630c3c1aa5bc3d72c2ebe69c22b5a24cd78ed980c6fb13662db8a1,True,utf-16,1.0000,260,text; uft_script_candidate; contains_control_flow; contains_function_or_sub,Option Explicit; Reporter.ReportEvent; Window(; Dialog(,,,If ; Then; Else; End If; For ; Do ; Select Case; End Select,Function ; End Function,
ProjRep/000/000/000/003/782,ProjRep/000/000/000/003,782,,26422,d10b16e28c3f32d02d1e1b6a3a5ada7a01b77da037de73df2a5cc98479b280fa,True,utf-16,1.0000,260,text; uft_script_candidate; contains_control_flow; contains_function_or_sub,Option Explicit; Reporter.ReportEvent; Window(; Dialog(,,,If ; Then; Else; End If; For ; Do ; Select Case; End Select,Function ; End Function,
ProjRep/000/000/000/003/784,ProjRep/000/000/000/003,784,,26408,b83af7288674a2e12a61f4a7828c812c8ebead67886cdc5208f2e3a80e1e34f2,True,utf-16,1.0000,260,text; uft_script_candidate; contains_control_flow; contains_function_or_sub,Option Explicit; Reporter.ReportEvent; Window(; Dialog(,,,If ; Then; Else; End If; For ; Do ; Select Case; End Select,Function ; End Function,
ProjRep/000/000/000/003/785,ProjRep/000/000/000/003,785,,26406,5cf4aee28c5176822d5a89328c46c164f07494739fe6312479dfd4d492780e51,True,utf-16,1.0000,260,text; uft_script_candidate; contains_control_flow; contains_function_or_sub,Option Explicit; Reporter.ReportEvent; Window(; Dialog(,,,If ; Then; Else; End If; For ; Do ; Select Case; End Select,Function ; End Function,
ProjRep/000/000/000/003/786,ProjRep/000/000/000/003,786,,26406,56006e13a1f393086b5db544aaa6d7b67abd30aa3c37b7a8a3a4c25e2731036c,True,utf-16,1.0000,260,text; uft_script_candidate; contains_control_flow; contains_function_or_sub,Option Explicit; Reporter.ReportEvent; Window(; Dialog(,,,If ; Then; Else; End If; For ; Do ; Select Case; End Select,Function ; End Function,
ProjRep/000/000/000/003/788,ProjRep/000/000/000/003,788,,26454,d1837ae934cfda68a12504f6ce24fb669d60d8e7baf267b3b322aa820f179b73,True,utf-16,1.0000,261,text; uft_script_candidate; contains_control_flow; contains_function_or_sub,Option Explicit; Reporter.ReportEvent; Window(; Dialog(,,,If ; Then; Else; End If; For ; Do ; Select Case; End Select,Function ; End Function,
ProjRep/000/000/000/003/789,ProjRep/000/000/000/003,789,,26542,f72c550f6f3abdd592e6e3308eda6e542e035baeced2666d28be13a26cf58674,True,utf-16,1.0000,263,text; uft_script_candidate; contains_control_flow; contains_function_or_sub,Option Explicit; Reporter.ReportEvent; Window(; Dialog(,,,If ; Then; Else; End If; For ; Do ; Select Case; End Select,Function ; End Function,
ProjRep/000/000/000/003/790,ProjRep/000/000/000/003,790,,26572,5f37bbf9a3dcb72e061709865745619f39be3c52600d1e4957121a371ee4a900,True,utf-16,1.0000,264,text; uft_script_candidate; contains_control_flow; contains_function_or_sub,Option Explicit; Reporter.ReportEvent; Window(; Dialog(,,,If ; Then; Else; End If; For ; Do ; Select Case; End Select,Function ; End Function,
ProjRep/000/000/000/003/791,ProjRep/000/000/000/003,791,,4608,05111147c16c25ed6a56a8b13cf9eb4a7b29ff70c7230304fd8424deab13fa7c,False,,,,binary,,,,,,
ProjRep/000/000/000/003/793,ProjRep/000/000/000/003,793,,3072,ad337f4b120d8ad1225ebaf24b9c61d6499401a68eaeed623fd31d284a17b6ca,False,,,,binary,,,,,,
ProjRep/000/000/000/003/794,ProjRep/000/000/000/003,794,,69120,4639f37007c8068fb6d339850994f2ce1bf65cc484f3980326fa8ea9f7aeb6d1,False,,,,binary,,,,,,
ProjRep/000/000/000/003/795,ProjRep/000/000/000/003,795,,15360,8fb2430d5787168a3fd207e79ae24b44b31845e98c9a54be326c8b0c9a045813,False,,,,binary,,,,,,
ProjRep/000/000/000/003/797,ProjRep/000/000/000/003,797,,26670,b67fced2668a2787cba96535cd51a0d8ebe72987d7a360e60d86f37007f0da5e,True,utf-16,1.0000,264,text; uft_script_candidate; contains_control_flow; contains_function_or_sub,Option Explicit; Reporter.ReportEvent; Window(; Dialog(,,,If ; Then; Else; End If; For ; Do ; Select Case; End Select,Function ; End Function,
ProjRep/000/000/000/003/798,ProjRep/000/000/000/003,798,,26872,d48f5273b236c377e09ca6fc9fe11ecf610602c3af3458dbc078f96d3f4fbde2,True,utf-16,1.0000,270,text; uft_script_candidate; contains_control_flow; contains_function_or_sub,Option Explicit; Reporter.ReportEvent; Window(; Dialog(,,,If ; Then; Else; End If; For ; Do ; Select Case; End Select,Function ; End Function,
ProjRep/000/000/000/003/799,ProjRep/000/000/000/003,799,,27142,e8c0b4d9b04631ddbadd4c4e6df40e0e7fcecabd1f8ccd66f027d16474b164c2,True,utf-16,1.0000,278,text; uft_script_candidate; contains_control_flow; contains_function_or_sub,Option Explicit; Reporter.ReportEvent; Window(; Dialog(,,,If ; Then; Else; End If; For ; Do ; Select Case; End Select,Function ; End Function,
ProjRep/000/000/000/003/800,ProjRep/000/000/000/003,800,,27160,75e9fd2129aff9b25ceaec9993b9f065131062af6843407f264b96866013508a,True,utf-16,1.0000,278,text; uft_script_candidate; contains_control_flow; contains_function_or_sub,Option Explicit; Reporter.ReportEvent; Window(; Dialog(,,,If ; Then; Else; End If; For ; Do ; Select Case; End Select,Function ; End Function,
ProjRep/000/000/000/003/801,ProjRep/000/000/000/003,801,,27162,7743a75b2b3af054d703b71e041d6e6913e8d86a8d560beff818c58b55016bd4,True,utf-16,1.0000,278,text; uft_script_candidate; contains_control_flow; contains_function_or_sub,Option Explicit; Reporter.ReportEvent; Window(; Dialog(,,,If ; Then; Else; End If; For ; Do ; Select Case; End Select,Function ; End Function,
ProjRep/000/000/000/003/803,ProjRep/000/000/000/003,803,,27166,b81e5f20543162f49593ffb761b8249f5707e7ad9fba47552e81cca46f53aaef,True,utf-16,1.0000,278,text; uft_script_candidate; contains_control_flow; contains_function_or_sub,Option Explicit; Reporter.ReportEvent; Window(; Dialog(,,,If ; Then; Else; End If; For ; Do ; Select Case; End Select,Function ; End Function,
ProjRep/000/000/000/003/804,ProjRep/000/000/000/003,804,,27166,e695c7138137c1c46cb8c8308d581ddc123f500655c9ce0fadcf3975fa09b9c9,True,utf-16,1.0000,278,text; uft_script_candidate; contains_control_flow; contains_function_or_sub,Option Explicit; Reporter.ReportEvent; Window(; Dialog(,,,If ; Then; Else; End If; For ; Do ; Select Case; End Select,Function ; End Function,
ProjRep/000/000/000/003/807,ProjRep/000/000/000/003,807,,6144,5fca9304d02679fb3fd526cb9aa5c16d236e227c79c70419bf892fd2f404adbc,False,,,,binary,,,,,,
ProjRep/000/000/000/003/808,ProjRep/000/000/000/003,808,,602,b24f8c314b93fce4c25a25f3fd1bdce5997f8595ef5d79c005d1410ab1aa2190,True,utf-16,1.0000,12,text,,,,,,
ProjRep/000/000/000/003/811,ProjRep/000/000/000/003,811,,20212,956ce3014999a7bfa27b315debb0f54e9c7e6f10196b651ef9f6f1a58f951038,True,utf-8-sig,1.0000,472,text; uft_script_candidate; contains_control_flow; contains_function_or_sub; xml_candidate,Window(,,,For ,Function ,
ProjRep/000/000/000/003/824,ProjRep/000/000/000/003,824,,27134,39834c62a77957c0f534f61b93d82eb1b7cb0df7aa1aaf5095743de6b2251994,True,utf-16,1.0000,278,text; uft_script_candidate; contains_control_flow; contains_function_or_sub,Option Explicit; Reporter.ReportEvent; Window(; Dialog(,,,If ; Then; Else; End If; For ; Do ; Select Case; End Select,Function ; End Function,
ProjRep/000/000/000/003/828,ProjRep/000/000/000/003,828,,10752,16d9461d6c2605127f4283b71e0662e50a5c3b120f050e1da10f1e4ca9312deb,False,,,,binary,,,,,,
ProjRep/000/000/000/003/829,ProjRep/000/000/000/003,829,,606,13814ba9b998771b0b084ef6f18362976459c0671fec5ef4b94995133a5d1790,True,utf-16,1.0000,12,text,,,,,,
ProjRep/000/000/000/003/832,ProjRep/000/000/000/003,832,,26601,304a5063ecdacb33cddc8c2c11fc0ed23a577ace2d4f0019a6c99315b750d5a6,True,utf-8-sig,1.0000,633,text; xml_candidate,,,,,,
ProjRep/000/000/000/003/847,ProjRep/000/000/000/003,847,,27174,c29edf908762adc07ad89289556ab47fe92c1d46f767c307290a95aaea445729,True,utf-16,1.0000,278,text; uft_script_candidate; contains_control_flow; contains_function_or_sub,Option Explicit; Reporter.ReportEvent; Window(; Dialog(,,,If ; Then; Else; End If; For ; Do ; Select Case; End Select,Function ; End Function,
ProjRep/000/000/000/003/850,ProjRep/000/000/000/003,850,,6144,c859b27fc912f1f74bc5eeefaa04457f83eef66b9c3144925841c7627379ccec,False,,,,binary,,,,,,
ProjRep/000/000/000/003/851,ProjRep/000/000/000/003,851,,606,ef6c8c8e044571472cd183443ada84ab102b7b1b541f2339586de81311d62876,True,utf-16,1.0000,12,text,,,,,,
ProjRep/000/000/000/003/854,ProjRep/000/000/000/003,854,,22100,38425c7ee00ff8dad101af458ebacf545e8dc30d7e58251a9ee46a45f621dde0,True,utf-8-sig,1.0000,522,text; xml_candidate,,,,,,
ProjRep/000/000/000/003/873,ProjRep/000/000/000/003,873,,6144,d52b44eaf7b0a25a7b7087788ca86c6001fda7c53c06616cd809b728cdd92f49,False,,,,binary,,,,,,
ProjRep/000/000/000/003/877,ProjRep/000/000/000/003,877,,22100,7e0a8a56e85a4750bc8f73791062292b1e9b7d50ea67e7a1734adde79c15cf13,True,utf-8-sig,1.0000,522,text; xml_candidate,,,,,,
ProjRep/000/000/000/003/894,ProjRep/000/000/000/003,894,,27176,35b8b0f16d43f76d49863edaafc37148e6cf30029e0efdf80e58af1a695eb3ab,True,utf-16,1.0000,278,text; uft_script_candidate; contains_control_flow; contains_function_or_sub,Option Explicit; Reporter.ReportEvent; Window(; Dialog(,,,If ; Then; Else; End If; For ; Do ; Select Case; End Select,Function ; End Function,
ProjRep/000/000/000/003/895,ProjRep/000/000/000/003,895,,27178,8c9183340a50b84d346806d206c4ec5340692413b7db8ed60b5276b1bfb628af,True,utf-16,1.0000,278,text; uft_script_candidate; contains_control_flow; contains_function_or_sub,Option Explicit; Reporter.ReportEvent; Window(; Dialog(,,,If ; Then; Else; End If; For ; Do ; Select Case; End Select,Function ; End Function,
ProjRep/000/000/000/003/896,ProjRep/000/000/000/003,896,,27174,4f5c4470a04048b94a1f339864f74c8da675a98866d12864ef74af7481a4cafd,True,utf-16,1.0000,278,text; uft_script_candidate; contains_control_flow; contains_function_or_sub,Option Explicit; Reporter.ReportEvent; Window(; Dialog(,,,If ; Then; Else; End If; For ; Do ; Select Case; End Select,Function ; End Function,
ProjRep/000/000/000/003/897,ProjRep/000/000/000/003,897,,27170,6ad63da04e77394bd151576fab8e41afa8af5c7f8acdbf698f166b329b07f2c0,True,utf-16,1.0000,278,text; uft_script_candidate; contains_control_flow; contains_function_or_sub,Option Explicit; Reporter.ReportEvent; Window(; Dialog(,,,If ; Then; Else; End If; For ; Do ; Select Case; End Select,Function ; End Function,
ProjRep/000/000/000/003/898,ProjRep/000/000/000/003,898,,27174,81b1b71b967dfb8d082782c5cc35948c42700b296f9c921c978533edf96f0d10,True,utf-16,1.0000,278,text; uft_script_candidate; contains_control_flow; contains_function_or_sub,Option Explicit; Reporter.ReportEvent; Window(; Dialog(,,,If ; Then; Else; End If; For ; Do ; Select Case; End Select,Function ; End Function,
ProjRep/000/000/000/003/899,ProjRep/000/000/000/003,899,,27134,7cde1eed03f056b3eec2dba94923388ecc8d0bdc28bfcf37fc0f12c31506117f,True,utf-16,1.0000,278,text; uft_script_candidate; contains_control_flow; contains_function_or_sub,Option Explicit; Reporter.ReportEvent; Window(; Dialog(,,,If ; Then; Else; End If; For ; Do ; Select Case; End Select,Function ; End Function,
ProjRep/000/000/000/003/900,ProjRep/000/000/000/003,900,,27124,c4b2e5c4d1e565f344cc85dbfaba7a03d70b23c8c3e8ef50d4d8d8beae7e964d,True,utf-16,1.0000,278,text; uft_script_candidate; contains_control_flow; contains_function_or_sub,Option Explicit; Reporter.ReportEvent; Window(; Dialog(,,,If ; Then; Else; End If; For ; Do ; Select Case; End Select,Function ; End Function,
ProjRep/000/000/000/003/901,ProjRep/000/000/000/003,901,,27136,83f20120342cca94b5b3cb182bdbab5354f15f9ae2464d17087285a2d5c2df35,True,utf-16,1.0000,278,text; uft_script_candidate; contains_control_flow; contains_function_or_sub,Option Explicit; Reporter.ReportEvent; Window(; Dialog(,,,If ; Then; Else; End If; For ; Do ; Select Case; End Select,Function ; End Function,
ProjRep/000/000/000/003/902,ProjRep/000/000/000/003,902,,27144,d09d247662cef44743e0422efd6e86121d9229af120851f55eeaa6f94f4fe7b1,True,utf-16,1.0000,278,text; uft_script_candidate; contains_control_flow; contains_function_or_sub,Option Explicit; Reporter.ReportEvent; Window(; Dialog(,,,If ; Then; Else; End If; For ; Do ; Select Case; End Select,Function ; End Function,
ProjRep/000/000/000/003/905,ProjRep/000/000/000/003,905,,10752,5d2b3b6ddc2c9e69842d6b18648aa5123065939a7303d7c1e46cb2bb1a4da6e8,False,,,,binary,,,,,,
ProjRep/000/000/000/003/906,ProjRep/000/000/000/003,906,,606,692327513f4005d412857877ba34ff68c333ed6b5dbac43dead2457a11bf2147,True,utf-16,1.0000,12,text,,,,,,
ProjRep/000/000/000/003/909,ProjRep/000/000/000/003,909,,26964,d172a6bdecf2a19af460c77e966614104365f4ff3d652953d582be240bdc79be,True,utf-8-sig,1.0000,642,text; xml_candidate,,,,,,
ProjRep/000/000/000/003/926,ProjRep/000/000/000/003,926,,5632,1151e3605844f39cf204d47473161de4173a6fcb7b8e0a5fbace17156724f5f4,False,,,,binary,,,,,,
ProjRep/000/000/000/003/927,ProjRep/000/000/000/003,927,,602,b6858fe133f9376ebda86882671e860f170b0f8d74bce926aa4e6978dd354dc7,True,utf-16,1.0000,12,text,,,,,,
ProjRep/000/000/000/003/930,ProjRep/000/000/000/003,930,,17145,2506ad8895bd85152bd3977149e5826168986c5f961f732d73260bb839f83859,True,utf-8-sig,1.0000,412,text; xml_candidate,,,,,,
ProjRep/000/000/000/003/947,ProjRep/000/000/000/003,947,,6144,edb7a938ade1801274283d08990ce8d2f62945aad575a21fa8a1031f0f43b126,False,,,,binary,,,,,,
ProjRep/000/000/000/003/948,ProjRep/000/000/000/003,948,,602,17b2f10423768f5ba8b52d8aa55e002cb4c8a2f83ea42bdc373187d40790902a,True,utf-16,1.0000,12,text,,,,,,
ProjRep/000/000/000/003/951,ProjRep/000/000/000/003,951,,17695,bbd0b90af6ece778f577a5c8dc82ce364565a0a480eb0b382f26a7ea5de3ac67,True,utf-8-sig,1.0000,427,text; xml_candidate,,,,,,
ProjRep/000/000/000/003/965,ProjRep/000/000/000/003,965,,10752,539344edc80848af0ebd04ac1e49d98e55dd3f30c89243a75dab365efd44fbb8,False,,,,binary,,,,,,
ProjRep/000/000/000/003/966,ProjRep/000/000/000/003,966,,606,8462f193323f80bafe049cf271ec04029722ea5f4d62c468ac1cef46002c9b5d,True,utf-16,1.0000,12,text,,,,,,
ProjRep/000/000/000/003/969,ProjRep/000/000/000/003,969,,28262,719fd83cce5a08de4694dca783e94583834e9793289e94f187ca916cc9b8f3fc,True,utf-8-sig,1.0000,654,text; uft_script_candidate; contains_control_flow; contains_function_or_sub; xml_candidate,Window(,,,For ,Function ,
ProjRep/000/000/000/003/985,ProjRep/000/000/000/003,985,,27130,95c1731eaa5c5855d3580d4cdb737e0a1f927b72ccd038d291d309aa0c60e2f9,True,utf-16,1.0000,278,text; uft_script_candidate; contains_control_flow; contains_function_or_sub,Option Explicit; Reporter.ReportEvent; Window(; Dialog(,,,If ; Then; Else; End If; For ; Do ; Select Case; End Select,Function ; End Function,
ProjRep/000/000/000/003/988,ProjRep/000/000/000/003,988,,10752,334e0b5515ff24445c0704f53099886ecf07d4cbd4604ef1be1dfbf140d0a04d,False,,,,binary,,,,,,
ProjRep/000/000/000/003/992,ProjRep/000/000/000/003,992,,28034,42ce0f66fe09259a844ce5581e89338a95cbf97c68d96dd4867c3fcaa02226e5,True,utf-8-sig,1.0000,641,text; uft_script_candidate; contains_control_flow; contains_function_or_sub; xml_candidate,Window(,,,For ,Function ,
ProjRep/000/000/000/004/010,ProjRep/000/000/000/004,010,,27150,c9e65229d374d84b2cb654563d157eefc9b9329d0d6ba3a1040a0dd319efcb07,True,utf-16,1.0000,278,text; uft_script_candidate; contains_control_flow; contains_function_or_sub,Option Explicit; Reporter.ReportEvent; Window(; Dialog(,,,If ; Then; Else; End If; For ; Do ; Select Case; End Select,Function ; End Function,
ProjRep/000/000/000/004/011,ProjRep/000/000/000/004,011,,27124,ae2718605e3f458384756f0ed43f9591164235d2579223b7fcb221d2a9e34277,True,utf-16,1.0000,278,text; uft_script_candidate; contains_control_flow; contains_function_or_sub,Option Explicit; Reporter.ReportEvent; Window(; Dialog(,,,If ; Then; Else; End If; For ; Do ; Select Case; End Select,Function ; End Function,
ProjRep/000/000/000/004/012,ProjRep/000/000/000/004,012,,27124,1dbf71de41ce821753cc8301e7f1a8f5c2527961f2148d39ba5460eea75ae139,True,utf-16,1.0000,278,text; uft_script_candidate; contains_control_flow; contains_function_or_sub,Option Explicit; Reporter.ReportEvent; Window(; Dialog(,,,If ; Then; Else; End If; For ; Do ; Select Case; End Select,Function ; End Function,
ProjRep/000/000/000/004/015,ProjRep/000/000/000/004,015,,10752,d1b5be05454faf744f04ae26e8bf542697557a796008a04cba1127e112d2c002,False,,,,binary,,,,,,
ProjRep/000/000/000/004/016,ProjRep/000/000/000/004,016,,606,52e1ac78cc1409bb15c67d1fffe72de1164bea7782ec95d632444689dbd0f0e5,True,utf-16,1.0000,12,text,,,,,,
ProjRep/000/000/000/004/019,ProjRep/000/000/000/004,019,,28104,9956e6723d9d2936afd66d49d437f66ebeb7f4082bd907a2bcdd73f64e57dc16,True,utf-8-sig,1.0000,663,text; uft_script_candidate; xml_candidate,Window(,,,,,
ProjRep/000/000/000/004/037,ProjRep/000/000/000/004,037,,10752,4ad59e2e171801c85577a561e86f65306cf17556b5461b8cc883128c0a869d14,False,,,,binary,,,,,,
ProjRep/000/000/000/004/038,ProjRep/000/000/000/004,038,,606,a27e91864b94edac022bd653acdf4a13b699017100aedc5b06807a3344e26fe2,True,utf-16,1.0000,12,text,,,,,,
ProjRep/000/000/000/004/041,ProjRep/000/000/000/004,041,,26708,97608172b9bac191b14325de92d9f758ddf7ec1c42453bb2342cbddd5792d139,True,utf-8-sig,1.0000,636,text; xml_candidate,,,,,,
ProjRep/000/000/000/004/058,ProjRep/000/000/000/004,058,,10752,d37eb3deef6130b276e6ff8fb56faa3867e7cf51492cfb4b404e032516b3fa9f,False,,,,binary,,,,,,
ProjRep/000/000/000/004/062,ProjRep/000/000/000/004,062,,26974,9990bde74ae7dcb72d27777358b9c427e13ad27f4be45aa51b4f3ca3c39aff5f,True,utf-8-sig,1.0000,642,text; xml_candidate,,,,,,
ProjRep/000/000/000/004/079,ProjRep/000/000/000/004,079,,10752,d61fd51920ce6b1ff302283386121f8103056fa6bd0ef588b9e7c990f2fbe40a,False,,,,binary,,,,,,
ProjRep/000/000/000/004/083,ProjRep/000/000/000/004,083,,26974,c69d99e2c3d272ff135361c9fe3377078ba4746ea27d23890510179bb9d260d7,True,utf-8-sig,1.0000,642,text; xml_candidate,,,,,,
ProjRep/000/000/000/004/100,ProjRep/000/000/000/004,100,,6144,70f41fe3a6aa364f8317f7e7c94196c6906de92508b34913c629587aed8058e1,False,,,,binary,,,,,,
ProjRep/000/000/000/004/104,ProjRep/000/000/000/004,104,,17702,8864aed39eb38d0414adebb8d18a2be4adc08fecfb0515d9dc8644455e1c383b,True,utf-8-sig,1.0000,427,text; xml_candidate,,,,,,
ProjRep/000/000/000/004/118,ProjRep/000/000/000/004,118,,10752,625827caabd80ea42e47a2e4598e38664299152ce8c1753ad33af02f6bdf1018,False,,,,binary,,,,,,
ProjRep/000/000/000/004/122,ProjRep/000/000/000/004,122,,26708,6c660c073097499c291e9b8ef676d517f236c7587b7f6aa7d6497d594bfb51df,True,utf-8-sig,1.0000,636,text; xml_candidate,,,,,,
ProjRep/000/000/000/004/137,ProjRep/000/000/000/004,137,,27110,8e14042adcb5dcc13795a5aaa02baadf36cdb3b1d4f8dec736f20ba7345a3b91,True,utf-16,1.0000,278,text; uft_script_candidate; contains_control_flow; contains_function_or_sub,Option Explicit; Reporter.ReportEvent; Window(; Dialog(,,,If ; Then; Else; End If; For ; Do ; Select Case; End Select,Function ; End Function,
ProjRep/000/000/000/004/141,ProjRep/000/000/000/004,141,,10752,b0180841941d04311e1db88d120548391dd701cd787f44b3500346a1d65ca518,False,,,,binary,,,,,,
ProjRep/000/000/000/004/142,ProjRep/000/000/000/004,142,,606,c5cfde5d33ab9b5e1f159dff46b948bfa09b6a8cee943fdb253be5aec7a5be1e,True,utf-16,1.0000,12,text,,,,,,
ProjRep/000/000/000/004/145,ProjRep/000/000/000/004,145,,24633,77958c856584fbce32e07183e98d655f3886181298d538b5eb29c109b54226d0,True,utf-8-sig,1.0000,579,text; xml_candidate,,,,,,
ProjRep/000/000/000/004/165,ProjRep/000/000/000/004,165,,10752,224771e46df3b1e22e4132330b60463ba3ec12feb16e89b6a3c7f705f4b7f7ba,False,,,,binary,,,,,,
ProjRep/000/000/000/004/169,ProjRep/000/000/000/004,169,,27768,25684c3a53b293d1474c9a2feb90b08c74fb9bc1d159f1774f55bf871a7d7840,True,utf-8-sig,1.0000,656,text; xml_candidate,,,,,,
ProjRep/000/000/000/004/186,ProjRep/000/000/000/004,186,,6144,3eafad64013f999388805d5875f504c1339d950d4ebd8cd656371c43c1433be6,False,,,,binary,,,,,,
ProjRep/000/000/000/004/190,ProjRep/000/000/000/004,190,,17655,dddd3bae645ead007c58d10fe58ac9aeee55a46ba3c97b6a9efa01ee74d42fe9,True,utf-8-sig,1.0000,427,text; xml_candidate,,,,,,
ProjRep/000/000/000/004/204,ProjRep/000/000/000/004,204,,10752,9162e549126c5df003840514106771509a12bb5a26bac0b8ae6130cd92b3b3d8,False,,,,binary,,,,,,
ProjRep/000/000/000/004/208,ProjRep/000/000/000/004,208,,28181,a163cbbb341421e7f9ff740f1bedf51c1e29ef647fdbef7a4b373fe939ee5d26,True,utf-8-sig,1.0000,654,text; uft_script_candidate; contains_control_flow; contains_function_or_sub; xml_candidate,Window(,,,For ,Function ,
ProjRep/000/000/000/004/226,ProjRep/000/000/000/004,226,,10752,a6aea6ac6c05db2f6e7861ba7e06d68ed3c6484ea03029b6d09b460b2548be39,False,,,,binary,,,,,,
ProjRep/000/000/000/004/230,ProjRep/000/000/000/004,230,,26606,79774933c5eaf1045ba45c840a415e8098173273c5ca29cc0f0d7a2d979682bf,True,utf-8-sig,1.0000,636,text; xml_candidate,,,,,,
ProjRep/000/000/000/004/247,ProjRep/000/000/000/004,247,,10752,0564cb6e390218733943f0fda41fd9fbc3ba053bf6f6bb849cfe5f7da057f6d8,False,,,,binary,,,,,,
ProjRep/000/000/000/004/251,ProjRep/000/000/000/004,251,,27758,8337da27c7b92c8b5ba58bb7f7ac283831e5696078521073dcbbcf06bfb25d88,True,utf-8-sig,1.0000,656,text; xml_candidate,,,,,,
ProjRep/000/000/000/004/268,ProjRep/000/000/000/004,268,,6144,15c5ab6dc5c5b6890ade8b7d7c01f81c25b904c547cb795e7cc66ba28696def0,False,,,,binary,,,,,,
ProjRep/000/000/000/004/272,ProjRep/000/000/000/004,272,,17641,0080d231fefb792187e11d3baa313894290f8c725fa7757baa80ccb5a6e80d8a,True,utf-8-sig,1.0000,427,text; xml_candidate,,,,,,
ProjRep/000/000/000/004/286,ProjRep/000/000/000/004,286,,10752,34b9975fa0e56d4a58f5c7204f3c2cd6defece92d298627083c17c38356c9463,False,,,,binary,,,,,,
ProjRep/000/000/000/004/290,ProjRep/000/000/000/004,290,,27999,e6353fae02df18d05a0e63f6784a32823a945a3d1775c0b503c3e0cb89a42753,True,utf-8-sig,1.0000,663,text; uft_script_candidate; xml_candidate,Window(,,,,,
ProjRep/000/000/000/004/308,ProjRep/000/000/000/004,308,,10752,41a85c44f89df106263c0aed6f0dc0ee5a8e0c71d9dc13a2be3a31af1f07d8f8,False,,,,binary,,,,,,
ProjRep/000/000/000/004/312,ProjRep/000/000/000/004,312,,26606,66a45d92c2a1297ed0737fdc543150e132701b0360c8c18d5e2b5114fb7c10e1,True,utf-8-sig,1.0000,636,text; xml_candidate,,,,,,
ProjRep/000/000/000/004/327,ProjRep/000/000/000/004,327,,27100,3d948e4ebf2052c7f17baf31141b247e81ad0a112db43ecdee7af5fa69ea4e53,True,utf-16,1.0000,278,text; uft_script_candidate; contains_control_flow; contains_function_or_sub,Option Explicit; Reporter.ReportEvent; Window(; Dialog(,,,If ; Then; Else; End If; For ; Do ; Select Case; End Select,Function ; End Function,
ProjRep/000/000/000/004/328,ProjRep/000/000/000/004,328,,27092,8aaae68f475673941e271230079487e2dbcb1db7a7cdd91736bfe3c15443c5ac,True,utf-16,1.0000,278,text; uft_script_candidate; contains_control_flow; contains_function_or_sub,Option Explicit; Reporter.ReportEvent; Window(; Dialog(,,,If ; Then; Else; End If; For ; Do ; Select Case; End Select,Function ; End Function,
ProjRep/000/000/000/004/329,ProjRep/000/000/000/004,329,,27236,1d2e863f75e51a023a43171186c4d3e01c8656fd9449a9f25cd5fa7059e0ce55,True,utf-16,1.0000,278,text; uft_script_candidate; contains_control_flow; contains_function_or_sub,Option Explicit; Reporter.ReportEvent; Window(; Dialog(,,,If ; Then; Else; End If; For ; Do ; Select Case; End Select,Function ; End Function,
ProjRep/000/000/000/004/330,ProjRep/000/000/000/004,330,,27198,afc3dc50d18fe8875da2db0a6216d02c490658153e3cff053d63a3b5221fa967,True,utf-16,1.0000,278,text; uft_script_candidate; contains_control_flow; contains_function_or_sub,Option Explicit; Reporter.ReportEvent; Window(; Dialog(,,,If ; Then; Else; End If; For ; Do ; Select Case; End Select,Function ; End Function,
ProjRep/000/000/000/004/333,ProjRep/000/000/000/004,333,,10752,3625073c860eec76aa0f88f5daf07a63ff5290c947d43c599fee27dd5442d7bf,False,,,,binary,,,,,,
ProjRep/000/000/000/004/334,ProjRep/000/000/000/004,334,,606,adfe4d3e085d8003dcbeea38b889c9f46cebf0b530f9ffe456251a86a0391ca4,True,utf-16,1.0000,12,text,,,,,,
ProjRep/000/000/000/004/337,ProjRep/000/000/000/004,337,,26958,d1d67f985b83d5d3cddf5e1ca827da9337f5470ae1c4accb6be2f9563070587a,True,utf-8-sig,1.0000,645,text; xml_candidate,,,,,,
ProjRep/000/000/000/004/352,ProjRep/000/000/000/004,352,,4608,a5aa284280ceb834d3a09e3e5b85c62597b3615e8a4768704390ccd2d4755f96,False,,,,binary,,,,,,
ProjRep/000/000/000/004/354,ProjRep/000/000/000/004,354,,2560,5129ad2295332e0ad0d1eb4304b37442a04fc787e9474a6f500a61b8fdaafcda,False,,,,binary,,,,,,
ProjRep/000/000/000/004/355,ProjRep/000/000/000/004,355,,61952,d6c592b0574e91911c3568db0f197bd676c9cb3c021137695eb1963a5a6c1832,False,,,,binary,,,,,,
ProjRep/000/000/000/004/356,ProjRep/000/000/000/004,356,,278528,d2f47631588a6ceceb0f345010c93bb1cb4eaa83c3221914d081150ed8054c5d,False,,,,binary,,,,,,
ProjRep/000/000/000/004/357,ProjRep/000/000/000/004,357,,10752,d90d2394523fa5cd34e3857247bef6b07ec95e907bb3a079b7e2aa0029be67cb,False,,,,binary,,,,,,
ProjRep/000/000/000/004/358,ProjRep/000/000/000/004,358,,602,e626e052a8efd6a77ffb037f34be1530577d79655a3fb7e023686708dba520bf,True,utf-8-sig,1.0000,7,text; uft_script_candidate,Window(; Dialog(,,,,,
ProjRep/000/000/000/004/361,ProjRep/000/000/000/004,361,,10752,0a038f845e7425ebc6084ddd1cf76b8c2f44bb3cb1b6365eca983a8b496b0041,False,,,,binary,,,,,,
ProjRep/000/000/000/004/362,ProjRep/000/000/000/004,362,,628,5653ae51da0df5ef7e0cb66e1946ebb6ed6bf43f849b24dfeb3e7f9d60fdc760,True,utf-16,1.0000,12,text,,,,,,
ProjRep/000/000/000/004/365,ProjRep/000/000/000/004,365,,38736,c06a71ecf8659b99ce08d72354785d2d4ffbc956ea9f83cfdc7b2844b70fd916,True,utf-8-sig,1.0000,911,text; xml_candidate,,,,,,
ProjRep/000/000/000/004/383,ProjRep/000/000/000/004,383,,5632,30070156e1266b24de7deb37034d78ec3e801a77ca880841247de1743770472d,False,,,,binary,,,,,,
ProjRep/000/000/000/004/384,ProjRep/000/000/000/004,384,,616,5fc50d51602abb2b9422a3e6649b93a6f35fab9555b600f7df536f6b2c0aef9d,True,utf-16,1.0000,12,text,,,,,,
ProjRep/000/000/000/004/387,ProjRep/000/000/000/004,387,,18369,89dd1bbf847974fc5cdb1145f5ba47005c40baeec12136e4a8f566469bbe0b7f,True,utf-8-sig,1.0000,389,text; uft_script_candidate; xml_candidate,Window(,,,,,
ProjRep/000/000/000/004/397,ProjRep/000/000/000/004,397,,5632,afeb37a81794749343d13ff009eb629f8d34df9aada844acd2e8acc1a86cbba1,False,,,,binary,,,,,,
ProjRep/000/000/000/004/398,ProjRep/000/000/000/004,398,,616,9b3d2b2eb8f510ed1799b53740c11d098dd18e62a79715e5f73899028b8ed7fc,True,utf-16,1.0000,12,text,,,,,,
ProjRep/000/000/000/004/401,ProjRep/000/000/000/004,401,,21714,56b64e537a543a09a61b052ae5c8b29ae42efed2e79f2824f8c090dcfabe2fac,True,utf-8-sig,1.0000,497,text; uft_script_candidate; contains_control_flow; contains_function_or_sub; xml_candidate,Window(,,,For ,Function ,
ProjRep/000/000/000/004/417,ProjRep/000/000/000/004,417,,5632,6b1ac528b6e3ef8b4694b453efb9b7217966f92673300856539f0d292f00272c,False,,,,binary,,,,,,
ProjRep/000/000/000/004/418,ProjRep/000/000/000/004,418,,616,fa3ef2ca779afbcc330f021753f2b146aa25074c29cff5258f3ac606e539f3fc,True,utf-16,1.0000,12,text,,,,,,
ProjRep/000/000/000/004/421,ProjRep/000/000/000/004,421,,19495,0beefa81ac282a168b6daff6bb0d9d0ef0a714570ee656ab3914a2d0e5d121b2,True,utf-8-sig,1.0000,470,text; xml_candidate,,,,,,
ProjRep/000/000/000/004/436,ProjRep/000/000/000/004,436,,10752,b1a9c7f6fb03528a3436c3c181146ac3022b0993f1e9f272778928cfd967aba5,False,,,,binary,,,,,,
ProjRep/000/000/000/004/437,ProjRep/000/000/000/004,437,,600,4606aeed97287380ca84abd7f26822917d0ddb3e6af7b8589ab53243b83787ae,True,utf-16,1.0000,12,text,,,,,,
ProjRep/000/000/000/004/440,ProjRep/000/000/000/004,440,,21905,9d97d915780726dccfe5c76181f2f5fedf5e530984388fc6b31064108790468f,True,utf-8-sig,1.0000,536,text; xml_candidate,,,,,,
ProjRep/000/000/000/004/444,ProjRep/000/000/000/004,444,,318,80c1c1c9bbcbc7fa5c1643e5bb3138fd25b379d5390b91530b32c90012c51bdf,False,,,,binary,,,,,,
ProjRep/000/000/000/004/445,ProjRep/000/000/000/004,445,,318,d6ca8f8773fcea70ae88ccb124b468cda0d117e045dbe4e1d2a3cc4942ab6995,False,,,,binary,,,,,,
ProjRep/000/000/000/004/559,ProjRep/000/000/000/004,559,,23096,d8cb1b48d594bae6d1a27d37586f9b7f10f41d046a60e7714cd2d732ed77b436,False,,,,binary,,,,,,
ProjRep/000/000/000/004/587,ProjRep/000/000/000/004,587,,21692,8790258b223a9e3d8602889fdcc88bf6b799fed326a8269e00ebe1fc2a14fd35,False,,,,binary,,,,,,
ProjRep/000/000/000/004/592,ProjRep/000/000/000/004,592,,21673,6e8c77992eb1d6a0e5cd4aced1752f98595328fb61bec051edefcd1f4800601c,False,,,,binary,,,,,,
ProjRep/000/000/000/004/593,ProjRep/000/000/000/004,593,,26647,20b567009f78e354046f758882b72bce169f0ca743224067bd0601e75061ccc7,False,,,,binary,,,,,,
ProjRep/000/000/000/004/594,ProjRep/000/000/000/004,594,,13567,899cba935c6e02034871c165e1abba68979efa1eeeab9bcabe150e3a5529e914,False,,,,binary,,,,,,
ProjRep/000/000/000/004/595,ProjRep/000/000/000/004,595,,23643,1b5444bb7174050501c72da1b5e44e7bdf77099fd195e2b3f6cf3a5f0a4520a4,False,,,,binary,,,,,,
ProjRep/000/000/000/004/596,ProjRep/000/000/000/004,596,,21282,b7d772fa9d3d0a2ea49013307dd7ef86ca07dc55a2c249cbe88ec5ecc2f47f59,False,,,,binary,,,,,,
ProjRep/000/000/000/004/649,ProjRep/000/000/000/004,649,,21464,ca83f095fb1e67f906eef5aae03c5ca3868a458dffadb1548fb2c5aceb23321c,False,,,,binary,,,,,,
ProjRep/000/000/000/004/721,ProjRep/000/000/000/004,721,,39426,66419246e2798caf68e840b16e44e5f7796ce86f61a164dbb654395bf7f915a6,False,,,,binary,,,,,,
ProjRep/000/000/000/004/722,ProjRep/000/000/000/004,722,,51802,f15699147445c2e92335decd946808342695f09169d4c590a44b5b2b97a1762c,False,,,,binary,,,,,,
ProjRep/000/000/000/004/723,ProjRep/000/000/000/004,723,,34608,dfad99429601c5196f9b9214ec630884fbc7c2834b7a2036342fc5ab1566a97d,False,,,,binary,,,,,,
ProjRep/000/000/000/004/921,ProjRep/000/000/000/004,921,,54751,3fae3be54aab8afeaac893e452fa8fa936d60ae8702a1247830f660addf3b2da,False,,,,binary,,,,,,
ProjRep/000/000/000/004/922,ProjRep/000/000/000/004,922,,22951,40150618a6173225aab3e5220cbc2778c6cf26d81649f59b70e6188393c4ca0b,False,,,,binary,,,,,,
ProjRep/000/000/000/004/923,ProjRep/000/000/000/004,923,,9134,05a35d9f14eb8d9cb5d8a316397a2a1035d016f0f1dd8e9d827a9a8751505cc9,False,,,,binary,,,,,,
ProjRep/000/000/000/004/924,ProjRep/000/000/000/004,924,,6531,858525c1ce1aba26ba6ad7f9f41485774f0f43519f4f1394cf996e97b58c4ee9,False,,,,binary,,,,,,
ProjRep/000/000/000/004/925,ProjRep/000/000/000/004,925,,7825,5d6f633f74defbb2b984b747c41807702b716201fdf4595061862bbc4ecc6ba2,False,,,,binary,,,,,,
ProjRep/000/000/000/004/926,ProjRep/000/000/000/004,926,,5777,a6d49070c0e19f22584e98d263124709af580ee35d5ab94bdbdeabe8b8c5a53d,False,,,,binary,,,,,,
ProjRep/000/000/000/004/927,ProjRep/000/000/000/004,927,,8104,f7f1e0b893248704548412a7b59e4749f10d389a43abd2d11cc69e702f24360f,False,,,,binary,,,,,,
ProjRep/000/000/000/004/928,ProjRep/000/000/000/004,928,,11416,3f16f5269dac451bea7b0f71100fe8eeb4cfce25b31fcb8c8bd936227ffd519d,False,,,,binary,,,,,,
ProjRep/000/000/000/004/929,ProjRep/000/000/000/004,929,,15648,ff66ea37c44ca0c18c11ce15075260c9897c2fc60b3b5ab507ad17ff7179e66f,False,,,,binary,,,,,,
ProjRep/000/000/000/004/930,ProjRep/000/000/000/004,930,,8765,088691108ae22130b09cb59324f954fe660f1e592206ab4bbba2a157a3b9f10d,False,,,,binary,,,,,,
ProjRep/000/000/000/004/931,ProjRep/000/000/000/004,931,,10311,74742b06d44928361c5d9660b729846e46adcc5ef21206713efd1fda862680d7,False,,,,binary,,,,,,
ProjRep/000/000/000/004/932,ProjRep/000/000/000/004,932,,13571,3bcd1e634281b2601d34dfe8eaeaab07c72386b3189c1dd1afe6faaecef5306a,False,,,,binary,,,,,,
ProjRep/000/000/000/004/933,ProjRep/000/000/000/004,933,,4269,419b1151be342b8e7598ad19b5241d915714c22d630031744f1d9156a012dab9,False,,,,binary,,,,,,
ProjRep/000/000/000/004/934,ProjRep/000/000/000/004,934,,4861,390fb216703f1caf0a8624a980ded29c3462ca9de1395a6790376ae5dd954624,False,,,,binary,,,,,,
ProjRep/000/000/000/004/935,ProjRep/000/000/000/004,935,,1978,c818e72a6fe4b391877ab384fc531b5055ccef8347cfa0f4d2a2a5a8615946cd,False,,,,binary,,,,,,
ProjRep/000/000/000/004/936,ProjRep/000/000/000/004,936,,6630,f49ecec7cdfc2b8bb188107cfc929d6a57b95a901d8578c2e291ef9136efcf80,False,,,,binary,,,,,,
ProjRep/000/000/000/004/940,ProjRep/000/000/000/004,940,,3879,0688eb0eab925d5d314fb2e1f3ae0172769f2a4137b2c69994dabe4b93f545d6,False,,,,binary,,,,,,
ProjRep/000/000/000/004/941,ProjRep/000/000/000/004,941,,1597,6482dbba155d4bfdb704746e53c6c3a785c0570d1a345db9c1fe780059d0d24c,False,,,,binary,,,,,,
tables/.timezone,tables,.timezone,,1,5feceb66ffc86f38d952786c6d696c79c2dbc239dd4e91b46729d73a27fb57e9,True,utf-8-sig,1.0000,1,text,,,,,,
tables/ACTIONS_!000001.ptd,tables,ACTIONS_!000001.ptd,.ptd,15271,d7d8398a381a585b2dc2365ac32d5b91541ef496d9bf5b13aeb71964fe1601ac,False,,,,binary,,,,,,
tables/ALERT_!000001.ptd,tables,ALERT_!000001.ptd,.ptd,487037,0dd7d3f6328afd92b42d43661cd54f70c9317f8fe2bfeaa5c3ddb0769326ff48,True,latin-1,0.9081,3383,text,,,,,,
tables/ALL_LISTS_!000001.ptd,tables,ALL_LISTS_!000001.ptd,.ptd,2240,d1f5e5b1622ab4fc5c367193d66f82c7676ad09d7309d7c5fa0424db1a9404e0,False,,,,binary,,,,,,
tables/ANALYSIS_ITEM_FILES_!000001.ptd,tables,ANALYSIS_ITEM_FILES_!000001.ptd,.ptd,198,2e49d9da1814f37148db1f7ed804a044b5313c00f7cc70ac28cfdf6d26d101f0,False,,,,binary,,,,,,
tables/ANALYSIS_ITEM_FOLDERS_!000001.ptd,tables,ANALYSIS_ITEM_FOLDERS_!000001.ptd,.ptd,3473,118870120874ec4ae8d66142c502b7480dbd878506927d478c3b4f8bf7c6a6cb,False,,,,binary,,,,,,
tables/ANALYSIS_ITEMS_!000001.ptd,tables,ANALYSIS_ITEMS_!000001.ptd,.ptd,205434,564cf0e0131f08bc51fe7a839ab147100c4f0f38089ab13dc9a417362abae842,True,latin-1,0.9605,555,text; contains_control_flow; contains_function_or_sub,,,,If ; Then; End If; For ,Sub ; End Sub,
tables/ANALYSIS_SEGMENTS_!000001.ptd,tables,ANALYSIS_SEGMENTS_!000001.ptd,.ptd,2074,389eca8634edaf2a4704f5b6a5f39a006fc85bdb536230972c52e059f343fa4a,False,,,,binary,,,,,,
tables/ASSET_RELATIONS_!000001.ptd,tables,ASSET_RELATIONS_!000001.ptd,.ptd,19750,755b804b25d833f8ceef79c89d97dc418b774ed6fd2ebc558bd695711a0b946d,False,,,,binary,,,,,,
tables/ASSET_REPOSITORY_ITEMS_!000001.ptd,tables,ASSET_REPOSITORY_ITEMS_!000001.ptd,.ptd,16812,e54aa66033217b5c88e1769cd8bc255dc16b10084bdc1612dfe3559d5c83843d,False,,,,binary,,,,,,
tables/AUDIT_LOG_!000001.ptd,tables,AUDIT_LOG_!000001.ptd,.ptd,423343,9799f68ed78d48967f4eeba48be78ab9fcc4957894fa055a6d7c981a87c3133a,False,,,,binary,,,,,,
tables/AUDIT_PROPERTIES_!000001.ptd,tables,AUDIT_PROPERTIES_!000001.ptd,.ptd,428667,2c4811548f9aa226cdcfb3a881ff6e428f9f01d653b9b6bcd663c4d548b275a2,False,,,,binary,,,,,,
tables/BASELINES_!000001.ptd,tables,BASELINES_!000001.ptd,.ptd,204,fb5605d315d7ffe17fc54e5fca6a85aa93b891eba8d4a71c1110241d445a655b,False,,,,binary,,,,,,
tables/BL_ALL_LISTS_!000001.ptd,tables,BL_ALL_LISTS_!000001.ptd,.ptd,5053,1707b3f95f766bad36fb1a43e5ab36982dbf6609fab487d53742efa0416095a8,False,,,,binary,,,,,,
tables/BL_ASSET_RELATIONS_!000001.ptd,tables,BL_ASSET_RELATIONS_!000001.ptd,.ptd,9158,b7679b8424314f5f1343209ab4ad5d2e62f035430ef2cf3807ce6f327d08a43f,False,,,,binary,,,,,,
tables/BL_ASSET_REPOSITORY_ITEMS_!000001.ptd,tables,BL_ASSET_REPOSITORY_ITEMS_!000001.ptd,.ptd,30855,3164ff47d6ccf36a9362ade110766367e29f360b9daa889bbe8b8eb78b0fddbc,False,,,,binary,,,,,,
tables/BL_BP_ITER_PARAM_!000001.ptd,tables,BL_BP_ITER_PARAM_!000001.ptd,.ptd,4653,7f4aecd77871adb3190e1b0aa8d2a6126194d7b6a1f02622b254648483479720,False,,,,binary,,,,,,
tables/BL_BP_ITERATION_!000001.ptd,tables,BL_BP_ITERATION_!000001.ptd,.ptd,1722,b4c27a7305163327d62500aa0eb2e35f13fa0edf33040dfefe0a74d7c615b082,False,,,,binary,,,,,,
tables/BL_BP_PARAM_!000001.ptd,tables,BL_BP_PARAM_!000001.ptd,.ptd,4253,5e34fbabb4d3c6f025cab49c4e3b4ca325d7254fb4589a29e39fee74f5deb983,False,,,,binary,,,,,,
tables/BL_BPTEST_TO_COMPONENTS_!000001.ptd,tables,BL_BPTEST_TO_COMPONENTS_!000001.ptd,.ptd,9412,7b663ffede039232e994d367ec3febb2a6bf0c6ed6767062fcb84b9fbe251c32,False,,,,binary,,,,,,
tables/BL_COMPONENT_!000001.ptd,tables,BL_COMPONENT_!000001.ptd,.ptd,33358,2860ee74bde77f9d534c5d450ccc1678a0565cc386bcdca4a8fb60b84185d15c,False,,,,binary,,,,,,
tables/BL_COMPONENT_FOLDER_!000001.ptd,tables,BL_COMPONENT_FOLDER_!000001.ptd,.ptd,1452,b1b002b6e9463dbcc77fa4bad09f7433fcb74dbde7b0a2f7cb798a044a0aabd9,False,,,,binary,,,,,,
tables/BL_COMPONENT_MULTIVALUE_!000001.ptd,tables,BL_COMPONENT_MULTIVALUE_!000001.ptd,.ptd,13158,b5e8f2bea1cbdc707db01845bed456e3454ae9e3a87be92a3dcd56997abbb042,False,,,,binary,,,,,,
tables/BL_COMPONENT_STEP_!000001.ptd,tables,BL_COMPONENT_STEP_!000001.ptd,.ptd,23402,0cd4132528ff1e406cf7dce7f156a47ed1c72d991444021967466c8dcbe7b96a,False,,,,binary,,,,,,
tables/BL_CONFIGURATION_COVERAGE_!000001.ptd,tables,BL_CONFIGURATION_COVERAGE_!000001.ptd,.ptd,33968,66bebc15d9af8b8e2f8edd187012f5eecea0e5a1126da38ac84f128a6cf07a2b,False,,,,binary,,,,,,
tables/BL_CRITERION_COVERAGE_!000001.ptd,tables,BL_CRITERION_COVERAGE_!000001.ptd,.ptd,33968,66bebc15d9af8b8e2f8edd187012f5eecea0e5a1126da38ac84f128a6cf07a2b,False,,,,binary,,,,,,
tables/BL_CROS_REF_!000001.ptd,tables,BL_CROS_REF_!000001.ptd,.ptd,13441,ef96557f0e90dee8960fcf6f0d3463d750c24c8b4988d69c8e46245118fc6ec7,False,,,,binary,,,,,,
tables/BL_DESSTEPS_!000001.ptd,tables,BL_DESSTEPS_!000001.ptd,.ptd,279605,027c657ee6517f1a3f820f304d16e25fc481657bf2d5daf81b107a40160cf08e,False,,,,binary,,,,,,
tables/BL_FACETS_!000001.ptd,tables,BL_FACETS_!000001.ptd,.ptd,5594,caeba1a2e185315093d8a7e8049a6902c84e5ee133f9f57f473501494b2c7ca9,False,,,,binary,,,,,,
tables/BL_FRAMEWORK_PARAM_!000001.ptd,tables,BL_FRAMEWORK_PARAM_!000001.ptd,.ptd,7029,3551181e5de73a88f51c9d7461f89ab7050dca26d502e144e0d138cacfc23607,False,,,,binary,,,,,,
tables/BL_REQ_!000001.ptd,tables,BL_REQ_!000001.ptd,.ptd,234860,9d82471cfedc6135987b2c906e0c47441e5088fcbaaeaa40139f4bcd972beefb,False,,,,binary,,,,,,
tables/BL_REQ_COVER_!000001.ptd,tables,BL_REQ_COVER_!000001.ptd,.ptd,62532,fe14e5e972ae5c923f4551ef6a31424600b665f6f54cc8d40121fb1952ec906e,False,,,,binary,,,,,,
tables/BL_REQ_CYCLES_!000001.ptd,tables,BL_REQ_CYCLES_!000001.ptd,.ptd,21800,dd8654d55d0bca42ba9e32c37a02ed90a1ebd5ead4c7a313bd4c443f54758bcb,False,,,,binary,,,,,,
tables/BL_REQ_MULTIVALUE_!000001.ptd,tables,BL_REQ_MULTIVALUE_!000001.ptd,.ptd,18476,6fe8cb524def9c8df2a06243c32484d2e6430e51f8519786b3a5b388caa9b94a,False,,,,binary,,,,,,
tables/BL_REQ_RELEASES_!000001.ptd,tables,BL_REQ_RELEASES_!000001.ptd,.ptd,9440,c926e7ef39b37f960ff6165eb9e7d75c8a3ec480b436438731a24522a2f46230,False,,,,binary,,,,,,
tables/BL_REQ_TRACE_!000001.ptd,tables,BL_REQ_TRACE_!000001.ptd,.ptd,1859,c6026b2197c05212ada3502486e828d2d9be72fc6369948b786bb6ae79be1200,False,,,,binary,,,,,,
tables/BL_RESOURCE_FOLDERS_!000001.ptd,tables,BL_RESOURCE_FOLDERS_!000001.ptd,.ptd,1312,8a8c6c9e9857597f49d8ef204f7f50761d5bf95a936ff55224a5f71e62ffe31e,False,,,,binary,,,,,,
tables/BL_RESOURCES_!000001.ptd,tables,BL_RESOURCES_!000001.ptd,.ptd,18953,fe44a9706c19ed36e27f04de319b38eeb5e70f14a2b9c95dfb6842b2d517f8a6,False,,,,binary,,,,,,
tables/BL_TEST_!000001.ptd,tables,BL_TEST_!000001.ptd,.ptd,226075,182f902d9f4d6905b85d9d2df0409c2b5b5c137d74b4fea776e6dec7d37b8f40,True,latin-1,0.8676,468,text; contains_control_flow; contains_function_or_sub,,,,If ; Then; Else; For ; While ,Function ,
tables/BL_TEST_CONFIGS_!000001.ptd,tables,BL_TEST_CONFIGS_!000001.ptd,.ptd,29218,698f808ff582e33ecee0dba19acaa6cc4cbf1696555e8ed3f72f5bf8c43babc3,False,,,,binary,,,,,,
tables/BL_TEST_CRITERIA_!000001.ptd,tables,BL_TEST_CRITERIA_!000001.ptd,.ptd,35086,15fa51f6461daf8a81ecb4c66a1111692ac190bcc9b1724eeacbd2f07a762855,False,,,,binary,,,,,,
tables/BL_TEST_PARAMS_!000001.ptd,tables,BL_TEST_PARAMS_!000001.ptd,.ptd,8303,45293c312257f962fc7a14f313357bf122ede84ca2f28fedd64e845bd4f80783,False,,,,binary,,,,,,
tables/BL_USER_ASSETS_!000001.ptd,tables,BL_USER_ASSETS_!000001.ptd,.ptd,18094,cd5cffcbb6e0e3e22033875a3aaaa51e421cb98431984091c78874479d0d0acb,False,,,,binary,,,,,,
tables/BP_ITER_PARAM_!000001.ptd,tables,BP_ITER_PARAM_!000001.ptd,.ptd,2973,7433f5ede2347d2d413716a5438754a5388e971679eb97e4f16f25fec076b055,False,,,,binary,,,,,,
tables/BP_ITER_PARAM_VIRT_!000001.ptd,tables,BP_ITER_PARAM_VIRT_!000001.ptd,.ptd,275,04652b98bcb2669dbf918ce468dde483ee0a5da96d397b4eb7409ac393fedc45,False,,,,binary,,,,,,
tables/BP_ITERATION_!000001.ptd,tables,BP_ITERATION_!000001.ptd,.ptd,624,dc1bdf9508ca1038078e6b581182cb408072db6e7f8c30da8f4e3b277a189055,False,,,,binary,,,,,,
tables/BP_PARAM_!000001.ptd,tables,BP_PARAM_!000001.ptd,.ptd,1777,344a0a67b0702449e846703bcf4949bbd8cf00652323522f0ed6832fab16523b,False,,,,binary,,,,,,
tables/BP_PARAM_VIRT_!000001.ptd,tables,BP_PARAM_VIRT_!000001.ptd,.ptd,62,8d91371d09dd807819713bf00ee247e15c20e8ccecd05e18b9b7c7172ae98d73,False,,,,binary,,,,,,
tables/BP_STEP_PARAM_!000001.ptd,tables,BP_STEP_PARAM_!000001.ptd,.ptd,38424,ccad5c09f79e75c6fc0dfb72e954eaa179c84163b23d66e051cd1568952d45eb,False,,,,binary,,,,,,
tables/BPM_ELEMENT_TYPES_!000001.ptd,tables,BPM_ELEMENT_TYPES_!000001.ptd,.ptd,32381,43e4dacd3f8226a8d8f3e6f9872cd2a14703cb3e87b1c370f8f6619a649f62fa,False,,,,binary,,,,,,
tables/BPM_ELEMENTS_!000001.ptd,tables,BPM_ELEMENTS_!000001.ptd,.ptd,81580,d5c6d9f328a83cf0da44fe4cee211a607374d98e665d7cb38116eb8d56e38cc9,False,,,,binary,,,,,,
tables/BPM_LINKS_!000001.ptd,tables,BPM_LINKS_!000001.ptd,.ptd,630,399950fa04cf0322db0cffaec7a1cb0b57605560db3af2aed6d405e178914e48,False,,,,binary,,,,,,
tables/BPM_MODEL_FOLDERS_!000001.ptd,tables,BPM_MODEL_FOLDERS_!000001.ptd,.ptd,435,f7f5f2f5491244cafe0d5513f1d367cb663e94bfc2e9cea53cad22c0a00b3f2b,False,,,,binary,,,,,,
tables/BPM_MODELS_!000001.ptd,tables,BPM_MODELS_!000001.ptd,.ptd,1605,aa032aeae23d377b4b01d038ecb6f2ae21d7ffce7674c744f46508e8e69f1d39,False,,,,binary,,,,,,
tables/BPM_PATHS_!000001.ptd,tables,BPM_PATHS_!000001.ptd,.ptd,2843,611049879a7cce4d4733e715106128aa782be2f0d5e53f7b88b447e03c470ba4,True,cp1250,0.8508,27,text; contains_control_flow,,,,If ; For ,,
tables/BPTA_CHANGE_STATUS_!000001.ptd,tables,BPTA_CHANGE_STATUS_!000001.ptd,.ptd,74,c4c5a939181a064a0f16de750b38e7ba522165ef442579791f0c0947f4fa17f2,False,,,,binary,,,,,,
tables/BPTEST_TO_COMPONENTS_!000001.ptd,tables,BPTEST_TO_COMPONENTS_!000001.ptd,.ptd,4256,9c89b98cc4dca9eaaf5139b63df1887d9021397a23e7fb1ad3a8b93b84be737b,False,,,,binary,,,,,,
tables/BR_ACTIONS_!000001.ptd,tables,BR_ACTIONS_!000001.ptd,.ptd,2480,082d7f4ca52a81c2a6e67d4a89ac2ef861f0440fbf7899b0ba196b7d722e6897,True,utf-16,0.9145,1,text,,,,,,
tables/BR_ACTIONS_TO_FACTS_!000001.ptd,tables,BR_ACTIONS_TO_FACTS_!000001.ptd,.ptd,140,9d3743a5ccb44f87169c23d058334046e0b41c2c32cb898e501a949f1f7e8c11,False,,,,binary,,,,,,
tables/BR_BUSINESS_RULES_!000001.ptd,tables,BR_BUSINESS_RULES_!000001.ptd,.ptd,1814,e085e43662ac83527638dabf22fed497152d459a987bad8e4e8226878c763a60,False,,,,binary,,,,,,
tables/BR_COND_TO_FACTS_!000001.ptd,tables,BR_COND_TO_FACTS_!000001.ptd,.ptd,280,e7cd69ff0a1dd1c8707bcfd8272249759907de8d36578314d7139a7edbe8ee05,False,,,,binary,,,,,,
tables/BR_CONDITIONS_!000001.ptd,tables,BR_CONDITIONS_!000001.ptd,.ptd,2465,66f67b9d00cc0eb4281aad4ed3c467f5f39fd5606aab3f854a8a23468b19dbb9,True,cp1252,0.9266,1,text,,,,,,
tables/BR_FACTS_!000001.ptd,tables,BR_FACTS_!000001.ptd,.ptd,3463,334ffd5dcfa8aef5633a0f9725a104b0f35f93d234fdd0ee23eb71e4bf12b050,False,,,,binary,,,,,,
tables/BUG_!000001.ptd,tables,BUG_!000001.ptd,.ptd,77794,da4eaa08d028774d7243859d4a03280b835ce49a275963b494937c6a47c3bf27,True,latin-1,0.9028,550,text; contains_control_flow,,,,If ; Then; For ; Next; Do ,,
tables/BUG_TOKENS_!000001.ptd,tables,BUG_TOKENS_!000001.ptd,.ptd,13230,2ff82e964a5f08cf0a6853258adbae5b32403129b077d8ffc1414c0bb756c2e8,False,,,,binary,,,,,,
tables/BUSINESS_VIEWS_!000001.ptd,tables,BUSINESS_VIEWS_!000001.ptd,.ptd,77707,a61fc9ffe7b0c7199b810cd295e2822deee863104a4a1dfe102950b69914babc,True,latin-1,0.9804,184,text,,,,,,
tables/COMMON_SETTINGS_!000001.ptd,tables,COMMON_SETTINGS_!000001.ptd,.ptd,103856,658ff107dc8a8a49a8ca03b07ebf68d8691517b1ae6bfd239a9223f1b23ac27b,True,cp1250,0.9928,67,text,,,,,,
tables/COMPONENT_!000001.ptd,tables,COMPONENT_!000001.ptd,.ptd,16120,eb41d5c7f095be1a568a1c5973884e3b5a730a3e0699989047a26c0b25b3f280,False,,,,binary,,,,,,
tables/COMPONENT_FOLDER_!000001.ptd,tables,COMPONENT_FOLDER_!000001.ptd,.ptd,924,078b23bb4d289ec3e7b4b0984c2bb6d27df2abf5194be4f386aad7c6c1a8cd2a,False,,,,binary,,,,,,
tables/COMPONENT_MULTIVALUE_!000001.ptd,tables,COMPONENT_MULTIVALUE_!000001.ptd,.ptd,1170,b84e94963391591fc5483e9402dec153f302435b3f6a7e8d0b67aff2b99bee02,False,,,,binary,,,,,,
tables/COMPONENT_STEP_!000001.ptd,tables,COMPONENT_STEP_!000001.ptd,.ptd,9544,fc79d1f6b4196615eb886838c411535783a3ac74fcbd60cf970067b390c1c251,False,,,,binary,,,,,,
tables/CONFIGURATION_COVERAGE_!000001.ptd,tables,CONFIGURATION_COVERAGE_!000001.ptd,.ptd,17121,c6b83e9de048956bc1ed640d1071ca5ee122a7b997ac0ec4c1adc3c93b63b2d1,False,,,,binary,,,,,,
tables/CONTENT_DEFINITIONS_!000001.ptd,tables,CONTENT_DEFINITIONS_!000001.ptd,.ptd,160,2474dadfcf564757a216f2948fd9db6d2046afb1bd3c182b5e1d22c4f4a9b67a,False,,,,binary,,,,,,
tables/CONTENT_PARTS_!000001.ptd,tables,CONTENT_PARTS_!000001.ptd,.ptd,1012,eb0c3371bec7a1bf7c53f9a6ccd7469418609a0a91ee97897d019aa5228111ce,True,utf-16,0.9111,1,text,,,,,,
tables/CONTENT_ROOTS_!000001.ptd,tables,CONTENT_ROOTS_!000001.ptd,.ptd,345,103cf7487f50e8effbe3a66c31620c355bdb0c4641d74eaf7e2a1a9f7f9faad6,False,,,,binary,,,,,,
tables/CRITERION_COVERAGE_!000001.ptd,tables,CRITERION_COVERAGE_!000001.ptd,.ptd,17082,7459f94009549d5fc26563b5b224bd22fbdc3fc2a9c7444c2c81deae477e43bd,False,,,,binary,,,,,,
tables/CROS_REF_!000001.ptd,tables,CROS_REF_!000001.ptd,.ptd,7889,d24ae7622446aaa88ee9798cc26215fc9ffde5c9ecc92f9dfd051b7b321139c6,False,,,,binary,,,,,,
tables/CYCL_FOLD_!000001.ptd,tables,CYCL_FOLD_!000001.ptd,.ptd,1335,ca21a5b648e078eac30b8c89dd0a5be9f65f623ba6ff74aa7c7cbc365713e974,False,,,,binary,,,,,,
tables/CYCLE_!000001.ptd,tables,CYCLE_!000001.ptd,.ptd,11190,a87495641e4fde564d1856b0eb2ee50a3687915cd71f8d3a38da3aedd0de8991,True,utf-16,0.8627,7,text,,,,,,
tables/DASHBOARD_FOLDERS_!000001.ptd,tables,DASHBOARD_FOLDERS_!000001.ptd,.ptd,2554,c4795981a2199be6f0637f90cad565fe9b2185a35d8bf3eada8bed8b3c3c047c,False,,,,binary,,,,,,
tables/DASHBOARD_PAGE_ITEMS_!000001.ptd,tables,DASHBOARD_PAGE_ITEMS_!000001.ptd,.ptd,777,f8b4f19ae8c2ac2d62437bdd9157a80a1796f46e3d3228f91df08c1bec6e49f8,False,,,,binary,,,,,,
tables/DASHBOARD_PAGES_!000001.ptd,tables,DASHBOARD_PAGES_!000001.ptd,.ptd,596,d75ad8d95a93dfcf53765bdb25e7bdf10110bc6111153bebb37da06eb7b598d5,False,,,,binary,,,,,,
tables/DATACONST_!000001.ptd,tables,DATACONST_!000001.ptd,.ptd,976,62b772a066a138f3ae2712347ff5e2011f2928760238073d78b0861e7e64e0ac,False,,,,binary,,,,,,
tables/DESSTEPS_!000001.ptd,tables,DESSTEPS_!000001.ptd,.ptd,406639,c17f2f203443ec0db31496a94b7fa16f4304d89584c49baf3366b791f98e279b,True,latin-1,0.9353,3190,text; contains_control_flow,,,,If ; Then; For ; Next; Do ; While ,,
tables/ENTITY_ATTRIBUTES_!000001.ptd,tables,ENTITY_ATTRIBUTES_!000001.ptd,.ptd,1746,dc5e756a7f79e17b4959f4cf582fc817cc90a7caaf4bc82ab43ffbe7c16d94aa,False,,,,binary,,,,,,
tables/ENTITY_SUBTYPE_ATTRIBUTES_!000001.ptd,tables,ENTITY_SUBTYPE_ATTRIBUTES_!000001.ptd,.ptd,7737,b02906ae9afcf70a1237ed78cde79c79751f09c4ef49703bca2bb1fe7776071a,False,,,,binary,,,,,,
tables/ENTITY_SUBTYPE_FIELDS_!000001.ptd,tables,ENTITY_SUBTYPE_FIELDS_!000001.ptd,.ptd,2787,797109bd8216591e1f17fbd7cdef6a8971fbccae0261e46f9e71c4b2b4196de2,False,,,,binary,,,,,,
tables/ENTITY_SUBTYPE_RELATIONS_!000001.ptd,tables,ENTITY_SUBTYPE_RELATIONS_!000001.ptd,.ptd,6165,4fffbef3f3f67ef2306d9c81e4f973c08c8030e9ea8e3d8b650872919b6f8fa2,False,,,,binary,,,,,,
tables/ENTITY_SUBTYPES_!000001.ptd,tables,ENTITY_SUBTYPES_!000001.ptd,.ptd,4632,a523cca86c56034197c0ede220209d22a7e4d25edd8dd39e7da851b7e798a030,False,,,,binary,,,,,,
tables/ENVIRONMENTS_!000001.ptd,tables,ENVIRONMENTS_!000001.ptd,.ptd,2460,e1b11c87e98974d780aab607b744f9c2867d4ccaab11571a8e571796c18ceb5f,False,,,,binary,,,,,,
tables/EVENT_LOG_!000001.ptd,tables,EVENT_LOG_!000001.ptd,.ptd,19013,25cd1d593d90d73c7ffea26496b4e7e29daafc4a5155a7d09f4952e9f7b73bf7,False,,,,binary,,,,,,
tables/EXTENSIONS_!000001.ptd,tables,EXTENSIONS_!000001.ptd,.ptd,85,bd0e298b237d1a6256924770ad4ab8f5ad40ed878e32e7edfedfe6224484863d,False,,,,binary,,,,,,
tables/FACETS_!000001.ptd,tables,FACETS_!000001.ptd,.ptd,2401,fefd1dca41e4df5ee04b2bd10a43a1af6fa1e4d595131b283b624f56915edbae,False,,,,binary,,,,,,
tables/FAVORITE_FOLDERS_!000001.ptd,tables,FAVORITE_FOLDERS_!000001.ptd,.ptd,2197,aef1833475f32dbaa1c8cc0fd5d6a058970b7f850ca24f4bef5b73f06324966c,False,,,,binary,,,,,,
tables/FAVORITES_!000001.ptd,tables,FAVORITES_!000001.ptd,.ptd,40502,baaeb0d0cd634e3204f1a485862d007fe7ba91c00f612d66d9548abaf1c2eeb1,True,utf-16,0.9616,14,text,,,,,,
tables/FORM_LAYOUT_FIELDS_!000001.ptd,tables,FORM_LAYOUT_FIELDS_!000001.ptd,.ptd,2953,2c9d853899a21b0e9dbe70dbde2fa35e47339e5a90cf9442f2fce47351d86faf,False,,,,binary,,,,,,
tables/FORM_LAYOUTS_!000001.ptd,tables,FORM_LAYOUTS_!000001.ptd,.ptd,4922,b0ddeae25a75e3949338f0ca0c2b5df09beb5ed9d23fdb1805df12560e289ce4,True,cp1250,0.9835,4,text,,,,,,
tables/FRAMEWORK_PARAM_!000001.ptd,tables,FRAMEWORK_PARAM_!000001.ptd,.ptd,4746,5f58b04c215ee42a8ab28325ef99f469573b7399d9d28cc1afc1e0ffd94afdaa,False,,,,binary,,,,,,
tables/GROUPS_!000001.ptd,tables,GROUPS_!000001.ptd,.ptd,641,c7b95b556f31699c42034c4cfb0afe5edf0d36f29f4eb12d0eec1907ea5c0866,False,,,,binary,,,,,,
tables/HIST_ASSET_RELATIONS_!000001.ptd,tables,HIST_ASSET_RELATIONS_!000001.ptd,.ptd,62126,f247c84584333a6a6229557b57378339e384bf33c83742b93453bc3468e89dab,False,,,,binary,,,,,,
tables/HIST_ASSET_REPOSITORY_ITEMS_!000001.ptd,tables,HIST_ASSET_REPOSITORY_ITEMS_!000001.ptd,.ptd,82735,598c58ecfe25bca7942a6c283ff6e6130f48db41ff2d736fe923e625aaa32733,False,,,,binary,,,,,,
tables/HIST_BP_ITER_PARAM_!000001.ptd,tables,HIST_BP_ITER_PARAM_!000001.ptd,.ptd,17887,bb9b3b6c7947db77dc2bd88bda9a73b176e2b8690bdf93e613fefdaf4af3166f,False,,,,binary,,,,,,
tables/HIST_BP_ITERATION_!000001.ptd,tables,HIST_BP_ITERATION_!000001.ptd,.ptd,5670,08daf39620f97371deddac8ef6323d1668e1ef79cc4de25eb3a4d7897d59478c,False,,,,binary,,,,,,
tables/HIST_BP_PARAM_!000001.ptd,tables,HIST_BP_PARAM_!000001.ptd,.ptd,14997,4dab7cc8ad36b12617257fb271eb046e2e0ba8f8c6d9cf723693c552d0c6c5d0,False,,,,binary,,,,,,
tables/HIST_BPM_ELEMENTS_!000001.ptd,tables,HIST_BPM_ELEMENTS_!000001.ptd,.ptd,165980,363da1fabbc3559a06ada2a1b679c50ab9563674f67ec84085e17f4a391de17f,False,,,,binary,,,,,,
tables/HIST_BPM_MODELS_!000001.ptd,tables,HIST_BPM_MODELS_!000001.ptd,.ptd,3450,3fb0eabeb6529ff3c4b2e2146199e2ace5f15f551a42974667c5ba237e41d561,False,,,,binary,,,,,,
tables/HIST_BPM_PATHS_!000001.ptd,tables,HIST_BPM_PATHS_!000001.ptd,.ptd,2883,1d751eb847992735fc375cc298b389290891483c5bf17bf1cebeb83dd8db9d81,False,,,,binary,,,,,,
tables/HIST_BPTEST_TO_COMPONENTS_!000001.ptd,tables,HIST_BPTEST_TO_COMPONENTS_!000001.ptd,.ptd,31050,49252bc86288d3fc7c2090e1e0d542f7e7395c4da6a4f7f34f2c1e2408661b01,False,,,,binary,,,,,,
tables/HIST_COMPONENT_!000001.ptd,tables,HIST_COMPONENT_!000001.ptd,.ptd,90679,ccdd9f2546dbc74f9efd5eae7e973423f6cf0df02e3046e370d9e333991d418f,False,,,,binary,,,,,,
tables/HIST_COMPONENT_STEP_!000001.ptd,tables,HIST_COMPONENT_STEP_!000001.ptd,.ptd,57481,78c35d2fdff781f2efee6efeb4fd50b924f1ef4223a8b41cbfb4c96957e04d85,False,,,,binary,,,,,,
tables/HIST_CROS_REF_!000001.ptd,tables,HIST_CROS_REF_!000001.ptd,.ptd,13106,1a79f34d194dde6b5d8aa93b8ea3b52c097e90e696dffc0a0a988ce47676e98e,False,,,,binary,,,,,,
tables/HIST_DESSTEPS_!000001.ptd,tables,HIST_DESSTEPS_!000001.ptd,.ptd,303226,b2999bd3a221c5b8c8cd1b7b8ad8d9da11cafe727a51b51d974bfad2c0199b5c,True,latin-1,0.8561,3048,text; contains_control_flow,,,,If ; Then; For ; Next; Do ; While ,,
tables/HIST_FRAMEWORK_PARAM_!000001.ptd,tables,HIST_FRAMEWORK_PARAM_!000001.ptd,.ptd,20808,ec81abd8cf49b14079124cdd633f2409163820de219337dca7e08f2058796a67,False,,,,binary,,,,,,
tables/HIST_REQ_!000001.ptd,tables,HIST_REQ_!000001.ptd,.ptd,734431,007b067305278897d6916b8ff4ca3bf156789c81be77127d978f10935f93f4e6,True,latin-1,0.9463,13179,text; contains_control_flow; contains_function_or_sub,,,,If ; Then; For ,Sub ,
tables/HIST_RESOURCES_!000001.ptd,tables,HIST_RESOURCES_!000001.ptd,.ptd,28708,6698c9baaca82502045716cd61650c6fea7bc93b660dc9f0171238587b82ea7d,False,,,,binary,,,,,,
tables/HIST_STEP_PARAMS_!000001.ptd,tables,HIST_STEP_PARAMS_!000001.ptd,.ptd,972,05117c14855e768e3ad3199685f4ff6cb9204c95945988ed911ae7f3987897f1,False,,,,binary,,,,,,
tables/HIST_TEST_!000001.ptd,tables,HIST_TEST_!000001.ptd,.ptd,256188,a5b3773e6db0fa7255a41fad1a6d4eaa899372873ec4a8ce86ea4cfa02cb1e16,False,,,,binary,,,,,,
tables/HIST_TEST_CONFIGS_!000001.ptd,tables,HIST_TEST_CONFIGS_!000001.ptd,.ptd,80015,ae0e6ace89597ad037f064d423cd867b0b04ff6fd17fe34f8b547dd9302b2cc8,False,,,,binary,,,,,,
tables/HIST_TEST_CRITERIA_!000001.ptd,tables,HIST_TEST_CRITERIA_!000001.ptd,.ptd,59535,73c909618e2759adff62ba1b90a5f93ac6e2d6850f86093e339485faa11dcd74,False,,,,binary,,,,,,
tables/HIST_TEST_PARAMS_!000001.ptd,tables,HIST_TEST_PARAMS_!000001.ptd,.ptd,29122,672d3725f97f06bd3e90b4bd63036b9f7110cd5b5d1fd08b8213a131a3b8ad6d,False,,,,binary,,,,,,
tables/HIST_USER_ASSETS_!000001.ptd,tables,HIST_USER_ASSETS_!000001.ptd,.ptd,38687,8b2db3dff6cd29d816acea387598a1b30b2d44ffba42c8767dd03063868bf81a,False,,,,binary,,,,,,
tables/HOST_GROUP_!000001.ptd,tables,HOST_GROUP_!000001.ptd,.ptd,49,b98403fdea5e95d47c7e6121bd6d03e2cf218fd2a18c4e39785f31dbff3f12e9,False,,,,binary,,,,,,
tables/HOST_IN_GROUP_!000001.ptd,tables,HOST_IN_GROUP_!000001.ptd,.ptd,48,c9f432287c024b664078809062e0cc0406ce90bb83441e7d42192f2ce3e0dfae,False,,,,binary,,,,,,
tables/HOSTS_!000001.ptd,tables,HOSTS_!000001.ptd,.ptd,196,1a38268673c74c02e730e73c628af92294dd0b20ce2fbd5bdadeb9010f3d81de,False,,,,binary,,,,,,
tables/LIBRARIES_!000001.ptd,tables,LIBRARIES_!000001.ptd,.ptd,96,61a36f9de0f4909ea43310c2ef1dc0a0f47cc52a3050f558d58b633ea64acb9f,False,,,,binary,,,,,,
tables/LIBRARY_FOLDERS_!000001.ptd,tables,LIBRARY_FOLDERS_!000001.ptd,.ptd,39,f48c3a81ee81925deaa15d0ddab18a4b1a090c7989715868bc22ee6cf3481950,False,,,,binary,,,,,,
tables/LIBRARY_PARTS_DEFS_!000001.ptd,tables,LIBRARY_PARTS_DEFS_!000001.ptd,.ptd,831,bda6bdae6f6d4c57021c80f91eb74dcad79b28325e568a9f2882676ddfe81c4a,False,,,,binary,,,,,,
tables/LINK_!000001.ptd,tables,LINK_!000001.ptd,.ptd,5397,6928c99ba66b87eb6a4de1e13ec94e52a0abc83388f22108c60725410d2bb18b,False,,,,binary,,,,,,
tables/LISTS_!000001.ptd,tables,LISTS_!000001.ptd,.ptd,31651,504607ab5026bd6c31d651dc7096ecb4419cd5a7855ab2f235d43c0cf835b6f1,False,,,,binary,,,,,,
tables/MODULES_!000001.ptd,tables,MODULES_!000001.ptd,.ptd,1009,5161b8d2e0f805287e3cc257a3dd74286a35ef947bd967b07789ab5e8c4c37c8,False,,,,binary,,,,,,
tables/POLICY_ENFORCEMENT_STATUS_!000001.ptd,tables,POLICY_ENFORCEMENT_STATUS_!000001.ptd,.ptd,41,99a107cbd08d6d0e307244c6a0211e4f341342c334537c2707a9a4100ac1ecb0,False,,,,binary,,,,,,
tables/PUBLIC_ENTITY_KEYS_!000001.ptd,tables,PUBLIC_ENTITY_KEYS_!000001.ptd,.ptd,99,b776ae181ad8a1a009b26a3fd7ddcc6a900860a24b4a59d28cefa660cbfbc24e,False,,,,binary,,,,,,
tables/QPM_KPI_BREAKDOWN_RESULTS_!000001.ptd,tables,QPM_KPI_BREAKDOWN_RESULTS_!000001.ptd,.ptd,1253665,d3d72e9114d746c66611d570303960f811779230595ef0b5e747122bae7e8b83,False,,,,binary,,,,,,
tables/QPM_KPI_BREAKDOWN_TYPES_!000001.ptd,tables,QPM_KPI_BREAKDOWN_TYPES_!000001.ptd,.ptd,3015,db8f113bd42668f0c6d1e50271025f6d61780e662c575e511a197cdb931f039f,False,,,,binary,,,,,,
tables/QPM_KPI_CALCULATION_RESULTS_!000001.ptd,tables,QPM_KPI_CALCULATION_RESULTS_!000001.ptd,.ptd,217672,531779cb14f916c60360cd78bd91942ff10c423c8348319bd25be3fc5eb871da,False,,,,binary,,,,,,
tables/QPM_KPI_CALCULATIONS_!000001.ptd,tables,QPM_KPI_CALCULATIONS_!000001.ptd,.ptd,236600,204c019ee1d69986590e61087c79b3d493c551629b5f5e90383e54fe526d3404,False,,,,binary,,,,,,
tables/QPM_KPI_DEN_DRILLDOWN_EXT3_!000001.ptd,tables,QPM_KPI_DEN_DRILLDOWN_EXT3_!000001.ptd,.ptd,10944,77cda7d8400e9408b94c18f2d581e664d874b17a1950c7cedb774e38fc62362b,True,latin-1,0.8875,97,text,,,,,,
tables/QPM_KPI_MILESTONE_SCOPEITEM_!000001.ptd,tables,QPM_KPI_MILESTONE_SCOPEITEM_!000001.ptd,.ptd,3416,73d2b21bd250eaeabcbda78526889d94854c589a66c32f23111eabe10f2061db,False,,,,binary,,,,,,
tables/QPM_KPI_NUM_DRILLDOWN_EXT3_!000001.ptd,tables,QPM_KPI_NUM_DRILLDOWN_EXT3_!000001.ptd,.ptd,14516,c2bc8c0b583cb910c0229fd9ddfa5d959d7ffeeb2483b7a496cca5106bbaa928,True,latin-1,0.8692,117,text,,,,,,
tables/QPM_KPI_TYPES_!000001.ptd,tables,QPM_KPI_TYPES_!000001.ptd,.ptd,4747,76d3ef18f10148e4aea1c015c5f3719f317b9297dc7fa15ec49a6e44c07a7b7d,False,,,,binary,,,,,,
tables/QPM_KPIS_!000001.ptd,tables,QPM_KPIS_!000001.ptd,.ptd,2492,f7aae25e0eeaf62fbef42e1369799372f33f08055462c033d565d038431da36e,False,,,,binary,,,,,,
tables/QPM_MILESTONE_SCOPEITEM_!000001.ptd,tables,QPM_MILESTONE_SCOPEITEM_!000001.ptd,.ptd,946,3e892f1460f460cd9225ba913f6e8802848eef94f78cc58830b7987b118f0b0c,False,,,,binary,,,,,,
tables/QPM_MILESTONES_!000001.ptd,tables,QPM_MILESTONES_!000001.ptd,.ptd,1568,f9135a89e2b45691115c35e8da18da508a2c42a1c869bd2ff6aa41e1ba862d16,True,cp1250,0.9103,24,text,,,,,,
tables/QPM_SCOPE_ITEM_!000001.ptd,tables,QPM_SCOPE_ITEM_!000001.ptd,.ptd,320,49c374a43011dba78acbd01e767ca6af280584743472f8f5419b9bcea0f0198d,False,,,,binary,,,,,,
tables/QPM_THRESHOLD_VALUES_!000001.ptd,tables,QPM_THRESHOLD_VALUES_!000001.ptd,.ptd,1786,92648891cd13e7c5acb2b074742427d607d632745a65d9c70c11b179795ba6ed,False,,,,binary,,,,,,
tables/RBT_CUSTOMIZATION_!000001.ptd,tables,RBT_CUSTOMIZATION_!000001.ptd,.ptd,1401,ccf6a0268c7d50753ac7da9d5d76f7e03a00ef30f41d73874b6cf226eafc49c9,True,utf-8-sig,0.9573,66,text,,,,,,
tables/RBT_CUSTOMIZATION_ANSWERS_!000001.ptd,tables,RBT_CUSTOMIZATION_ANSWERS_!000001.ptd,.ptd,1062,1331fe07da42ed11b5d3139203a9885af5bcd09d26bc834118dfde7f157822d3,False,,,,binary,,,,,,
tables/RBT_CUSTOMIZATION_QUESTIONS_!000001.ptd,tables,RBT_CUSTOMIZATION_QUESTIONS_!000001.ptd,.ptd,4563,551ba77281d523c7898bfe16bf36073d94d49f8634dbb0d586307303a85c7c3c,True,cp1250,0.9378,6,text; contains_control_flow,,,,If ; For ,,
tables/RELEASE_CYCLES_!000001.ptd,tables,RELEASE_CYCLES_!000001.ptd,.ptd,2646,f93b2c459216b82764c39f6b747a233eda1ca93e391d14050acc246148b9b04b,True,cp1250,0.8555,19,text,,,,,,
tables/RELEASE_FOLDERS_!000001.ptd,tables,RELEASE_FOLDERS_!000001.ptd,.ptd,98,cd1058e1c13bfd7f1876e6ab0f403ac7b9a05815601371635b17bb9283f737aa,False,,,,binary,,,,,,
tables/RELEASES_!000001.ptd,tables,RELEASES_!000001.ptd,.ptd,502,304db9c61d3dd5ddc88c92936df8cfdb3044b8c1a9026de01eef9795f821f1a1,True,cp1250,0.8606,11,text,,,,,,
tables/REPORT_PROJECT_TEMPLATES_!000001.ptd,tables,REPORT_PROJECT_TEMPLATES_!000001.ptd,.ptd,20088,e07099c1957e62aff8137c3de9ddd64cb19b2a749dfe292e2e8777bd475e6322,True,utf-16,0.8522,3,text,,,,,,
tables/REPORT_TO_RPT_LINKS_!000001.ptd,tables,REPORT_TO_RPT_LINKS_!000001.ptd,.ptd,23313,e02a1250f5664570813ed7fcd358b744e1701936f6fe0942d3aa725e6d204775,False,,,,binary,,,,,,
tables/REPORT_USER_TEMPLATES_!000001.ptd,tables,REPORT_USER_TEMPLATES_!000001.ptd,.ptd,895,7cdf2513d1586fb89b37c4b65c399122001e306ebe6ba0ef31dd7b77dba27f11,True,cp1250,0.8838,1,text,,,,,,
tables/REQ_!000001.ptd,tables,REQ_!000001.ptd,.ptd,345068,4aa321680387fec2922824696125eb3cf29409c8472c54fc25d84f27a526bc2f,True,latin-1,0.8653,7942,text; contains_control_flow; contains_function_or_sub,,,,If ; Then; For ,Sub ,
tables/REQ_COVER_!000001.ptd,tables,REQ_COVER_!000001.ptd,.ptd,33313,d08b8c6c09e431bca4fbbb52a927d7013c09e631e762e64c2ab0ab0ed5d15845,False,,,,binary,,,,,,
tables/REQ_CYCLES_!000001.ptd,tables,REQ_CYCLES_!000001.ptd,.ptd,6255,375eebff4ef704b211b4e93f781aef4d592f335530d91ed5e1e7ef2634423226,False,,,,binary,,,,,,
tables/REQ_MULTIVALUE_!000001.ptd,tables,REQ_MULTIVALUE_!000001.ptd,.ptd,5986,e5dab5d92ea5a1751148d996726fb87d4aeada35ecbc51604034959ad83ea066,False,,,,binary,,,,,,
tables/REQ_RELEASES_!000001.ptd,tables,REQ_RELEASES_!000001.ptd,.ptd,2085,7a0effd8f537c227c2754848eed10c466af44a08abc50c9fa25a99c4192cefd1,False,,,,binary,,,,,,
tables/REQ_TRACE_!000001.ptd,tables,REQ_TRACE_!000001.ptd,.ptd,960,2c75efb8111d9ff02324e8dd1ff552d3af0e65f884b197604f8a664a91b4126c,False,,,,binary,,,,,,
tables/REQ_TYPE_!000001.ptd,tables,REQ_TYPE_!000001.ptd,.ptd,44523,f5ed5a6d14b0679986fcf0b1096ab84980a5ba59a047a106581a1d1c099678c3,True,cp1252,0.9894,76,text,,,,,,
tables/REQ_TYPE_FIELD_!000001.ptd,tables,REQ_TYPE_FIELD_!000001.ptd,.ptd,34415,8ec44f7ef7badaad8ffba969a3717b41877a7ee2a17a354bdd0fc544e08294e1,False,,,,binary,,,,,,
tables/REQ_TYPE_HIER_RULES_!000001.ptd,tables,REQ_TYPE_HIER_RULES_!000001.ptd,.ptd,210,58b4849f4fd6f888bb8f1e5de3cbf7c0f8b6eea0247128a95c653b0117204d92,False,,,,binary,,,,,,
tables/RESOURCE_FOLDERS_!000001.ptd,tables,RESOURCE_FOLDERS_!000001.ptd,.ptd,2072,9e5e8efb195c1e7cd358415a13a0b4ec67fd0ee46afa552b366986d020eb19e5,False,,,,binary,,,,,,
tables/RESOURCES_!000001.ptd,tables,RESOURCES_!000001.ptd,.ptd,14002,16af8e851f18a1c68079f01b97c5f3adbdd00de64fa2e7080288d81e3ecfb166,False,,,,binary,,,,,,
tables/RESULTS_!000001.ptd,tables,RESULTS_!000001.ptd,.ptd,3869,27894a85e3b74a22e493c67a6000093e91ef30d00d1d5a36e8acec0423db9238,False,,,,binary,,,,,,
tables/RULES_!000001.ptd,tables,RULES_!000001.ptd,.ptd,1437,a87059c857cabc5070cdbc1f8731bcbebf072408e2cb6a0ac9f095217d99e351,True,cp1250,0.8587,3,text,,,,,,
tables/RUN_!000001.ptd,tables,RUN_!000001.ptd,.ptd,53161,d06588c776770fc1eb81d93b9692a1eebb1d4e4435bf56eeb43cc7665c969925,False,,,,binary,,,,,,
tables/RUN_CRITERIA_!000001.ptd,tables,RUN_CRITERIA_!000001.ptd,.ptd,31145,2c80196c0f5c30c9c0026340b9f234f5bfb8f0cc422c9fc45aba9c5d91d2f545,False,,,,binary,,,,,,
tables/RUN_ITERATIONS_!000001.ptd,tables,RUN_ITERATIONS_!000001.ptd,.ptd,7168,20ff9429ee2866d629dbca7da913649845097dd2b08e27ebdd03f8b5913c5ec8,False,,,,binary,,,,,,
tables/SEQUENCES_!000001.ptd,tables,SEQUENCES_!000001.ptd,.ptd,4334,37f7b57772bb79ab7b4e9bbd8fc07195f9fd15dc88beef4ba34e6a44343dff5c,False,,,,binary,,,,,,
tables/SMART_REPOSITORY_LOGICAL_FILE_!000001.ptd,tables,SMART_REPOSITORY_LOGICAL_FILE_!000001.ptd,.ptd,829587,2cc1d7ef1fd0ae533a1a96148208322b3ead47edb18a278d96f4dda250bacdcd,False,,,,binary,,,,,,
tables/SMART_REPOSITORY_PHYSICAL_FILE_!000001.ptd,tables,SMART_REPOSITORY_PHYSICAL_FILE_!000001.ptd,.ptd,219972,839f4a5366bc4df6de9bc58058ff777a8c6a4de406ba5c5917e7c8a79073460c,True,latin-1,0.8804,2346,text,,,,,,
tables/STEP_!000001.ptd,tables,STEP_!000001.ptd,.ptd,912830,a1b9c9bc0fef567deaa637542073e2e8f0da7921f1e99489771a038352ef3c7e,False,,,,binary,,,,,,
tables/STEP_PARAMS_!000001.ptd,tables,STEP_PARAMS_!000001.ptd,.ptd,17427,07695937a2d4a82c605ad73c24e6b9a113e36136ced7f979ba47c6fdc1e003cc,False,,,,binary,,,,,,
tables/SYSTEM_FIELD_!000001.ptd,tables,SYSTEM_FIELD_!000001.ptd,.ptd,556163,b6c8409da6f545779b4a3432361358b0fc58e2d909a53a49dcc89eb8707c2ac6,False,,,,binary,,,,,,
tables/TABLES_!000001.ptd,tables,TABLES_!000001.ptd,.ptd,18165,8394270a8939ef9859f1a5a380c072f11c14f9bb64c3204e44b8dc3b4fe1d121,False,,,,binary,,,,,,
tables/TASK_LOG_TYPE_!000001.ptd,tables,TASK_LOG_TYPE_!000001.ptd,.ptd,46,935ca6c151dafe7da28c9c115c3179d8e5cf737f4228a6b13745d3450e5ab821,False,,,,binary,,,,,,
tables/TASK_STATE_!000001.ptd,tables,TASK_STATE_!000001.ptd,.ptd,143,d46fbee393dcc570d5775e3184b9235e405246784d05a47627c73ef57e02d4bf,False,,,,binary,,,,,,
tables/TEST_!000001.ptd,tables,TEST_!000001.ptd,.ptd,140163,b80bb51fcce0494dfb6597f7ba67391aa8049ce3635f8edd0b1a64b9a52c6891,False,,,,binary,,,,,,
tables/TEST_CONFIGS_!000001.ptd,tables,TEST_CONFIGS_!000001.ptd,.ptd,20148,ac9e1824d515f39a3ef9cd21815823811c83113660028463d247460923b876b8,False,,,,binary,,,,,,
tables/TEST_CRITERIA_!000001.ptd,tables,TEST_CRITERIA_!000001.ptd,.ptd,20184,f9e3c26ad853cc8c734e7751b3879c1c1f1dda5c3f4db2a94ea3bbe81494a9db,False,,,,binary,,,,,,
tables/TEST_PARAMS_!000001.ptd,tables,TEST_PARAMS_!000001.ptd,.ptd,8334,c878766fb3860cdc04fa9bd346d968188e1b7e07910480589f4fd883f57f471e,False,,,,binary,,,,,,
tables/TESTCYCL_!000001.ptd,tables,TESTCYCL_!000001.ptd,.ptd,43490,53d63aa5ce82b754d70b33657bcabaf2e395f67e0a752d9c8b616062e034e016,False,,,,binary,,,,,,
tables/TO_ALERT_!000001.ptd,tables,TO_ALERT_!000001.ptd,.ptd,2299,0f36fc08e70c10d2fe74847f9e0cf2c5830781ba243ca2268a2c71b6319b9508,True,cp1250,0.9786,107,text,,,,,,
tables/TOKENS_!000001.ptd,tables,TOKENS_!000001.ptd,.ptd,7229,682017cc7ae4edb3ddf05560b1846fcfc47057c8197d3606fc62e3fb354347eb,False,,,,binary,,,,,,
tables/TRAN_RULES_!000001.ptd,tables,TRAN_RULES_!000001.ptd,.ptd,2286,d1324b84f91548abde46ab325290efb454ed02037859c24be0771cda1d2eac02,True,utf-16-be,0.9003,1,text,,,,,,
tables/USER_ASSETS_!000001.ptd,tables,USER_ASSETS_!000001.ptd,.ptd,11649,3d84f51a3dee97d56176a725835c8ba536fd035c6ff9a9ebefc96325bc72bce8,False,,,,binary,,,,,,
tables/USER_SETTINGS_!000001.ptd,tables,USER_SETTINGS_!000001.ptd,.ptd,6649,ac0bd5f6c539c5955357572f8bea4f6b9acadf12e66f982c701d4b6a90675515,True,cp1250,0.9027,5,text,,,,,,
tables/USERS_!000001.ptd,tables,USERS_!000001.ptd,.ptd,455,3fc1b624309c65eba5027c7b7c243276225a75ed8caa1dbb28b97d1a488770dd,False,,,,binary,,,,,,
tables/VC_CROS_REF_!000001.ptd,tables,VC_CROS_REF_!000001.ptd,.ptd,75,9c1ba7528fd88522de690764c88fb1c64d03808d09db7a9bdd790d9828a3b92f,False,,,,binary,,,,,,
tables/VC_DESSTEPS_!000001.ptd,tables,VC_DESSTEPS_!000001.ptd,.ptd,9953,63e5176bffb16b7dae76a2a85c0acd1daa8c2e89c9351cd591b4fba5d2d6a698,True,cp1250,0.8657,96,text; contains_control_flow,,,,Then; For ; Next; Do ; While ,,
tables/VC_STEP_PARAMS_!000001.ptd,tables,VC_STEP_PARAMS_!000001.ptd,.ptd,399,a5ad729103ec350f0cd34d3f304917d9160d3cdbd288e9dac8da5f2ba2cf9f2c,False,,,,binary,,,,,,
tables/VC_TEST_!000001.ptd,tables,VC_TEST_!000001.ptd,.ptd,1615,9d36c3e4fbf0b5b0b680e9a0e39d93cf63e54d8c9d99a04792a596fd93fa5fe9,True,cp1250,0.8805,5,text; contains_control_flow,,,,For ,,
tables/VC_TEST_CONFIGS_!000001.ptd,tables,VC_TEST_CONFIGS_!000001.ptd,.ptd,260,82e369ba0d74cc0790a2425cdc2d5068fe19b51f89507d8c069779b38cf57fc7,False,,,,binary,,,,,,
tables/VC_TEST_CRITERIA_!000001.ptd,tables,VC_TEST_CRITERIA_!000001.ptd,.ptd,173,8fbf2aec521875f33e82679aa0a12d3b7b250dd2591c508ce5365195c36e280b,False,,,,binary,,,,,,
tables/VC_TEST_PARAMS_!000001.ptd,tables,VC_TEST_PARAMS_!000001.ptd,.ptd,198,422384bde4773027c134dad019971bb8af1f0546f4d492dfcda1175efe2347e9,False,,,,binary,,,,,,
