relative_path,parent_directory,name,suffix,size_bytes,sha256,is_text,detected_encoding,printable_ratio,line_count,categories,uft_markers,object_reference_markers,parameter_markers,control_flow_markers,function_or_sub_markers,error;;;;;;;;;;;;;;;;;;;;;;
db_xmlmap.xml,.,db_xmlmap.xml,.xml,425215,c249c594ad8aed1a6921ce2632b5293f9b747178a186bbba8f2061deecccfea3,True,utf-8-sig,1.0000,7021,text; known_text_extension; contains_control_flow; xml_candidate,,,,For ; Next,,;;;;;;;;;;;;;;;;;;
dbid.xml,.,dbid.xml,.xml,1262,7596201abebb8e6b98abc9d61c2c71cd9d0ac92195ba2270576dff212d84d0bc,True,utf-8-sig,1.0000,26,text; known_text_extension; contains_control_flow; xml_candidate,,,,Then,,;;;;;;;;;;;;;;;;;;;
ProjRep/000/000/000/000/001,ProjRep/000/000/000/000,001,,0,e3b0c44298fc1c149afbf4c8996fb92427ae41e4649b934ca495991b7852b855,True,utf-8-sig,1.0000,,text,,,,,,;;;;;;;;;;;;;;;;;;;;;;
ProjRep/000/000/000/001/005,ProjRep/000/000/000/001,005,,343,2983635c150307280a2e9646b4fc744aa2a4ef0d55bed59f7439cdba1db03204,True,utf-8-sig,1.0000,15,text; contains_function_or_sub,,,,,Function ; End Function,;;;;;;;;;;;;;;;;;;;;
ProjRep/000/000/000/001/006,ProjRep/000/000/000/001,006,,18896,df6d26161c58acf0497a465ea58f21ea6de29d1ed9c97ffea312aeb247bce6ca,False,,,,binary,,,,,,;;;;;;;;;;;;;;;;;;;;;;
ProjRep/000/000/000/001/007,ProjRep/000/000/000/001,007,,18737,22f21df23d1ae6feeb17689756bccb1e6eb80aeeda622957d44a6e4334f3b938,False,,,,binary,,,,,,;;;;;;;;;;;;;;;;;;;;;;
ProjRep/000/000/000/001/008,ProjRep/000/000/000/001,008,,18699,892c1ee2e739d2546177921141ed5f55fb802596c25f2541dabfbb8271503d5f,False,,,,binary,,,,,,;;;;;;;;;;;;;;;;;;;;;;
ProjRep/000/000/000/001/009,ProjRep/000/000/000/001,009,,18703,deaace9d57962212fb0f91c8c592cb31619b42d71287fdfbbb2129e5919a99df,False,,,,binary,,,,,,;;;;;;;;;;;;;;;;;;;;;;
ProjRep/000/000/000/001/010,ProjRep/000/000/000/001,010,,20049,63675da6b0b105e2764f032f35191564cf0e51e39ddba65cabe01c5fcad78394,False,,,,binary,,,,,,;;;;;;;;;;;;;;;;;;;;;;
ProjRep/000/000/000/001/011,ProjRep/000/000/000/001,011,,18827,8c4681e4fa35d3279e2a2120d23be2c041cb1d6e2181095049fef9f30ef2927f,False,,,,binary,,,,,,;;;;;;;;;;;;;;;;;;;;;;
ProjRep/000/000/000/001/012,ProjRep/000/000/000/001,012,,18645,0bc975166b8d1c8d7ca411ccf6d10247cfbd5fc5cc5e2c591092cea8f04413e6,False,,,,binary,,,,,,;;;;;;;;;;;;;;;;;;;;;;
ProjRep/000/000/000/001/013,ProjRep/000/000/000/001,013,,18469,2b3dc4a3a98e12b58e00ed2abc4efd7f3cc5f93acce9e774e888101046f9f329,False,,,,binary,,,,,,;;;;;;;;;;;;;;;;;;;;;;
ProjRep/000/000/000/001/014,ProjRep/000/000/000/001,014,,18545,fa107652dced303c727b416b49168cf4d10acf4f8d83cde85a9a86ee5326fb50,False,,,,binary,,,,,,;;;;;;;;;;;;;;;;;;;;;;
ProjRep/000/000/000/001/015,ProjRep/000/000/000/001,015,,20901,c1c0c9e60730df87e9fd8671e9f5a2408a94ac06474cce5367a4bab75181d1c8,False,,,,binary,,,,,,;;;;;;;;;;;;;;;;;;;;;;
ProjRep/000/000/000/001/016,ProjRep/000/000/000/001,016,,18921,fbec764c5f38fd023691bc9d93e45d1a95d15fee2b5c3b9c93014c43af5c2d1c,False,,,,binary,,,,,,;;;;;;;;;;;;;;;;;;;;;;
ProjRep/000/000/000/001/017,ProjRep/000/000/000/001,017,,18957,78ed75dfa4da3fa6d0c0c7da915ae3594e073f70e21e531f054575b69773c049,False,,,,binary,,,,,,;;;;;;;;;;;;;;;;;;;;;;
ProjRep/000/000/000/001/018,ProjRep/000/000/000/001,018,,18600,20cd7f302b3ff0be8d787481d24f2c62adf2875084f405b8ad3016691699c683,False,,,,binary,,,,,,;;;;;;;;;;;;;;;;;;;;;;
ProjRep/000/000/000/001/019,ProjRep/000/000/000/001,019,,18685,858a4e7dfa884dbe496624f16f95af7e0762212ee33b7a45090c94d51ee81bc5,False,,,,binary,,,,,,;;;;;;;;;;;;;;;;;;;;;;
ProjRep/000/000/000/001/020,ProjRep/000/000/000/001,020,,19337,99502c667cef66f7a587500766a6e96d2ff2df11282201cecc62dc6f29f983e1,False,,,,binary,,,,,,;;;;;;;;;;;;;;;;;;;;;;
ProjRep/000/000/000/001/021,ProjRep/000/000/000/001,021,,19648,f87f3d9d486f5eba7d85324ca213f94eaac15d9dc871673c54c06cf9ff331124,False,,,,binary,,,,,,;;;;;;;;;;;;;;;;;;;;;;
ProjRep/000/000/000/001/022,ProjRep/000/000/000/001,022,,18517,08f2daa5455b93c991c7dc681f3f80725b3d1d4e7bbbaf84a1b99fdddfa5b5bf,False,,,,binary,,,,,,;;;;;;;;;;;;;;;;;;;;;;
ProjRep/000/000/000/001/023,ProjRep/000/000/000/001,023,,19323,6262b66cc7c090c3aca0dc89f0845a6d60afbb94935f2588913a113c82f598ae,False,,,,binary,,,,,,;;;;;;;;;;;;;;;;;;;;;;
ProjRep/000/000/000/001/024,ProjRep/000/000/000/001,024,,18513,847a86059ec40c0730b9c812aed5281d90fd2352d472afafd62d3f8846412c2e,False,,,,binary,,,,,,;;;;;;;;;;;;;;;;;;;;;;
ProjRep/000/000/000/001/025,ProjRep/000/000/000/001,025,,18002,01b4406d1023e083cfa4721a5ca053a3f35f4385459087269b75a4d90272b182,False,,,,binary,,,,,,;;;;;;;;;;;;;;;;;;;;;;
ProjRep/000/000/000/001/026,ProjRep/000/000/000/001,026,,18903,3a1404e6a6cc4a03828daced837219f690241ddf01907039d8cff781f88e79f5,False,,,,binary,,,,,,;;;;;;;;;;;;;;;;;;;;;;
ProjRep/000/000/000/001/027,ProjRep/000/000/000/001,027,,18392,4bf408a297a96616ff148bfe3c9b3da96db523b6039e33451d09078f74f852d6,False,,,,binary,,,,,,;;;;;;;;;;;;;;;;;;;;;;
ProjRep/000/000/000/001/028,ProjRep/000/000/000/001,028,,17952,4c40a10e8030d82c39b993e5e288a02550cacd3de3855e9b875f4399d826e4b1,False,,,,binary,,,,,,;;;;;;;;;;;;;;;;;;;;;;
ProjRep/000/000/000/001/029,ProjRep/000/000/000/001,029,,17998,b79a87c0cac348098ffaf79651af8de3ecb53ee84478e5b574776629ce2f2f60,False,,,,binary,,,,,,;;;;;;;;;;;;;;;;;;;;;;
ProjRep/000/000/000/001/030,ProjRep/000/000/000/001,030,,19069,398e8118093aa8eaebc1bf83e38fd871145b9c7c00a3b711225a190f9ca87482,False,,,,binary,,,,,,;;;;;;;;;;;;;;;;;;;;;;
ProjRep/000/000/000/001/031,ProjRep/000/000/000/001,031,,18889,7f2eb9d8c9550d7bba41742ce38b44dca399c8d49fcadb59dc5b1a340207a839,False,,,,binary,,,,,,;;;;;;;;;;;;;;;;;;;;;;
ProjRep/000/000/000/001/032,ProjRep/000/000/000/001,032,,18920,c93a83037477dc44a60ff21ad4d765b2a3a9350e26604ce10974208734652fc0,False,,,,binary,,,,,,;;;;;;;;;;;;;;;;;;;;;;
ProjRep/000/000/000/001/033,ProjRep/000/000/000/001,033,,18717,6b647e31ffec6d583c2844ce9a5d3b539d9d1b288c51dcb2bfb907f112dd82ab,False,,,,binary,,,,,,;;;;;;;;;;;;;;;;;;;;;;
ProjRep/000/000/000/001/034,ProjRep/000/000/000/001,034,,23251,1706290f99de3a3644d983f360854c253aaf1c4b67021819d2c163ab7b2c15cd,False,,,,binary,,,,,,;;;;;;;;;;;;;;;;;;;;;;
ProjRep/000/000/000/001/035,ProjRep/000/000/000/001,035,,18762,1f2362ebc7d14690d1dfc8947400d099ed1fb4c3285f35312455e11e7936e58c,False,,,,binary,,,,,,;;;;;;;;;;;;;;;;;;;;;;
ProjRep/000/000/000/001/036,ProjRep/000/000/000/001,036,,18764,a68334d7dfbd0a414e5d96dc025f2031d5820c48a67fd53d5352f0cda3bea72d,False,,,,binary,,,,,,;;;;;;;;;;;;;;;;;;;;;;
ProjRep/000/000/000/001/037,ProjRep/000/000/000/001,037,,19201,178956b0a393156c7b512a6af36fb7724059af439e6930c37d6da67158f64400,False,,,,binary,,,,,,;;;;;;;;;;;;;;;;;;;;;;
ProjRep/000/000/000/001/038,ProjRep/000/000/000/001,038,,19609,aa2b38f542736f25023eda4c31fb22f7bc2d7d7e8a56942ba36138e0e38d888f,False,,,,binary,,,,,,;;;;;;;;;;;;;;;;;;;;;;
ProjRep/000/000/000/001/039,ProjRep/000/000/000/001,039,,19264,22b31cffb3c1da04bd116a5ef43ce21949e85543139a194307bf2644272f5bf3,False,,,,binary,,,,,,;;;;;;;;;;;;;;;;;;;;;;
ProjRep/000/000/000/001/040,ProjRep/000/000/000/001,040,,19267,3f849f2df1bdffa35a7452a9edaa45e6aa2d84807b21fd13e8216b5e8070cebb,False,,,,binary,,,,,,;;;;;;;;;;;;;;;;;;;;;;
ProjRep/000/000/000/001/041,ProjRep/000/000/000/001,041,,18853,cdbd58478e03c14aefcef37a0913d5421c1f682ef0d844ce2a3b2b521b755ca6,False,,,,binary,,,,,,;;;;;;;;;;;;;;;;;;;;;;
ProjRep/000/000/000/001/042,ProjRep/000/000/000/001,042,,18836,308ced19e4f6c661cba25d53b08ab4213b158d03f87c9a6382836dcd34460da0,False,,,,binary,,,,,,;;;;;;;;;;;;;;;;;;;;;;
ProjRep/000/000/000/001/043,ProjRep/000/000/000/001,043,,18680,42dc447a721e7edea91afef47f96a9ac782f13c14757fdb0955682d145c99994,False,,,,binary,,,,,,;;;;;;;;;;;;;;;;;;;;;;
ProjRep/000/000/000/001/044,ProjRep/000/000/000/001,044,,18868,16d97bfe62954de06e2bd0cbdc8ba796f76e945a1f96ac46e295c76d5251d0e1,False,,,,binary,,,,,,;;;;;;;;;;;;;;;;;;;;;;
ProjRep/000/000/000/001/045,ProjRep/000/000/000/001,045,,18617,44801d695e0e9b6f93e1af8fe08944a9264acd8cae4ad46589f112ba8cdea7e2,False,,,,binary,,,,,,;;;;;;;;;;;;;;;;;;;;;;
ProjRep/000/000/000/001/046,ProjRep/000/000/000/001,046,,18768,1a343b0d1a8371162a83b0e18179a90eeda81b52b4e766c43e507da160862195,False,,,,binary,,,,,,;;;;;;;;;;;;;;;;;;;;;;
ProjRep/000/000/000/001/047,ProjRep/000/000/000/001,047,,20563,06fe0879c56613334b439855329242395cce50b971eb201ee1863ac0176c9982,False,,,,binary,,,,,,;;;;;;;;;;;;;;;;;;;;;;
ProjRep/000/000/000/001/048,ProjRep/000/000/000/001,048,,18903,2fd0bd3ce7dd7397fcd08fc567bb4aa8411c61537f85ed66cd872dd1629cb8b8,False,,,,binary,,,,,,;;;;;;;;;;;;;;;;;;;;;;
ProjRep/000/000/000/001/049,ProjRep/000/000/000/001,049,,19106,87ac7bdbc21cde17e7adb4f34413e0064688d5f151c9f8346366c65e9cfec0c2,False,,,,binary,,,,,,;;;;;;;;;;;;;;;;;;;;;;
ProjRep/000/000/000/001/050,ProjRep/000/000/000/001,050,,19268,3ae6ce30e2382a40813523a98d6e3143cf0ff7f69c44987c6b304a9cb8a33b65,False,,,,binary,,,,,,;;;;;;;;;;;;;;;;;;;;;;
ProjRep/000/000/000/001/051,ProjRep/000/000/000/001,051,,18653,0f836a60d23b13d6380d1c4ad4dc28e2cb6efceba7d9a1c328a1a089e006d50f,False,,,,binary,,,,,,;;;;;;;;;;;;;;;;;;;;;;
ProjRep/000/000/000/001/052,ProjRep/000/000/000/001,052,,20200,854e786bd354fba8ed08a8703d2c251a233f0187a3bf3f4bb39670a7e0f77f94,False,,,,binary,,,,,,;;;;;;;;;;;;;;;;;;;;;;
ProjRep/000/000/000/001/053,ProjRep/000/000/000/001,053,,18019,ee722a39f4c3e59d7568395ec98568ce6e55aaa29ad23d5409778e80f83fb5c3,False,,,,binary,,,,,,;;;;;;;;;;;;;;;;;;;;;;
ProjRep/000/000/000/001/054,ProjRep/000/000/000/001,054,,19475,19b5f8ba89c09e5f49de98f1a3f71af9a3cecb4627ae2a7a8ccd3ee9ef2ef01b,False,,,,binary,,,,,,;;;;;;;;;;;;;;;;;;;;;;
ProjRep/000/000/000/001/055,ProjRep/000/000/000/001,055,,18981,568777cb198a866de92db4015221bff14e118f8633f8ce8d73142092c84e974d,False,,,,binary,,,,,,;;;;;;;;;;;;;;;;;;;;;;
ProjRep/000/000/000/001/056,ProjRep/000/000/000/001,056,,18812,fab5d15eea50c159908fa1667bc731e3e0e29936ab4444220a130dac00b3a452,False,,,,binary,,,,,,;;;;;;;;;;;;;;;;;;;;;;
ProjRep/000/000/000/001/057,ProjRep/000/000/000/001,057,,19283,88dc28dce1758c78ca7b25e87b69ba69aaed795a536bb0395b9167b8bc0e04f0,False,,,,binary,,,,,,;;;;;;;;;;;;;;;;;;;;;;
ProjRep/000/000/000/001/058,ProjRep/000/000/000/001,058,,19213,d3b6649fa052cbe3f6906e6b809c259be22f9661891a7f8c8f6cf9de7e494e08,False,,,,binary,,,,,,;;;;;;;;;;;;;;;;;;;;;;
ProjRep/000/000/000/001/059,ProjRep/000/000/000/001,059,,19227,11ac6b3774808166854e188398880a2a4506a15a3d160bc2f19edef61951dfe9,False,,,,binary,,,,,,;;;;;;;;;;;;;;;;;;;;;;
ProjRep/000/000/000/001/060,ProjRep/000/000/000/001,060,,18562,2e8e775144ca68f793ef4e86ed2d3fbdcb8165de99dd8c7d4d649a6e988910e2,False,,,,binary,,,,,,;;;;;;;;;;;;;;;;;;;;;;
ProjRep/000/000/000/001/061,ProjRep/000/000/000/001,061,,18966,b7acd3d4af92418a0db8ad4501e63c29f0b446d4ca68c81046e2794a39a32d62,False,,,,binary,,,,,,;;;;;;;;;;;;;;;;;;;;;;
ProjRep/000/000/000/001/062,ProjRep/000/000/000/001,062,,19002,a5bb23817357c73a6c0b8869ac75181b64c825b163ee5e612978e99a0befa139,False,,,,binary,,,,,,;;;;;;;;;;;;;;;;;;;;;;
ProjRep/000/000/000/001/063,ProjRep/000/000/000/001,063,,18774,cd555c8460ae64ceeaade10f6ff5195b3a46ed2a559ae5a6178e24fa2e58f907,False,,,,binary,,,,,,;;;;;;;;;;;;;;;;;;;;;;
ProjRep/000/000/000/001/064,ProjRep/000/000/000/001,064,,18026,59a6bb3f13f2f8237a9d14576325a37c694f215880ea0a91eff7b9b4d2be2a32,False,,,,binary,,,,,,;;;;;;;;;;;;;;;;;;;;;;
ProjRep/000/000/000/001/065,ProjRep/000/000/000/001,065,,20018,4f5b746b937883b2db551f00af860ae2975ecdb32e64c9bfc26c0346e3e301e0,False,,,,binary,,,,,,;;;;;;;;;;;;;;;;;;;;;;
ProjRep/000/000/000/001/066,ProjRep/000/000/000/001,066,,18595,6f9f161414eecd0f72bcf87c1be626e9c4334ec2967f363daf767dbad0b2fe8e,False,,,,binary,,,,,,;;;;;;;;;;;;;;;;;;;;;;
ProjRep/000/000/000/001/067,ProjRep/000/000/000/001,067,,18653,433cafced2d33fccf758dcbb91da5f5c2980c3b4922f8f7a12a9d044b203ee91,False,,,,binary,,,,,,;;;;;;;;;;;;;;;;;;;;;;
ProjRep/000/000/000/001/068,ProjRep/000/000/000/001,068,,18804,ba052a5b1a814c4fb7af7da733c30dd3f8a21a7354342bda84a9d9de0e653c04,False,,,,binary,,,,,,;;;;;;;;;;;;;;;;;;;;;;
ProjRep/000/000/000/001/069,ProjRep/000/000/000/001,069,,18921,7604d73ed6d8c3d4da8ecb8b72373b7da80727e6f693cec7dafcf2b30cf14554,False,,,,binary,,,,,,;;;;;;;;;;;;;;;;;;;;;;
ProjRep/000/000/000/001/070,ProjRep/000/000/000/001,070,,18661,c1a15d63aec670442d01780e8aa0812eae73fcec64e43157e9eae2c376c4c4a1,False,,,,binary,,,,,,;;;;;;;;;;;;;;;;;;;;;;
ProjRep/000/000/000/001/071,ProjRep/000/000/000/001,071,,18731,c9652469981a7531f9475d571b906e7ee6503ff6a2a554ab8706e0579ebc2ac4,False,,,,binary,,,,,,;;;;;;;;;;;;;;;;;;;;;;
ProjRep/000/000/000/001/072,ProjRep/000/000/000/001,072,,19032,86397d47bcfcc15eca0ca9d3c27a4b67f043b0af013e9dbf185ed4c0af5533ad,False,,,,binary,,,,,,;;;;;;;;;;;;;;;;;;;;;;
ProjRep/000/000/000/001/073,ProjRep/000/000/000/001,073,,19114,028592b75f6293a766ee10d23c12fb92bc37047ea7da5ef7a6858fd473d0677b,False,,,,binary,,,,,,;;;;;;;;;;;;;;;;;;;;;;
ProjRep/000/000/000/001/074,ProjRep/000/000/000/001,074,,18768,15cea4b8a0cc4f1ceb204c3a51d94fa242394ea79e20e588e7358c1b69a3b741,False,,,,binary,,,,,,;;;;;;;;;;;;;;;;;;;;;;
ProjRep/000/000/000/001/075,ProjRep/000/000/000/001,075,,18692,534fc36833ce7c1ae63becff64a580434f20cd51d84c5ddc3d268251f12a1b7f,False,,,,binary,,,,,,;;;;;;;;;;;;;;;;;;;;;;
ProjRep/000/000/000/001/076,ProjRep/000/000/000/001,076,,19075,2d14227de7de1016eb044db536d1d8331323f3945fecd7f5f5bb7e17c24d29c8,False,,,,binary,,,,,,;;;;;;;;;;;;;;;;;;;;;;
ProjRep/000/000/000/001/077,ProjRep/000/000/000/001,077,,19843,670e46da55fe03f09dd9c5aa36377d4e80d4d82aa2fc442fdbf181bafa8f6163,False,,,,binary,,,,,,;;;;;;;;;;;;;;;;;;;;;;
ProjRep/000/000/000/001/080,ProjRep/000/000/000/001,080,,1238,32b21dc8587186a0805709b5fade4a2d82272883cce8f186f9188ff7545b3cdb,True,utf-8-sig,1.0000,69,text; contains_function_or_sub,,,,,Function ; End Function; Sub ; End Sub,;;;;;;;;;;;;;;;;;;
ProjRep/000/000/000/001/081,ProjRep/000/000/000/001,081,,786,defed02d183cc32e35e838b555ec9c67fce3003b0e5b576e8e6e43cdc9f142eb,True,utf-8-sig,1.0000,59,text; contains_function_or_sub,,,,,Function ; End Function; Sub ; End Sub,;;;;;;;;;;;;;;;;;;
ProjRep/000/000/000/001/082,ProjRep/000/000/000/001,082,,552,ef4c796525e2031a8f9d0e7aa0ae8f0e3d7fd70424e2b48d0d2408dabba9f27c,True,utf-8-sig,1.0000,32,text; contains_function_or_sub,,,,,Function ; End Function; Sub ; End Sub,;;;;;;;;;;;;;;;;;;
ProjRep/000/000/000/001/083,ProjRep/000/000/000/001,083,,288,ca9414e44abc6546ee0ecfb122e42f7a8071fb71aa5ac45fdb8f735ef80008f9,True,utf-8-sig,1.0000,23,text; contains_function_or_sub,,,,,Function ; End Function; Sub ; End Sub,;;;;;;;;;;;;;;;;;;
ProjRep/000/000/000/001/084,ProjRep/000/000/000/001,084,,1155,c6ada1abbe21043baab43850e3e4b4112d5829852a76bfa61ec0dd3abf6b71d9,True,utf-8-sig,1.0000,71,text; contains_control_flow; contains_function_or_sub,,,,For ,Function ; End Function; Sub ; End Sub,;;;;;;;;;;;;;;;;;
ProjRep/000/000/000/001/088,ProjRep/000/000/000/001,088,,23934,640e09c77428257beb0ea7cda360a37e732f3e958916e59f1d642a34d4fcc2d0,False,,,,binary,,,,,,;;;;;;;;;;;;;;;;;;;;;;
ProjRep/000/000/000/001/089,ProjRep/000/000/000/001,089,,18466,ff3c11cc9dd9b5e2faf3d6117ecc49f80935e804b9cb95bdd9923dc09554d1b6,False,,,,binary,,,,,,;;;;;;;;;;;;;;;;;;;;;;
ProjRep/000/000/000/001/090,ProjRep/000/000/000/001,090,,18731,81f24f1187322f56ca2f0f6df8f0dd52945aeaaf5f96981e84c704659ff045f1,False,,,,binary,,,,,,;;;;;;;;;;;;;;;;;;;;;;
ProjRep/000/000/000/001/091,ProjRep/000/000/000/001,091,,9761,887d17913a70998294b4494c064244e1ece46230ae2330e22f7dd92b22e3c555,False,,,,binary,,,,,,;;;;;;;;;;;;;;;;;;;;;;
ProjRep/000/000/000/001/092,ProjRep/000/000/000/001,092,,21766,de1137f95379d01aa2a2cc58d0ce47431a556568b0cedf22506d5270ab409395,False,,,,binary,,,,,,;;;;;;;;;;;;;;;;;;;;;;
ProjRep/000/000/000/001/093,ProjRep/000/000/000/001,093,,22248,5dedd354e3b6b2a045129be60e34d6ec4e743395c844fbeb5d4a03772b93014f,False,,,,binary,,,,,,;;;;;;;;;;;;;;;;;;;;;;
ProjRep/000/000/000/001/094,ProjRep/000/000/000/001,094,,23364,39aabfce251869eb417037c38e2d6f99e1fc0ff1e062c3795ed29e66837ecad4,False,,,,binary,,,,,,;;;;;;;;;;;;;;;;;;;;;;
ProjRep/000/000/000/001/095,ProjRep/000/000/000/001,095,,18432,b076cbc5d0eaffce5dc6aa42d3f0e7dc7977a484607aa72bb789f2421db8d68e,False,,,,binary,,,,,,;;;;;;;;;;;;;;;;;;;;;;
ProjRep/000/000/000/001/096,ProjRep/000/000/000/001,096,,109337,9e3413d68f350546d4f028590bdc477399db04e1db3b414b6164cbfc55d33e68,True,cp1250,1.0000,2,text; contains_control_flow; contains_function_or_sub; xml_candidate,,,,For ,Function ,;;;;;;;;;;;;;;;;;;;
ProjRep/000/000/000/001/097,ProjRep/000/000/000/001,097,,83998,86395c8744de17335634d7ef312a14dee31b182137fbb62098e092feffadefb1,False,,,,binary,,,,,,;;;;;;;;;;;;;;;;;;;;;;
ProjRep/000/000/000/001/146,ProjRep/000/000/000/001,146,,15059,b15272e02423445f1ae1121a309bd4689d6787a03bdc28232029d0c885994b88,False,,,,binary,,,,,,;;;;;;;;;;;;;;;;;;;;;;
ProjRep/000/000/000/001/157,ProjRep/000/000/000/001,157,,13491,4849fbd27e0c73d7d897ea5e6f23a302bdf2a4165e0abe018dad223ee434f561,False,,,,binary,,,,,,;;;;;;;;;;;;;;;;;;;;;;
ProjRep/000/000/000/001/177,ProjRep/000/000/000/001,177,,13347,9ec09b9b8d67b8d17c5ccce01048f807e7382fd2d253a672db613e6daedcb12d,False,,,,binary,,,,,,;;;;;;;;;;;;;;;;;;;;;;
ProjRep/000/000/000/001/178,ProjRep/000/000/000/001,178,,27975,0fe59086e5e71358bcee07fb0c8106a431f35e7c35b8284cb817b10b53a82e88,False,,,,binary,,,,,,;;;;;;;;;;;;;;;;;;;;;;
ProjRep/000/000/000/001/179,ProjRep/000/000/000/001,179,,15093,d74505c0f3e31aac1fac1cffaac868d9ee8c81ad9f491e7db73e3b4402bba4bc,False,,,,binary,,,,,,;;;;;;;;;;;;;;;;;;;;;;
ProjRep/000/000/000/001/180,ProjRep/000/000/000/001,180,,13511,52775399bfb37d19be4f9409e281ada5d8c5d4a409e57c3497e2da2c10505545,False,,,,binary,,,,,,;;;;;;;;;;;;;;;;;;;;;;
ProjRep/000/000/000/001/181,ProjRep/000/000/000/001,181,,16414,840cdad9e3cfa8e6d16bbbf084235ff51603cbaf6156a4884e6c155db80fe1cf,False,,,,binary,,,,,,;;;;;;;;;;;;;;;;;;;;;;
ProjRep/000/000/000/001/182,ProjRep/000/000/000/001,182,,13480,4696f529218c47e0601882e9a62f4b47fab7d8ca08c980e1659766b7c8558903,False,,,,binary,,,,,,;;;;;;;;;;;;;;;;;;;;;;
ProjRep/000/000/000/001/183,ProjRep/000/000/000/001,183,,12966,211e71514e0bf317cb9109f57bdf473493308ebf28c4db3e2e77364a2e9ab9e1,False,,,,binary,,,,,,;;;;;;;;;;;;;;;;;;;;;;
ProjRep/000/000/000/001/184,ProjRep/000/000/000/001,184,,13817,8ea270cec74ca50f8b184086bb84dca437bd0dccc5284a37ddc50d090ace3347,False,,,,binary,,,,,,;;;;;;;;;;;;;;;;;;;;;;
ProjRep/000/000/000/001/185,ProjRep/000/000/000/001,185,,14984,58ada18d17a39e1c8a0ee2a886873d8612ecba39a5119cdf95e54799c51af80c,False,,,,binary,,,,,,;;;;;;;;;;;;;;;;;;;;;;
ProjRep/000/000/000/001/186,ProjRep/000/000/000/001,186,,13618,a0e1191c74cc1a8e0173d1af8d2a1730cdb7408542959a3a6388b8fdc9ea1c0d,False,,,,binary,,,,,,;;;;;;;;;;;;;;;;;;;;;;
ProjRep/000/000/000/001/187,ProjRep/000/000/000/001,187,,13551,cb97088b2d2a1fe26728e948c0805492246888657006cd92d70c37c3dbce7ff2,False,,,,binary,,,,,,;;;;;;;;;;;;;;;;;;;;;;
ProjRep/000/000/000/001/188,ProjRep/000/000/000/001,188,,13512,304ecce0759e5c9bd4ca385b8bfeda953de7dd52c7cd6a4d07e1f9e78e3b3f3c,False,,,,binary,,,,,,;;;;;;;;;;;;;;;;;;;;;;
ProjRep/000/000/000/001/189,ProjRep/000/000/000/001,189,,15391,0ec38e9f5a609514b1185b6991d39900401eb06208e42676480431ee95b7295d,False,,,,binary,,,,,,;;;;;;;;;;;;;;;;;;;;;;
ProjRep/000/000/000/001/190,ProjRep/000/000/000/001,190,,14023,3704a5dd550b209b5b68b47e6cf9306948a132b476f1a9b00bdb7d80f24c0eb3,False,,,,binary,,,,,,;;;;;;;;;;;;;;;;;;;;;;
ProjRep/000/000/000/001/191,ProjRep/000/000/000/001,191,,13822,11e707e244af0a74fa07b6e3b846168a4f344751aebd4ecfa9cd9f81d5e6e11a,False,,,,binary,,,,,,;;;;;;;;;;;;;;;;;;;;;;
ProjRep/000/000/000/001/192,ProjRep/000/000/000/001,192,,13377,5fa16218d71064a03a3f6090cee0968f18467dd93d022a82cdd2fdecdcfe50ec,False,,,,binary,,,,,,;;;;;;;;;;;;;;;;;;;;;;
ProjRep/000/000/000/001/193,ProjRep/000/000/000/001,193,,15540,3bdbec92c5daa7fe649042e0797d8838eec55ddee43a04ab6740d690cfac27ac,False,,,,binary,,,,,,;;;;;;;;;;;;;;;;;;;;;;
ProjRep/000/000/000/001/194,ProjRep/000/000/000/001,194,,13530,e5ebeded9f2be664ce8fd00ad14ac02b0b89c03b079ae9e61bae6f9acf743c56,False,,,,binary,,,,,,;;;;;;;;;;;;;;;;;;;;;;
ProjRep/000/000/000/001/195,ProjRep/000/000/000/001,195,,14104,7d9dd814afc32165b00ffe55586c6994fac9cf599d9d4b2262a637f1eae84d03,False,,,,binary,,,,,,;;;;;;;;;;;;;;;;;;;;;;
ProjRep/000/000/000/001/196,ProjRep/000/000/000/001,196,,13211,0fa408d2e10d427d3e1095631e7d234063fcacc64df3c6f4b31580a083746983,False,,,,binary,,,,,,;;;;;;;;;;;;;;;;;;;;;;
ProjRep/000/000/000/001/197,ProjRep/000/000/000/001,197,,16295,9268a6af6d1299cd8aeb432668422d1d792973efba65ab9714921fb5197ce2ad,False,,,,binary,,,,,,;;;;;;;;;;;;;;;;;;;;;;
ProjRep/000/000/000/001/198,ProjRep/000/000/000/001,198,,13646,78cbfa5e70ffb2c04d14fa8180de61a5e0d95c5db82812a71007c4f54d900bdf,False,,,,binary,,,,,,;;;;;;;;;;;;;;;;;;;;;;
ProjRep/000/000/000/001/199,ProjRep/000/000/000/001,199,,12868,4f7987e5b4fe360a02260c237b66b943800d36ba91734ef5e9d492f136e36fb3,False,,,,binary,,,,,,;;;;;;;;;;;;;;;;;;;;;;
ProjRep/000/000/000/001/200,ProjRep/000/000/000/001,200,,17270,cc4ab41f468cf6277076e69a5ed86af5ff12d0eae9f93e50b364409bcb0fae55,False,,,,binary,,,,,,;;;;;;;;;;;;;;;;;;;;;;
ProjRep/000/000/000/001/201,ProjRep/000/000/000/001,201,,14097,46ff2a20857344b453435f2dc6f1a0ccc56ebeac08769d3ebe5e4f5a075eeb08,False,,,,binary,,,,,,;;;;;;;;;;;;;;;;;;;;;;
ProjRep/000/000/000/001/202,ProjRep/000/000/000/001,202,,13679,cfa2a6e8760e3ecb4b4b59c67d15d355335f221c315f7b7d7243ec7dcae8bf6c,False,,,,binary,,,,,,;;;;;;;;;;;;;;;;;;;;;;
ProjRep/000/000/000/001/203,ProjRep/000/000/000/001,203,,17438,1f9fd94210dc8bc09e4f6a83cdb8b1588ce7145f16c0d8d0991634ed1052fbc7,False,,,,binary,,,,,,;;;;;;;;;;;;;;;;;;;;;;
ProjRep/000/000/000/001/204,ProjRep/000/000/000/001,204,,14189,9a9f2a8d4acb1075f3b6ca695f963037822b9b1ce77ea0cae51d76ea2fea95a9,False,,,,binary,,,,,,;;;;;;;;;;;;;;;;;;;;;;
ProjRep/000/000/000/001/205,ProjRep/000/000/000/001,205,,26413,98d9354a442e6e47571e7fc1640af632357a94904629b114b7b35977c78c382e,False,,,,binary,,,,,,;;;;;;;;;;;;;;;;;;;;;;
ProjRep/000/000/000/001/206,ProjRep/000/000/000/001,206,,26432,932c725c32a61cb98acfcef37ac8778254795cb4c5ac7a852f269bbb3a7cdf2b,False,,,,binary,,,,,,;;;;;;;;;;;;;;;;;;;;;;
ProjRep/000/000/000/001/207,ProjRep/000/000/000/001,207,,12966,40574a1f349d14f6752549073073c74be8beaded631674635b8beff3498dbe7a,False,,,,binary,,,,,,;;;;;;;;;;;;;;;;;;;;;;
ProjRep/000/000/000/001/208,ProjRep/000/000/000/001,208,,14486,bf1e0829d3172b4863b4124121526695f245ee1424ed97a7c9cfd76c4807e8db,False,,,,binary,,,,,,;;;;;;;;;;;;;;;;;;;;;;
ProjRep/000/000/000/001/209,ProjRep/000/000/000/001,209,,13654,b12a42f320cd8a321d2c8519d79d0108cd0d2f0fdf5815867d9d81b2d6730646,False,,,,binary,,,,,,;;;;;;;;;;;;;;;;;;;;;;
ProjRep/000/000/000/001/210,ProjRep/000/000/000/001,210,,13592,a6931238a4701cebb01b1588891cd3d45540eb2f450501b2aed8bdc14274dfa1,False,,,,binary,,,,,,;;;;;;;;;;;;;;;;;;;;;;
ProjRep/000/000/000/001/213,ProjRep/000/000/000/001,213,,13646,2e6e05b376c8faa6c1e0aba94818afd9566f1ea0b5ce65efe57c0c50ba11b405,False,,,,binary,,,,,,;;;;;;;;;;;;;;;;;;;;;;
ProjRep/000/000/000/001/215,ProjRep/000/000/000/001,215,,13720,4a2a9ca100498422d0debd01b5c2420989ee664be3918cfe4184ccd334bf7a52,False,,,,binary,,,,,,;;;;;;;;;;;;;;;;;;;;;;
ProjRep/000/000/000/001/216,ProjRep/000/000/000/001,216,,13720,e40870384923d3b72f183b87362d872e1c0356cbba5aafc805f7e865b159232d,False,,,,binary,,,,,,;;;;;;;;;;;;;;;;;;;;;;
ProjRep/000/000/000/001/217,ProjRep/000/000/000/001,217,,13665,5ac38c2c1fde09240ee04030863486dac797b4c332104e1223821df46d67d123,False,,,,binary,,,,,,;;;;;;;;;;;;;;;;;;;;;;
ProjRep/000/000/000/001/219,ProjRep/000/000/000/001,219,,13679,755ee477c2ebf2aea6e4a3d2e7fa20b2971011a1b66adc87888d8b0da2af9eef,False,,,,binary,,,,,,;;;;;;;;;;;;;;;;;;;;;;
ProjRep/000/000/000/001/220,ProjRep/000/000/000/001,220,,13679,9c2974df3fc06c0fb11fce8e357ea5da02c7b5d8aac849d0749013aee9f0cf1d,False,,,,binary,,,,,,;;;;;;;;;;;;;;;;;;;;;;
ProjRep/000/000/000/001/227,ProjRep/000/000/000/001,227,,16435,04a741962695735a8a7916db17958a19206f967c6fb3fb5cfe571ab0996f7d83,False,,,,binary,,,,,,;;;;;;;;;;;;;;;;;;;;;;
ProjRep/000/000/000/001/228,ProjRep/000/000/000/001,228,,14142,7353784a2abb064fe419ca76541bd7cdfacecd29caadd63583002d98bf87e6b8,False,,,,binary,,,,,,;;;;;;;;;;;;;;;;;;;;;;
ProjRep/000/000/000/001/229,ProjRep/000/000/000/001,229,,15509,696455e570a5a240c896bd881ef0bf9bc5ade08f69e14035e64f8f04369a919c,False,,,,binary,,,,,,;;;;;;;;;;;;;;;;;;;;;;
ProjRep/000/000/000/001/230,ProjRep/000/000/000/001,230,,13949,9e3ad737f6979d3f946a9872276c4c0255b95e01c150edab59699630070a7579,False,,,,binary,,,,,,;;;;;;;;;;;;;;;;;;;;;;
ProjRep/000/000/000/001/234,ProjRep/000/000/000/001,234,,145764,cc8114c8918559e5f30e4e9cfbcc59e1091eb717e62d3e80ce64acac7cd15be7,True,cp1250,1.0000,3817,text; contains_parameter_references; contains_control_flow; contains_function_or_sub,,,Environment(,If ; Then; Else; End If; For ; Next; While ; Wend; Select Case; End Select,Function ; End Function; Sub ; End Sub,;;;;;;;
ProjRep/000/000/000/001/235,ProjRep/000/000/000/001,235,,273,9e8932fa0249b733b39669b3251693b0b36873bf2943ff937219c13d91dee737,True,utf-8-sig,1.0000,14,text; contains_control_flow; contains_function_or_sub,,,,Next,Sub ; End Sub,;;;;;;;;;;;;;;;;;;;
ProjRep/000/000/000/001/236,ProjRep/000/000/000/001,236,,112419,86735e7bcb4ea55d6637c67f88a2181b44d62f5fe625091fb8bc979c2b45f9cd,True,cp1250,1.0000,2590,text; contains_control_flow; contains_function_or_sub,,,,If ; Then; Else; End If; For ; Next; Loop; While ; Wend; Select Case; End Select,Function ; End Function; Sub ; End Sub,;;;;;;;
ProjRep/000/000/000/001/237,ProjRep/000/000/000/001,237,,600,01d83f5de2661f5ed5ade5e588310c91903d348cc02157b7868bd67cf4d63a53,True,utf-8-sig,1.0000,32,text,,,,,,;;;;;;;;;;;;;;;;;;;;;;
ProjRep/000/000/000/001/238,ProjRep/000/000/000/001,238,,13961,547205f1d737b396eb8442b2734ddfb44e1622f9a0dfafc16516e06f79fb3c60,True,cp1250,1.0000,398,text; contains_control_flow; contains_function_or_sub,,,,If ; Then; Else; End If; For ; Next,Function ; End Function; Sub ; End Sub,;;;;;;;;;;;;
ProjRep/000/000/000/001/239,ProjRep/000/000/000/001,239,,899,915ec7cd0375759368066eaa1dab16910b066b976f8cecf88707f0d8535ec019,True,utf-8-sig,1.0000,34,text; contains_control_flow; contains_function_or_sub,,,,Next,Function ; End Function; Sub ; End Sub,;;;;;;;;;;;;;;;;;
ProjRep/000/000/000/001/240,ProjRep/000/000/000/001,240,,23813,2dba817688b03d4d5632a810850dd52badb7203e100edd7ebd2726c68b06a089,True,cp1250,1.0000,703,text; contains_control_flow; contains_function_or_sub,,,,If ; Then; Else; End If; For ; Next; Select Case; End Select,Function ; End Function; Sub ; End Sub,;;;;;;;;;;
ProjRep/000/000/000/001/241,ProjRep/000/000/000/001,241,,1576,e4e3d18db1b0dee2045975b251ba2fad3696c12aa94b901742133e3d7100ae7e,True,cp1250,1.0000,63,text; contains_control_flow; contains_function_or_sub,,,,If ; Then; Else; End If; Next,Function ; End Function; Sub ; End Sub,;;;;;;;;;;;;;
ProjRep/000/000/000/001/242,ProjRep/000/000/000/001,242,,69521,3d604e86c6404d38c6313e53d2402236894248e9c0fc2adb762f0e8b717f421e,True,cp1250,1.0000,1823,text; contains_control_flow; contains_function_or_sub,,,,If ; Then; Else; End If; For ; Next; Do ; While ; Wend; Select Case; End Select,Function ; End Function; Sub ; End Sub,;;;;;;;
ProjRep/000/000/000/001/243,ProjRep/000/000/000/001,243,,12775,452cd28fcaf13864030cf10963454f869317e551603cb0943046c8fcb92e34bc,True,cp1250,1.0000,378,text; contains_control_flow; contains_function_or_sub,,,,If ; Then; Else; End If; For ; Next; Wend,Function ; End Function; Sub ; End Sub,;;;;;;;;;;;
ProjRep/000/000/000/001/245,ProjRep/000/000/000/001,245,,534,cd1043f9e2bb6fcb41d2dd950c28dd7456d42b8d51df3333efd5cd69d9e0a353,True,cp1250,1.0000,25,text; contains_control_flow; contains_function_or_sub,,,,Next,Function ; End Function; Sub ; End Sub,;;;;;;;;;;;;;;;;;
ProjRep/000/000/000/001/246,ProjRep/000/000/000/001,246,,914,57d4b80b979d70db87f64ee198f6e99a7539c51d55ea3dd811fc56b34e74648f,True,utf-8-sig,1.0000,58,text; contains_control_flow; contains_function_or_sub,,,,Next,Function ; End Function; Sub ; End Sub,;;;;;;;;;;;;;;;;;
ProjRep/000/000/000/001/248,ProjRep/000/000/000/001,248,,19,8167c8061102a1cbc0c3474f95e2e9b7870095173c4b68cbe5bd76d9e0a21360,True,utf-8-sig,1.0000,2,text,,,,,,;;;;;;;;;;;;;;;;;;;;;;
ProjRep/000/000/000/001/249,ProjRep/000/000/000/001,249,,2,7eb70257593da06f682a3ddda54a9d260d4fc514f645237f5ca74b08f8da61a6,True,utf-8-sig,1.0000,1,text,,,,,,;;;;;;;;;;;;;;;;;;;;;;
ProjRep/000/000/000/001/250,ProjRep/000/000/000/001,250,,931,969d83432fb2ab798aaab671292b8eb545052c5dc9aa6e1cb620854b32067adf,True,cp1250,1.0000,52,text; contains_control_flow; contains_function_or_sub,,,,Next,Function ; End Function; Sub ; End Sub,;;;;;;;;;;;;;;;;;
ProjRep/000/000/000/001/251,ProjRep/000/000/000/001,251,,741,aae52e6def1bd83338fcb7f194fb99afb37a4a2e3dc80d3866f1f41bf5092532,True,utf-8-sig,1.0000,47,text; contains_control_flow; contains_function_or_sub,,,,Next,Function ; End Function; Sub ; End Sub,;;;;;;;;;;;;;;;;;
ProjRep/000/000/000/001/252,ProjRep/000/000/000/001,252,,674,34a3926f1676543347fc168cd423e3e6c4c4247321d09408abe8e9e26fd21f06,True,utf-8-sig,1.0000,37,text; contains_control_flow; contains_function_or_sub,,,,Next,Function ; End Function; Sub ; End Sub,;;;;;;;;;;;;;;;;;
ProjRep/000/000/000/001/301,ProjRep/000/000/000/001,301,,37024,0adcb0f9dbfdb836616cd3e3040e35f624435908f2c4d71163ec41cbd886d440,False,,,,binary,,,,,,;;;;;;;;;;;;;;;;;;;;;;
ProjRep/000/000/000/001/302,ProjRep/000/000/000/001,302,,14974,c6268ca7cd17d6650c40ec5c6898d62dac5771ec42279c78fc13971d514e5b8e,True,utf-16,1.0000,218,text; uft_script_candidate; contains_control_flow; contains_function_or_sub,Option Explicit; Reporter.ReportEvent,,,If ; Then; Else; End If; For ; Next; Wend,Function ; End Function; Sub ; End Sub,;;;;;;;;;
ProjRep/000/000/000/001/303,ProjRep/000/000/000/001,303,,3782,a12d8ba248e413a6ef9d114c15116c8467f1c1bb6a0430224f86f2e5e3f137a2,True,utf-8-sig,1.0000,67,text; uft_script_candidate; contains_control_flow; contains_function_or_sub,Option Explicit,,,Then; For ; Do ,Function ,;;;;;;;;;;;;;;;;;
ProjRep/000/000/000/001/304,ProjRep/000/000/000/001,304,,17739,5490215e2b2fdf6ee1ba08fabe45b108199b34760dc24ac72f45c7571ccfe7bc,True,utf-8-sig,1.0000,379,text; uft_script_candidate; contains_control_flow; contains_function_or_sub,Option Explicit; Reporter.ReportEvent,,,If ; Then; Else; End If; For ; Do ,Function ; End Function,;;;;;;;;;;;;
ProjRep/000/000/000/001/305,ProjRep/000/000/000/001,305,,5486,4f87af17f70b8d6936cfaaa07eb15cd5fe1caa77a9a1bbfd31ce260948262fa4,True,utf-8-sig,1.0000,94,text; uft_script_candidate; contains_control_flow; contains_function_or_sub,Option Explicit,,,Then; For ; Do ,Function ,;;;;;;;;;;;;;;;;;
ProjRep/000/000/000/001/306,ProjRep/000/000/000/001,306,,6695,4675b822cfbc82611d40ee73e35e143cab4d70601d242b31735585fd4e96a0ce,True,utf-8-sig,1.0000,131,text; uft_script_candidate; contains_object_references; contains_control_flow; contains_function_or_sub,Option Explicit; Reporter.ReportEvent; Browser(,Browser(,,If ; Then; Else; End If; For ; Do ,Function ; End Function,;;;;;;;;;;
ProjRep/000/000/000/001/307,ProjRep/000/000/000/001,307,,71154,a886b6bcdbde2b55c6f79c74ebb9deaaf20c5e65895b0963fdd167a865fc615e,True,utf-16,1.0000,1232,text; uft_script_candidate; contains_parameter_references; contains_control_flow; contains_function_or_sub,Option Explicit; Reporter.ReportEvent; Desktop.,,Parameter(; Environment(,If ; Then; Else; End If; For ; Next; Loop; While ; Wend; Select Case; End Select,Function ; End Function; Sub ; End Sub,;;
ProjRep/000/000/000/001/308,ProjRep/000/000/000/001,308,,29860,4ba31e2a625befe7c17ad33223551870964eb5b8ae43c8fc42be56bb29d2d593,True,utf-16,1.0000,463,text; contains_control_flow; contains_function_or_sub,,,,If ; Then; Else; End If; For ; Next; Select Case; End Select,Function ; End Function,;;;;;;;;;;;;
ProjRep/000/000/000/001/309,ProjRep/000/000/000/001,309,,16450,ade0f2c7c02292a9a47b50c97dd7dcd5bb48fb9301b6d77ab8c993113077c2b0,True,utf-16,1.0000,263,text; uft_script_candidate; contains_object_references; contains_parameter_references; contains_control_flow; contains_function_or_sub,Option Explicit; Reporter.ReportEvent; Browser(; Window(; Dialog(,Browser(,Environment(,If ; Then; Else; End If; For ; Next; Loop; While ; Wend; Select Case; End Select,Function ; End Function; Sub ; End Sub,
ProjRep/000/000/000/001/310,ProjRep/000/000/000/001,310,,115136,6b882fda42e79f622dbfb1d8a2e2f77a2ffc7afc0435a8157cd9dbadd925eb96,True,utf-16,1.0000,1322,text; uft_script_candidate; contains_object_references; contains_parameter_references; contains_control_flow; contains_function_or_sub,Option Explicit,WebList(,Environment(,If ; Then; Else; End If; For ; Next; Do ; Wend; Select Case; End Select,Function ; End Function,;;;;;;;
ProjRep/000/000/000/001/311,ProjRep/000/000/000/001,311,,1548,325667fe0a98b2be37db116c0b5e85b64fd219cc1e39f07e4ce5499aca84173d,True,utf-16,1.0000,31,text; uft_script_candidate; contains_control_flow; contains_function_or_sub,Reporter.ReportEvent,,,If ; Then; Else; End If,Function ; End Function,;;;;;;;;;;;;;;;
ProjRep/000/000/000/001/313,ProjRep/000/000/000/001,313,,18008,67b5c03e38b45214eaf59275f0eb33724624ef903b643776b6fb4518390a46c5,True,utf-16,1.0000,317,text; uft_script_candidate; contains_parameter_references; contains_control_flow; contains_function_or_sub,Option Explicit; Reporter.ReportEvent,,Environment(,If ; Then; Else; End If,Function ; End Function; Sub ; End Sub,;;;;;;;;;;;
ProjRep/000/000/000/001/314,ProjRep/000/000/000/001,314,,74764,ae21bc583a8b6ed930fdb9d57e506f234f3502c5fd7b00d408a88c50f56e4d90,True,utf-16,1.0000,986,text; uft_script_candidate; contains_object_references; contains_parameter_references; contains_control_flow; contains_function_or_sub,Option Explicit; Reporter.ReportEvent; Desktop.,WebList(,Parameter(; Environment(,If ; Then; Else; End If; For ; Next; Wend; Select Case; End Select,Function ; End Function; Sub ; End Sub,;;;
ProjRep/000/000/000/001/315,ProjRep/000/000/000/001,315,,196608,bddbce5b1b47baa5a131fe524c963a72f285f97b2b69ba613c04d130a01331f0,False,,,,binary,,,,,,;;;;;;;;;;;;;;;;;;;;;;
ProjRep/000/000/000/001/316,ProjRep/000/000/000/001,316,,8192,091f117cb75f4713f1c8b5805b8a920b909643f31c265d05bdf61df2e02b159a,False,,,,binary,,,,,,;;;;;;;;;;;;;;;;;;;;;;
ProjRep/000/000/000/001/317,ProjRep/000/000/000/001,317,,40,fc3fa70e310b5cad7d380d21bbd732d9cb8c1d43095eb4f1bf51b56d99339645,True,utf-8-sig,1.0000,1,text,,,,,,;;;;;;;;;;;;;;;;;;;;;;
ProjRep/000/000/000/001/318,ProjRep/000/000/000/001,318,,196608,a10f01882af4ac83772e976d6cd1e7716e337eff36136eda9c20f5c66b56479c,False,,,,binary,,,,,,;;;;;;;;;;;;;;;;;;;;;;
ProjRep/000/000/000/001/319,ProjRep/000/000/000/001,319,,7680,5e5243cfaca30931ffcb45cb885ea5cc6a8cdb22fecba87e37618757293cfdd7,False,,,,binary,,,,,,;;;;;;;;;;;;;;;;;;;;;;
ProjRep/000/000/000/001/320,ProjRep/000/000/000/001,320,,3,f1945cd6c19e56b3c1c78943ef5ec18116907a4ca1efc40a57d48ab1db7adfc5,True,utf-8-sig,1.0000,,text,,,,,,;;;;;;;;;;;;;;;;;;;;;;
ProjRep/000/000/000/001/321,ProjRep/000/000/000/001,321,,4096,1396ff641549fe4f481675df5c6f9d133193ad8cb0787b20ae1116367bcca4d0,False,,,,binary,,,,,,;;;;;;;;;;;;;;;;;;;;;;
ProjRep/000/000/000/001/322,ProjRep/000/000/000/001,322,,4693,4788000a45e9146f106ce1988f2107a647e3a88989067808556190bdb49b4ec5,True,utf-8-sig,1.0000,111,text; contains_function_or_sub; xml_candidate,,,,,Function ,;;;;;;;;;;;;;;;;;;;;
ProjRep/000/000/000/001/323,ProjRep/000/000/000/001,323,,2560,3512522e4eaa87dcd5eae7c3470086c2798d6a3808aba080c17f5d9a815fbc98,False,,,,binary,,,,,,;;;;;;;;;;;;;;;;;;;;;;
ProjRep/000/000/000/001/324,ProjRep/000/000/000/001,324,,72192,2a1b7b9501b155edc1a440e1b2f5084a9bcfcc123f3b56021f3cd4740e9b996f,False,,,,binary,,,,,,;;;;;;;;;;;;;;;;;;;;;;
ProjRep/000/000/000/001/325,ProjRep/000/000/000/001,325,,50770,5a5abee772b761e45ec1fc718a8c2ea69ae719901286596b3a5cf521c7737f5b,True,utf-16,1.0000,1553,text; xml_candidate,,,,,,;;;;;;;;;;;;;;;;;;;;;
ProjRep/000/000/000/001/327,ProjRep/000/000/000/001,327,,8704,096038daca78026d81b229ec80c39337854af9c6acb67f0ae1bf014725f208d1,False,,,,binary,,,,,,;;;;;;;;;;;;;;;;;;;;;;
ProjRep/000/000/000/001/328,ProjRep/000/000/000/001,328,,51,914967afd77104b8d8ef1d28bfe1a9c9648d086fb06549ed895b7362a3f2551b,True,utf-8-sig,1.0000,1,text,,,,,,;;;;;;;;;;;;;;;;;;;;;;
ProjRep/000/000/000/001/330,ProjRep/000/000/000/001,330,,12800,f6a67731bff5664021d3325cbea9c0c1479cf69154d1b3d2d5672931d15d6420,False,,,,binary,,,,,,;;;;;;;;;;;;;;;;;;;;;;
ProjRep/000/000/000/001/331,ProjRep/000/000/000/001,331,,3315,138e70d36a995d0a443e56ab18a5902a976be00c72e5d1e5d7e35ada88c66d12,True,utf-8-sig,1.0000,73,text; uft_script_candidate; contains_parameter_references; contains_control_flow,Reporter.ReportEvent; ExitTest,,Parameter(,If ; Then; Else; End If,,;;;;;;;;;;;;;;;
ProjRep/000/000/000/001/332,ProjRep/000/000/000/001,332,,865,d8776a8025d867c9b48befdcac6deb8d7f9e1f772ff76439b857b88c1ed99097,True,utf-8-sig,1.0000,56,text,,,,,,;;;;;;;;;;;;;;;;;;;;;;
ProjRep/000/000/000/001/333,ProjRep/000/000/000/001,333,,12288,46b52b71ec051a1abe27e7c19bee11cd2a3a7cca13f2edae92a72f0d3b221aff,False,,,,binary,,,,,,;;;;;;;;;;;;;;;;;;;;;;
ProjRep/000/000/000/001/334,ProjRep/000/000/000/001,334,,16384,f2e5ff0184868a197172f07a00fab92ef0949ee8dd2cc0158e7331ba55643561,False,,,,binary,,,,,,;;;;;;;;;;;;;;;;;;;;;;
ProjRep/000/000/000/001/335,ProjRep/000/000/000/001,335,,4304,376e377b5a41051c236170f12d8365374b8f35fab1117b724820f6aaf056f45e,False,,,,binary,,,,,,;;;;;;;;;;;;;;;;;;;;;;
ProjRep/000/000/000/001/336,ProjRep/000/000/000/001,336,,16384,4f8be1d79d1dad15b1839e3c51bdef6e3e31242ac7244e7bead65856712d5265,False,,,,binary,,,,,,;;;;;;;;;;;;;;;;;;;;;;
ProjRep/000/000/000/001/337,ProjRep/000/000/000/001,337,,11031,196520e1964bc79638d60f36a6a832b1ccce27005a5fe754784384709f0fc911,True,utf-8-sig,1.0000,248,text; contains_function_or_sub; xml_candidate,,,,,Function ,;;;;;;;;;;;;;;;;;;;;
ProjRep/000/000/000/001/338,ProjRep/000/000/000/001,338,,116,56b67a74437df1a3606dfe6e6dc0f70ce8f8b6df2e8028f86eb852ffedaaa89a,True,utf-16,1.0000,1,text; xml_candidate,,,,,,;;;;;;;;;;;;;;;;;;;;;
ProjRep/000/000/000/001/339,ProjRep/000/000/000/001,339,,5120,8a3e7d0a667acb19df8b1a05181dcd9f1f55db280d438ed2e380ad653fa9b3ea,False,,,,binary,,,,,,;;;;;;;;;;;;;;;;;;;;;;
ProjRep/000/000/000/001/340,ProjRep/000/000/000/001,340,,71168,1b0b1a17dc8fb03590025de561ef48155b7dd256a854f94e680eeeffdefd9615,False,,,,binary,,,,,,;;;;;;;;;;;;;;;;;;;;;;
ProjRep/000/000/000/001/342,ProjRep/000/000/000/001,342,,17,00ac2a6ae7a966f854d21398c422309d1ad66b5754f9f6f966e683b20138a656,True,utf-8-sig,1.0000,1,text; xml_candidate,,,,,,;;;;;;;;;;;;;;;;;;;;;
ProjRep/000/000/000/001/343,ProjRep/000/000/000/001,343,,1506,063b0da519c54db378e241f5dd1fd5a0e9ac92d9a3cf108be20e3892e55dc40a,True,utf-8-sig,1.0000,89,text,,,,,,;;;;;;;;;;;;;;;;;;;;;;
ProjRep/000/000/000/001/344,ProjRep/000/000/000/001,344,,347,85af0a0b08515841456baf85aeb066a8418e2fd11849280c4d61f10c426bf01b,True,utf-8-sig,1.0000,15,text,,,,,,;;;;;;;;;;;;;;;;;;;;;;
ProjRep/000/000/000/001/346,ProjRep/000/000/000/001,346,,8192,f90d65d0dec9bb91f360f0249ae9a68ed91769e74c859a330b646159e4bcfd15,False,,,,binary,,,,,,;;;;;;;;;;;;;;;;;;;;;;
ProjRep/000/000/000/001/349,ProjRep/000/000/000/001,349,,8192,187d9149f729c4054e87c25e4a98f1339481be43d0932d79ffe69251d8f885a5,False,,,,binary,,,,,,;;;;;;;;;;;;;;;;;;;;;;
ProjRep/000/000/000/001/352,ProjRep/000/000/000/001,352,,3696,8a7f6240c845cadcc736d71e9795bc94a4796e58a93b10c34038288c3a2f9696,True,utf-8-sig,1.0000,87,text; contains_function_or_sub; xml_candidate,,,,,Function ,;;;;;;;;;;;;;;;;;;;;
ProjRep/000/000/000/001/354,ProjRep/000/000/000/001,354,,73216,16695cc1a6e837b955726b7bd7e669287b71d08be741c71e163f34edebf26ffc,False,,,,binary,,,,,,;;;;;;;;;;;;;;;;;;;;;;
ProjRep/000/000/000/001/355,ProjRep/000/000/000/001,355,,55784,64549ac55b9396b27c696df9cf1182d830f364365aaa679d016a994263b1e166,True,utf-16,1.0000,1703,text; xml_candidate,,,,,,;;;;;;;;;;;;;;;;;;;;;
ProjRep/000/000/000/001/356,ProjRep/000/000/000/001,356,,119873,254edc0368506f3a8007ecaf3133d1d1bb5e2d5b5f944cb195eb7161a1e1c085,False,,,,binary,,,,,,;;;;;;;;;;;;;;;;;;;;;;
ProjRep/000/000/000/001/358,ProjRep/000/000/000/001,358,,196608,b97dbf2be8d6f1ca0fd983e9a1e86b46232ff4cb6e23336549cf52c80500fab7,False,,,,binary,,,,,,;;;;;;;;;;;;;;;;;;;;;;
ProjRep/000/000/000/001/359,ProjRep/000/000/000/001,359,,8704,8770942e87d83ee32543be687feac642473d503374d097d4b01d63380e649c60,False,,,,binary,,,,,,;;;;;;;;;;;;;;;;;;;;;;
ProjRep/000/000/000/001/360,ProjRep/000/000/000/001,360,,47,f073493b0874b69318a013c4ac6d39d774886f8ccd5708a950a667b7e1c2d7e5,True,utf-8-sig,1.0000,1,text,,,,,,;;;;;;;;;;;;;;;;;;;;;;
ProjRep/000/000/000/001/361,ProjRep/000/000/000/001,361,,344064,b84aa44852bcb3328f94df9f4aa624a58cd542f8a905216d9a23d28e78b22885,False,,,,binary,,,,,,;;;;;;;;;;;;;;;;;;;;;;
ProjRep/000/000/000/001/362,ProjRep/000/000/000/001,362,,40664,a1a59a0f92d977e445e621060e8f62cb9478c9eaae9939402862fa7690915f39,False,,,,binary,,,,,,;;;;;;;;;;;;;;;;;;;;;;
ProjRep/000/000/000/001/363,ProjRep/000/000/000/001,363,,11264,68abff07f3ebc33b38080cd0d51019af3a23328394613b7673c0a4c2c6638074,False,,,,binary,,,,,,;;;;;;;;;;;;;;;;;;;;;;
ProjRep/000/000/000/001/364,ProjRep/000/000/000/001,364,,5615,cfb08ab7d4de81d55379fd5e8865fcf6ed4ad1768103487ce7866cb06003071a,True,utf-8-sig,1.0000,141,text; uft_script_candidate; contains_object_references; contains_parameter_references; contains_control_flow,Reporter.ReportEvent; Browser(; Window(; Dialog(,Browser(,Parameter(; Environment(,If ; Then; Else; End If,,;;;;;;;;;;;
ProjRep/000/000/000/001/365,ProjRep/000/000/000/001,365,,1475,69306a3fa0c772e5f6023f38f21b11c923400afbf3dce85bb1d9b33264525e68,False,,,,binary,,,,,,;;;;;;;;;;;;;;;;;;;;;;
ProjRep/000/000/000/001/366,ProjRep/000/000/000/001,366,,180067,aa9fb868945b04bba6353e4e43961942f5d651f9c478dfe54e4ddd1de74e53d4,False,,,,binary,,,,,,;;;;;;;;;;;;;;;;;;;;;;
ProjRep/000/000/000/001/367,ProjRep/000/000/000/001,367,,188,161c8afadca6ddeec0c7dd286fdc6c2314bb220a02cc6d6c9a128b98477bda30,False,,,,binary,,,,,,;;;;;;;;;;;;;;;;;;;;;;
ProjRep/000/000/000/001/368,ProjRep/000/000/000/001,368,,1489,8c23f15f3d6b5de7f45b42178d92a26df9ce04fe7ff000b2118d9e6f133e6089,False,,,,binary,,,,,,;;;;;;;;;;;;;;;;;;;;;;
ProjRep/000/000/000/001/369,ProjRep/000/000/000/001,369,,17221,a5a14da1498f9d19868eda159475b5dd73a60a609274128abaea54ddf5ca60be,False,,,,binary,,,,,,;;;;;;;;;;;;;;;;;;;;;;
ProjRep/000/000/000/001/370,ProjRep/000/000/000/001,370,,218,a49c6934db282ef5eecdbd7c8e64ba4311a8272f7a7b105e40b515ae9f8b46a6,False,,,,binary,,,,,,;;;;;;;;;;;;;;;;;;;;;;
ProjRep/000/000/000/001/371,ProjRep/000/000/000/001,371,,1234,babb4be4f09c2a858af2b10a1884b1fd3862edaca1e21509c5c404e892a64b60,False,,,,binary,,,,,,;;;;;;;;;;;;;;;;;;;;;;
ProjRep/000/000/000/001/372,ProjRep/000/000/000/001,372,,17211,e6b60948faed27c26c99a216d0eb0bb5b7ad1155b18b48dcee9c7312d9120ac5,False,,,,binary,,,,,,;;;;;;;;;;;;;;;;;;;;;;
ProjRep/000/000/000/001/373,ProjRep/000/000/000/001,373,,215,77e2b5146507bb0218a58776c77dbfdb62d870d0e503ecc7b02963f360e5c6e5,False,,,,binary,,,,,,;;;;;;;;;;;;;;;;;;;;;;
ProjRep/000/000/000/001/374,ProjRep/000/000/000/001,374,,1234,fe8439cdce1b8a2017c505640cbaecaa73c8d18d885c4cd9e70d97658c59428c,False,,,,binary,,,,,,;;;;;;;;;;;;;;;;;;;;;;
ProjRep/000/000/000/001/375,ProjRep/000/000/000/001,375,,17533,1d873c581c55a7fe16ff9aba2bafc8b147b1c4ef7bb2d7fa1972fa507cf578a6,False,,,,binary,,,,,,;;;;;;;;;;;;;;;;;;;;;;
ProjRep/000/000/000/001/376,ProjRep/000/000/000/001,376,,215,669c7f18ad23e251f4d917f0d5e974cd87577738949b3c69ac0694e963ce565c,False,,,,binary,,,,,,;;;;;;;;;;;;;;;;;;;;;;
ProjRep/000/000/000/001/377,ProjRep/000/000/000/001,377,,1504,17a4350e291fca72bf67fe75db0b8e80a08b74f673e5bf40a8319e7c2bbf7c23,False,,,,binary,,,,,,;;;;;;;;;;;;;;;;;;;;;;
ProjRep/000/000/000/001/379,ProjRep/000/000/000/001,379,,221,74f072f8e798f556e6dd1f1de3b70a0fefb3e5bf07cc3bc0ba8ff6dbe41c927e,False,,,,binary,,,,,,;;;;;;;;;;;;;;;;;;;;;;
ProjRep/000/000/000/001/380,ProjRep/000/000/000/001,380,,1235,aed35228c73ed6a95f70c021a299660c2e01c4d4b9da112ec1497c938f047d4b,False,,,,binary,,,,,,;;;;;;;;;;;;;;;;;;;;;;
ProjRep/000/000/000/001/381,ProjRep/000/000/000/001,381,,17491,cd6d9c8654f3dfe5ca74a544b3141affd633271aad00880f69df79dd307eb4ef,False,,,,binary,,,,,,;;;;;;;;;;;;;;;;;;;;;;
ProjRep/000/000/000/001/382,ProjRep/000/000/000/001,382,,215,ae26b2032c70dbd3230ff56a34181c876f20478fc6de5f8f8263f1469dbc977e,False,,,,binary,,,,,,;;;;;;;;;;;;;;;;;;;;;;
ProjRep/000/000/000/001/383,ProjRep/000/000/000/001,383,,1443,fc15a9e346b0758cadc732224e1f5c5b8e75d30c0d856b1161a6e8c59f943585,False,,,,binary,,,,,,;;;;;;;;;;;;;;;;;;;;;;
ProjRep/000/000/000/001/385,ProjRep/000/000/000/001,385,,223,0c77f17b2ae476d5d983d683ea8791b46b2e0d0ac25d79d90829242344795bdf,False,,,,binary,,,,,,;;;;;;;;;;;;;;;;;;;;;;
ProjRep/000/000/000/001/386,ProjRep/000/000/000/001,386,,1478,f3ece9a0fe48adaba42d63f931ac25900b451c82cc474dd36633b0b9853b9e61,False,,,,binary,,,,,,;;;;;;;;;;;;;;;;;;;;;;
ProjRep/000/000/000/001/387,ProjRep/000/000/000/001,387,,138851,a7d4b033fde3cf62055c6c1528a5e5dbe0875dde61bd25f6ecb2089bc780ea12,False,,,,binary,,,,,,;;;;;;;;;;;;;;;;;;;;;;
ProjRep/000/000/000/001/388,ProjRep/000/000/000/001,388,,191,b324f11b9fd38d9d15e08d199675f3e59d11e5af3f9224444ad34bb1ee31f009,False,,,,binary,,,,,,;;;;;;;;;;;;;;;;;;;;;;
ProjRep/000/000/000/001/389,ProjRep/000/000/000/001,389,,1616,5b54896cb5a35a67b09e86ac59c13e2318532a3a078521ae11fda4925415fb9f,False,,,,binary,,,,,,;;;;;;;;;;;;;;;;;;;;;;
ProjRep/000/000/000/001/390,ProjRep/000/000/000/001,390,,178093,ab6422d099cb21a9020fcd5328bf213714122e706ef6a351ba1be3e1c35e0e41,False,,,,binary,,,,,,;;;;;;;;;;;;;;;;;;;;;;
ProjRep/000/000/000/001/391,ProjRep/000/000/000/001,391,,191,5b796bc799e6ad3a5e7c2150a8bc835f32a861f2969a6605d5ff16a23b45c51f,False,,,,binary,,,,,,;;;;;;;;;;;;;;;;;;;;;;
ProjRep/000/000/000/001/392,ProjRep/000/000/000/001,392,,1636,82fa151e572e4fc63eb2669f3bfc181fbcac3b6cf41b3e04b20c7d79e7b6bbe2,False,,,,binary,,,,,,;;;;;;;;;;;;;;;;;;;;;;
ProjRep/000/000/000/001/393,ProjRep/000/000/000/001,393,,194446,f44eef7f80a7776e6d5f1c555adaeb713fa399092ec5d737900613e32251a5f4,False,,,,binary,,,,,,;;;;;;;;;;;;;;;;;;;;;;
ProjRep/000/000/000/001/394,ProjRep/000/000/000/001,394,,190,33fa9ecf574845950cfee0963d09f9fe692eee21e4a06bda74a96f599f733052,False,,,,binary,,,,,,;;;;;;;;;;;;;;;;;;;;;;
ProjRep/000/000/000/001/395,ProjRep/000/000/000/001,395,,1664,7f6f414143d1292fbbf6cc11ed8de28e41e0267d9c4d4db6e5c9fa2e69d61507,False,,,,binary,,,,,,;;;;;;;;;;;;;;;;;;;;;;
ProjRep/000/000/000/001/396,ProjRep/000/000/000/001,396,,202221,b57eb96798e0f15ee7c7c88eda86073c211b6cdd2256f0992ee841787ca5aeeb,False,,,,binary,,,,,,;;;;;;;;;;;;;;;;;;;;;;
ProjRep/000/000/000/001/397,ProjRep/000/000/000/001,397,,191,add8b0ab67ebf083177104ead2956e044efdf5192eeaa625838d0e950aa295fd,False,,,,binary,,,,,,;;;;;;;;;;;;;;;;;;;;;;
ProjRep/000/000/000/001/398,ProjRep/000/000/000/001,398,,1014,50bb75758d6544c54aedb49d08241127b9382ac94986b331a6da4b1c6def6535,False,,,,binary,,,,,,;;;;;;;;;;;;;;;;;;;;;;
ProjRep/000/000/000/001/399,ProjRep/000/000/000/001,399,,17775,ca0c12e73ab4a6187ed43e7a566ac242372a241bda0f8b009cb4443d02431980,False,,,,binary,,,,,,;;;;;;;;;;;;;;;;;;;;;;
ProjRep/000/000/000/001/400,ProjRep/000/000/000/001,400,,187,b93a72156b50d733867ed9f1b9acb88c21c68bfd1465b7e8644be82ff07a5402,False,,,,binary,,,,,,;;;;;;;;;;;;;;;;;;;;;;
ProjRep/000/000/000/001/401,ProjRep/000/000/000/001,401,,1014,ba2252170eebcce5e64e3c46835776fa6c8922e0dc8cdcd6a2e75ac9e42f3355,False,,,,binary,,,,,,;;;;;;;;;;;;;;;;;;;;;;
ProjRep/000/000/000/001/403,ProjRep/000/000/000/001,403,,187,6bd5d762ad37de8f6343ece2e1693c6a520bec15c8c6522700f8693e428f4dcf,False,,,,binary,,,,,,;;;;;;;;;;;;;;;;;;;;;;
ProjRep/000/000/000/001/404,ProjRep/000/000/000/001,404,,1234,eaecd3888da03836df3e40376fc6f7d3e0b6964d8b70e7e264a52e041262d40e,False,,,,binary,,,,,,;;;;;;;;;;;;;;;;;;;;;;
ProjRep/000/000/000/001/405,ProjRep/000/000/000/001,405,,17044,8c86faa5653619fe1a7cb9966be20a269821b061c4935eee3ee26608a0b0577d,False,,,,binary,,,,,,;;;;;;;;;;;;;;;;;;;;;;
ProjRep/000/000/000/001/406,ProjRep/000/000/000/001,406,,213,f537a813558e080760a0d04532d95a327064b246fc28fa7d36574db5164cbce1,False,,,,binary,,,,,,;;;;;;;;;;;;;;;;;;;;;;
ProjRep/000/000/000/001/407,ProjRep/000/000/000/001,407,,1234,4885b5424c29607eb4c14e8a3011d62ac897535f3ebd892c440abf12eb6bcf71,False,,,,binary,,,,,,;;;;;;;;;;;;;;;;;;;;;;
ProjRep/000/000/000/001/409,ProjRep/000/000/000/001,409,,213,cd3d36c547cfc24bcf9e9c71f49a47668bab03d8a1eff83f5f5f0a80992920c2,False,,,,binary,,,,,,;;;;;;;;;;;;;;;;;;;;;;
ProjRep/000/000/000/001/410,ProjRep/000/000/000/001,410,,906,4144b24bc857b5d587bed91b60de9cf05975e0ee08009a3225cf4e093e4ec2a9,True,utf-8-sig,1.0000,61,text,,,,,,;;;;;;;;;;;;;;;;;;;;;;
ProjRep/000/000/000/001/411,ProjRep/000/000/000/001,411,,12288,49df0dda4c19058fcd304a506b346a7f0a9c2561ab861b8b9cc0f114aeb6aa3c,False,,,,binary,,,,,,;;;;;;;;;;;;;;;;;;;;;;
ProjRep/000/000/000/001/412,ProjRep/000/000/000/001,412,,16384,72c55c3c404bbc1b0c4a0c6b3c59c9cb876f0bbbd90f01fa994546a72e02395d,False,,,,binary,,,,,,;;;;;;;;;;;;;;;;;;;;;;
ProjRep/000/000/000/001/413,ProjRep/000/000/000/001,413,,4305,a754b43efde70e1bece1e34eefc7274689746bdccda57f22250436039104e393,False,,,,binary,,,,,,;;;;;;;;;;;;;;;;;;;;;;
ProjRep/000/000/000/001/414,ProjRep/000/000/000/001,414,,16384,ec2a6b47480ab073eb772cae294cba63bd4cb731f0d385e05b6376edbde2d3ac,False,,,,binary,,,,,,;;;;;;;;;;;;;;;;;;;;;;
ProjRep/000/000/000/001/415,ProjRep/000/000/000/001,415,,5704,717cb37ee49e5864c08b116419e868249715a514e55c24e21fec9fc057278579,True,utf-8-sig,1.0000,128,text; contains_function_or_sub; xml_candidate,,,,,Function ,;;;;;;;;;;;;;;;;;;;;
ProjRep/000/000/000/001/416,ProjRep/000/000/000/001,416,,5120,efe6e1b78be0e418e750dc4b4ee7bcb06f0e33b737a918214dfbaf02bb02f916,False,,,,binary,,,,,,;;;;;;;;;;;;;;;;;;;;;;
ProjRep/000/000/000/001/417,ProjRep/000/000/000/001,417,,72192,eae472645ea171bb37c750b0d27651756e0e2776ebb084cb425e01ac00842522,False,,,,binary,,,,,,;;;;;;;;;;;;;;;;;;;;;;
ProjRep/000/000/000/001/420,ProjRep/000/000/000/001,420,,1506,4e6fbd801a8de95e76e43b16d08abe8b85fa33b559a9a71a61534ad52fe58787,True,utf-8-sig,1.0000,89,text,,,,,,;;;;;;;;;;;;;;;;;;;;;;
ProjRep/000/000/000/001/424,ProjRep/000/000/000/001,424,,38400,37e9243501785fba8489a995ac7b50807bfbba00f6a9a9e5de2858b321bc3451,False,,,,binary,,,,,,;;;;;;;;;;;;;;;;;;;;;;
ProjRep/000/000/000/001/425,ProjRep/000/000/000/001,425,,10766,80e8991c3080d794336dd07fda27cf80b72643e330543ee2688a68a0f7087c95,True,utf-16,1.0000,333,text; xml_candidate,,,,,,;;;;;;;;;;;;;;;;;;;;;
ProjRep/000/000/000/001/427,ProjRep/000/000/000/001,427,,13824,05ad6d0949dc1c1e44ac1023c64a4263ba15f99b3e383ccd814461c33c569515,False,,,,binary,,,,,,;;;;;;;;;;;;;;;;;;;;;;
ProjRep/000/000/000/001/430,ProjRep/000/000/000/001,430,,13824,eaec893042b646436f45e436d4091e4a3e1a6794ce09cc397c72bf0cb82f75fb,False,,,,binary,,,,,,;;;;;;;;;;;;;;;;;;;;;;
ProjRep/000/000/000/001/434,ProjRep/000/000/000/001,434,,6563,753d0bdfec65f2257e244b5aa15da2eeb0b1bde18154ab0c855f18dcd186d01a,True,utf-8-sig,1.0000,119,text; uft_script_candidate; contains_control_flow; contains_function_or_sub,Option Explicit,,,Then; For ; Do ,Function ; End Function,;;;;;;;;;;;;;;;;
ProjRep/000/000/000/001/435,ProjRep/000/000/000/001,435,,1004,d7a5335b11b1346cacdf190563b9f920595788e23ffe4888e38c9ec47cd7c785,True,utf-8-sig,1.0000,22,text; contains_control_flow; contains_function_or_sub,,,,For ,Function ; End Function,;;;;;;;;;;;;;;;;;;;
ProjRep/000/000/000/001/436,ProjRep/000/000/000/001,436,,10280,96139f4d538b9e681ff41af17bddc97c881f216f1ac41c429438b16e25a79722,True,utf-8-sig,1.0000,182,text; uft_script_candidate; contains_control_flow; contains_function_or_sub,Option Explicit,,,If ; Then; For ; Do ,Function ; End Function,;;;;;;;;;;;;;;;
ProjRep/000/000/000/001/437,ProjRep/000/000/000/001,437,,6565,dac2827522e9767454fd03fb773b4d87491822ded61dc15c56053349b83f24c3,True,utf-8-sig,1.0000,119,text; uft_script_candidate; contains_control_flow; contains_function_or_sub,Option Explicit,,,Then; For ; Do ,Function ; End Function,;;;;;;;;;;;;;;;;
ProjRep/000/000/000/001/438,ProjRep/000/000/000/001,438,,799,aa027a67dd376a3c0d032de50e4ae90cd242d698bb2927e2db3d5051f336cfaf,True,utf-8-sig,1.0000,24,text; uft_script_candidate; contains_control_flow; contains_function_or_sub,Option Explicit,,,Then; Do ,Function ; End Function,;;;;;;;;;;;;;;;;;
ProjRep/000/000/000/001/439,ProjRep/000/000/000/001,439,,78078,f483df4256cc755cab707fb50bf469acfa831dfabc2c0f25ef19e997d3d06713,True,utf-8-sig,1.0000,1774,text; uft_script_candidate; contains_control_flow; contains_function_or_sub,Reporter.ReportEvent; Window(,,,If ; Then; Else; End If; For ; Next; Do ; Loop; While ; Wend,Function ; End Function; Sub ; End Sub,;;;;;;
ProjRep/000/000/000/001/440,ProjRep/000/000/000/001,440,,22085,1f7be36782e7f231e93ff96953d51bbf338c5d1752b7872c0c8b3649484e11b1,True,utf-8-sig,1.0000,433,text; uft_script_candidate; contains_control_flow; contains_function_or_sub,Option Explicit; Reporter.ReportEvent,,,If ; Then; Else; End If; For ; Do ,Function ; End Function,;;;;;;;;;;;;
ProjRep/000/000/000/001/441,ProjRep/000/000/000/001,441,,2832,6c2ae0861dd0bda959f2b679cdf8e23a961d7650455468cd368b3a47beb2d852,True,utf-8-sig,1.0000,64,text; uft_script_candidate; contains_control_flow; contains_function_or_sub,Option Explicit; Reporter.ReportEvent,,,If ; Then; Else; End If; For ; Do ,Function ; End Function,;;;;;;;;;;;;
ProjRep/000/000/000/001/444,ProjRep/000/000/000/001,444,,8884,569557631738d01f58e087db5dfef444cca5133ab840ac1f73e5e9391953af87,True,utf-8-sig,1.0000,212,text; uft_script_candidate; contains_control_flow; contains_function_or_sub,Option Explicit,,,If ; Then; Else; End If; For ; Next; Do ; Select Case; End Select,Function ; End Function; Sub ; End Sub,;;;;;;;;
ProjRep/000/000/000/001/445,ProjRep/000/000/000/001,445,,77312,3c2254d8dd3dd1e6a26c203a6c89c72eece8f7901272e86b7366880ce089671d,False,,,,binary,,,,,,;;;;;;;;;;;;;;;;;;;;;;
ProjRep/000/000/000/001/446,ProjRep/000/000/000/001,446,,71680,fb5cc5ecd294f0c7fc90f2f3dc0bea63292ba01626aa4f0a0aad076ceea46094,False,,,,binary,,,,,,;;;;;;;;;;;;;;;;;;;;;;
ProjRep/000/000/000/001/447,ProjRep/000/000/000/001,447,,909,2a3b5321cda4142f51bc765d39e1f9c06104c095b0c7d9a3d2d15e5dc69d886b,True,utf-8-sig,1.0000,61,text,,,,,,;;;;;;;;;;;;;;;;;;;;;;
ProjRep/000/000/000/001/448,ProjRep/000/000/000/001,448,,1506,442a51941a54038bd123d63a23a6a95dd3f652468ace782babb8334bbd7afdb0,True,utf-8-sig,1.0000,89,text,,,,,,;;;;;;;;;;;;;;;;;;;;;;
ProjRep/000/000/000/001/449,ProjRep/000/000/000/001,449,,12288,7db00b2f2cb68985c943adc7a3698daa6315157fd9ebde965502db7540e0eebe,False,,,,binary,,,,,,;;;;;;;;;;;;;;;;;;;;;;
ProjRep/000/000/000/001/450,ProjRep/000/000/000/001,450,,4310,3080cffb811826f20c315dae113264d65828e984ce3e69cfd7f293ecb6359aea,False,,,,binary,,,,,,;;;;;;;;;;;;;;;;;;;;;;
ProjRep/000/000/000/001/452,ProjRep/000/000/000/001,452,,5120,e9c3f2f4f0ed076358f89a3dfe690a7f0e447bd6562a8835335123c4ab419a36,False,,,,binary,,,,,,;;;;;;;;;;;;;;;;;;;;;;
ProjRep/000/000/000/001/453,ProjRep/000/000/000/001,453,,16384,3e290536a8b6597ab7351cba75a4f94602cc2612fed1a45019435030e1e28697,False,,,,binary,,,,,,;;;;;;;;;;;;;;;;;;;;;;
ProjRep/000/000/000/001/454,ProjRep/000/000/000/001,454,,8790,2b4038e8cb2f956e8da5ac60014f42d22f9ce406e343341d3e09b01667662e45,True,utf-8-sig,1.0000,200,text; contains_function_or_sub; xml_candidate,,,,,Function ,;;;;;;;;;;;;;;;;;;;;
ProjRep/000/000/000/001/455,ProjRep/000/000/000/001,455,,8704,6c23ad5cb84f4ec646a5ce45c8f95e460a9b2a148f06fc939be86e045011f15e,False,,,,binary,,,,,,;;;;;;;;;;;;;;;;;;;;;;
ProjRep/000/000/000/001/456,ProjRep/000/000/000/001,456,,50,f0a1f7811af2b3d297a990090f6443b4be4b7845aba619ba8344458c8786f8da,True,utf-8-sig,1.0000,1,text,,,,,,;;;;;;;;;;;;;;;;;;;;;;
ProjRep/000/000/000/001/457,ProjRep/000/000/000/001,457,,11264,f52a566bd5efd8d849a545c8a918f1370f93d627283cc082c7e372f780177ba0,False,,,,binary,,,,,,;;;;;;;;;;;;;;;;;;;;;;
ProjRep/000/000/000/001/458,ProjRep/000/000/000/001,458,,1673,7958ce1c8ae3d022d2b0d9a3e7ab6c1b9b730453c79dd84747efeee7fb82c073,True,utf-8-sig,1.0000,60,text; uft_script_candidate; contains_object_references; contains_parameter_references; contains_control_flow; contains_function_or_sub,Reporter.ReportEvent; Browser(,Browser(,Parameter(; Environment(,If ; Then; Else; End If,Function ; End Function,;;;;;;;;;;;
ProjRep/000/000/000/001/459,ProjRep/000/000/000/001,459,,72704,b7e3e23584afb2f215f8580f65c66a2c28fe302bdbbf594423a32276e2b2f8b5,False,,,,binary,,,,,,;;;;;;;;;;;;;;;;;;;;;;
ProjRep/000/000/000/001/461,ProjRep/000/000/000/001,461,,1506,0c03e71426e9afc8fc47dc408f8688bdb9c34469d55f6e143d46bd3a02234533,True,utf-8-sig,1.0000,89,text,,,,,,;;;;;;;;;;;;;;;;;;;;;;
ProjRep/000/000/000/001/462,ProjRep/000/000/000/001,462,,5120,4ea4b96ceff78a13fdd66f7991ea0b48c0a9b623d755bc984eedf9c4c91c9a8c,False,,,,binary,,,,,,;;;;;;;;;;;;;;;;;;;;;;
ProjRep/000/000/000/001/463,ProjRep/000/000/000/001,463,,8704,bfed74acc0f8d40ccd25c6fe8ac61a73635c33b791b93a049d418fc40a16e00d,False,,,,binary,,,,,,;;;;;;;;;;;;;;;;;;;;;;
ProjRep/000/000/000/001/465,ProjRep/000/000/000/001,465,,11264,723664018d1e0bef4bfc514f84c911dc82091db6247f6e642ffbc97bd0aa6395,False,,,,binary,,,,,,;;;;;;;;;;;;;;;;;;;;;;
ProjRep/000/000/000/001/466,ProjRep/000/000/000/001,466,,1532,d1787132cf9195de721cb71cd23b862e42d495101863ce4c46340f25fc7257c8,True,utf-8-sig,1.0000,54,text; uft_script_candidate; contains_object_references; contains_parameter_references; contains_control_flow; contains_function_or_sub,Reporter.ReportEvent; Browser(,Browser(,Parameter(; Environment(,If ; Then; Else; End If,Function ; End Function,;;;;;;;;;;;
ProjRep/000/000/000/001/467,ProjRep/000/000/000/001,467,,196608,4f9fe54a8e2c9bc8b7e38cdab1d55040f4b3accf6955a4a48d8537b6bdb72238,False,,,,binary,,,,,,;;;;;;;;;;;;;;;;;;;;;;
ProjRep/000/000/000/001/468,ProjRep/000/000/000/001,468,,8704,11b37e8e20701326ebbd98a42b7fc059bea71181e2185792b796f5ea868ada6b,False,,,,binary,,,,,,;;;;;;;;;;;;;;;;;;;;;;
ProjRep/000/000/000/001/469,ProjRep/000/000/000/001,469,,46,c9c7fa2025ecd585c7d4fb4f422e88a946ad7547ef634a0a64de79ff5534aac3,True,utf-8-sig,1.0000,1,text,,,,,,;;;;;;;;;;;;;;;;;;;;;;
ProjRep/000/000/000/001/470,ProjRep/000/000/000/001,470,,327680,731a554e9c27b29240c86dd74ca15629ad546b73cbfe42cc97fa6e45734a59a6,False,,,,binary,,,,,,;;;;;;;;;;;;;;;;;;;;;;
ProjRep/000/000/000/001/472,ProjRep/000/000/000/001,472,,10240,ce3c4f5e9ed5cebada21e1a22d9c5d13f1845b2d47717e1400734576d27e22e4,False,,,,binary,,,,,,;;;;;;;;;;;;;;;;;;;;;;
ProjRep/000/000/000/001/473,ProjRep/000/000/000/001,473,,809,bd3d98d965693f73020ccc46db5c7ed26ca41fba5f85d41bd7da84ab7f0581e4,True,utf-8-sig,1.0000,23,text; uft_script_candidate; contains_object_references; contains_parameter_references; contains_control_flow,Option Explicit; Browser(; Dialog(,Browser(,Parameter(; Environment(,If ; Then; End If,,;;;;;;;;;;;;;
ProjRep/000/000/000/001/474,ProjRep/000/000/000/001,474,,1014,c034ffc84d5648a89feffa293f9f424696f3b03cae11bbe3426636bda3e6dfe7,False,,,,binary,,,,,,;;;;;;;;;;;;;;;;;;;;;;
ProjRep/000/000/000/001/475,ProjRep/000/000/000/001,475,,17054,dfd5851089429c330fb9ece8ebd52ee9f94a3c2dbaf7ffd71fae31d238c9f23d,False,,,,binary,,,,,,;;;;;;;;;;;;;;;;;;;;;;
ProjRep/000/000/000/001/476,ProjRep/000/000/000/001,476,,187,fffa08ad6aa12d237650280e2a76b6d9f2b2aa1d7511f5d3cf3164f3dcd22510,False,,,,binary,,,,,,;;;;;;;;;;;;;;;;;;;;;;
ProjRep/000/000/000/001/495,ProjRep/000/000/000/001,495,,1014,f732be8d472d871cddb8c500af3a86c103b6dacde7af8f531a529a8daa57cb9b,False,,,,binary,,,,,,;;;;;;;;;;;;;;;;;;;;;;
ProjRep/000/000/000/001/496,ProjRep/000/000/000/001,496,,17704,b8498a85dbf6e6ff1c2aaaea0b351b66e4b00bbadfdeae4686f082fbf41b1d3e,False,,,,binary,,,,,,;;;;;;;;;;;;;;;;;;;;;;
ProjRep/000/000/000/001/497,ProjRep/000/000/000/001,497,,187,00984133d8334915e4f12543f21e154115cf6613904e6f0540ecc028d8ebb2a9,False,,,,binary,,,,,,;;;;;;;;;;;;;;;;;;;;;;
ProjRep/000/000/000/001/498,ProjRep/000/000/000/001,498,,1014,c3887b62f7bc2aff702cd8fcd2cfb0f1e5ce4269328911754c2e98208999c0af,False,,,,binary,,,,,,;;;;;;;;;;;;;;;;;;;;;;
ProjRep/000/000/000/001/500,ProjRep/000/000/000/001,500,,187,c7c95040a36ddc317072274ade7dd9fa20223115ea92b8d983ebfe588caa07a8,False,,,,binary,,,,,,;;;;;;;;;;;;;;;;;;;;;;
ProjRep/000/000/000/001/501,ProjRep/000/000/000/001,501,,1014,0e9f362425e3084378705e03c137282b82b24e409dca7004d56fb02ff87cf93d,False,,,,binary,,,,,,;;;;;;;;;;;;;;;;;;;;;;
ProjRep/000/000/000/001/503,ProjRep/000/000/000/001,503,,187,453efc71f884c82c6d400eb93c309875648a76bf07a0f30a89a4848056491c3f,False,,,,binary,,,,,,;;;;;;;;;;;;;;;;;;;;;;
ProjRep/000/000/000/001/504,ProjRep/000/000/000/001,504,,1014,1ddfdb12467555ff1941e311eadc99fb752e24e0b326b8b9fcde1db3e6d9347f,False,,,,binary,,,,,,;;;;;;;;;;;;;;;;;;;;;;
ProjRep/000/000/000/001/506,ProjRep/000/000/000/001,506,,187,4ab31036de97067888111560488d9474fba15d26fc3944e30a46349d6aaa2d40,False,,,,binary,,,,,,;;;;;;;;;;;;;;;;;;;;;;
ProjRep/000/000/000/001/519,ProjRep/000/000/000/001,519,,894,c01099a5fcddd162318416fd5e6e8ae0bd25bb8f8a026e191806072716ed6572,True,utf-8-sig,1.0000,58,text,,,,,,;;;;;;;;;;;;;;;;;;;;;;
ProjRep/000/000/000/001/520,ProjRep/000/000/000/001,520,,4608,08dce2953ea0057a4962fa4d00fabd3551234e862a29a1843bee41e189708284,False,,,,binary,,,,,,;;;;;;;;;;;;;;;;;;;;;;
ProjRep/000/000/000/001/521,ProjRep/000/000/000/001,521,,16384,1127eaabf0bf67a4c27c71d9bcfb23ec54aa94084924842f7617cbe7a285a948,False,,,,binary,,,,,,;;;;;;;;;;;;;;;;;;;;;;
ProjRep/000/000/000/001/522,ProjRep/000/000/000/001,522,,7789,d634d8a92bdf904cc515e90a0469c02bff6d589361ddbaad8b46c64c7d11d304,True,utf-8-sig,1.0000,176,text; contains_function_or_sub; xml_candidate,,,,,Function ,;;;;;;;;;;;;;;;;;;;;
ProjRep/000/000/000/001/523,ProjRep/000/000/000/001,523,,5120,21e272cdd072b636269236f6afbed82d8618baa7f4f9cdbb24e2ecc92d373bc4,False,,,,binary,,,,,,;;;;;;;;;;;;;;;;;;;;;;
ProjRep/000/000/000/001/524,ProjRep/000/000/000/001,524,,58880,3aafcc3b46d9ba59b23d5a07af8ad1c295c2c03fe7bafeb0f81ce2b4ec3c8663,False,,,,binary,,,,,,;;;;;;;;;;;;;;;;;;;;;;
ProjRep/000/000/000/001/526,ProjRep/000/000/000/001,526,,1506,23f87798e3b8543a369fa65d74d8495df77f328223e5b9d8c9b23f069f24e39b,True,utf-8-sig,1.0000,89,text,,,,,,;;;;;;;;;;;;;;;;;;;;;;
ProjRep/000/000/000/001/528,ProjRep/000/000/000/001,528,,71680,82cc56412011c291e777e32c705ef9026c86f2f1f6b49c0d7fdd6f65b639ec37,False,,,,binary,,,,,,;;;;;;;;;;;;;;;;;;;;;;
ProjRep/000/000/000/001/529,ProjRep/000/000/000/001,529,,905,bcb438060532f6fcffc2a4b40f7829de95bc37f4f237732840ae770de858052e,True,utf-8-sig,1.0000,61,text,,,,,,;;;;;;;;;;;;;;;;;;;;;;
ProjRep/000/000/000/001/530,ProjRep/000/000/000/001,530,,1506,630bf1240268a8bbfe7be31a84caa76f332025a3b41ed3144b46461c1797f8ee,True,utf-8-sig,1.0000,89,text,,,,,,;;;;;;;;;;;;;;;;;;;;;;
ProjRep/000/000/000/001/532,ProjRep/000/000/000/001,532,,12288,98995eae139375460edae4fbdb05b722fee8bc4b870452a64e8e5fa0ad5fcb20,False,,,,binary,,,,,,;;;;;;;;;;;;;;;;;;;;;;
ProjRep/000/000/000/001/533,ProjRep/000/000/000/001,533,,4298,ba9e82ab151fe373d3df3824af3a12e9cb6ad670c5ef31bd150528375768f752,False,,,,binary,,,,,,;;;;;;;;;;;;;;;;;;;;;;
ProjRep/000/000/000/001/535,ProjRep/000/000/000/001,535,,5120,24fbb9f022c751eccab0383733270f71f52b7c10541e01fb97f44711db764e92,False,,,,binary,,,,,,;;;;;;;;;;;;;;;;;;;;;;
ProjRep/000/000/000/001/536,ProjRep/000/000/000/001,536,,16384,16742bd2a2d67c3c664fb305e16afc1f70b479f17c0e4d1b068f9bbfa3c7e87d,False,,,,binary,,,,,,;;;;;;;;;;;;;;;;;;;;;;
ProjRep/000/000/000/001/537,ProjRep/000/000/000/001,537,,8762,5f01b71a198984ded10de67a4b725c87d5efa4eb64ac30d3dca5aaf82e46904d,True,utf-8-sig,1.0000,200,text; contains_function_or_sub; xml_candidate,,,,,Function ,;;;;;;;;;;;;;;;;;;;;
ProjRep/000/000/000/001/538,ProjRep/000/000/000/001,538,,8704,d93ea2d1ceff638e310718e8116ebaca00998686afeaca4cb228b572d7741a96,False,,,,binary,,,,,,;;;;;;;;;;;;;;;;;;;;;;
ProjRep/000/000/000/001/540,ProjRep/000/000/000/001,540,,10240,7423efb8bd6efde40ec5ad791ae6e4d6f21a6ef6c9cd12789730ed5675385db2,False,,,,binary,,,,,,;;;;;;;;;;;;;;;;;;;;;;
ProjRep/000/000/000/001/541,ProjRep/000/000/000/001,541,,218,ef143c470a0bd7826752bd736bea7bc6925c249db99438fca253c5fc534ab880,True,utf-8-sig,1.0000,10,text; uft_script_candidate; contains_object_references; contains_parameter_references,Option Explicit; Reporter.ReportEvent; Browser(,Browser(,Parameter(; Environment(,,,;;;;;;;;;;;;;;;;
ProjRep/000/000/000/001/542,ProjRep/000/000/000/001,542,,72192,91284d4e9dc4e53dabe1c4205040ee3a42ee04fef82ea41b95981d2edb5e52a9,False,,,,binary,,,,,,;;;;;;;;;;;;;;;;;;;;;;
ProjRep/000/000/000/001/544,ProjRep/000/000/000/001,544,,1506,5dd9248bef0fd7b07b8b0952ca4e3ab6008da673b3729b875b94a4dfe47197c8,True,utf-8-sig,1.0000,89,text,,,,,,;;;;;;;;;;;;;;;;;;;;;;
ProjRep/000/000/000/001/545,ProjRep/000/000/000/001,545,,5120,ea924476aaa6c892117b92cd03362fbe8611610f599f42b83fedbcb02872a949,False,,,,binary,,,,,,;;;;;;;;;;;;;;;;;;;;;;
ProjRep/000/000/000/001/546,ProjRep/000/000/000/001,546,,8704,12cd8d270403d4c7c4ea48c639fa08f71c8bb173aa26ee79fbbc1b1579da551a,False,,,,binary,,,,,,;;;;;;;;;;;;;;;;;;;;;;
ProjRep/000/000/000/001/548,ProjRep/000/000/000/001,548,,10240,747f102d1120a616b2ca8d249f1628e03ddc055a79c2b5db9558ad0443eef907,False,,,,binary,,,,,,;;;;;;;;;;;;;;;;;;;;;;
ProjRep/000/000/000/001/550,ProjRep/000/000/000/001,550,,8192,73206cc9c9c2196ac412a3cdfb74c067675908fe0668c878cbf456b1211335dd,False,,,,binary,,,,,,;;;;;;;;;;;;;;;;;;;;;;
ProjRep/000/000/000/001/553,ProjRep/000/000/000/001,553,,8192,48d24fdf579b9c9895862f920dc983f65a9c70c6b94fa915a32ce7165d0455d1,False,,,,binary,,,,,,;;;;;;;;;;;;;;;;;;;;;;
ProjRep/000/000/000/001/556,ProjRep/000/000/000/001,556,,4082,d4baa0876df625ec35fc1fb151c151292746dcaba3d218ae04ff520b452f6194,True,utf-8-sig,1.0000,100,text; contains_function_or_sub; xml_candidate,,,,,Function ,;;;;;;;;;;;;;;;;;;;;
ProjRep/000/000/000/001/558,ProjRep/000/000/000/001,558,,60928,35f5d251b85d90c1e0466d09787f78bc817c34268f4664b4928abb7e4031a6fa,False,,,,binary,,,,,,;;;;;;;;;;;;;;;;;;;;;;
ProjRep/000/000/000/001/560,ProjRep/000/000/000/001,560,,196608,3871fd830adaaec943c9a26fb8edfb61ea0bf7665c3a7680cbd3234a67133034,False,,,,binary,,,,,,;;;;;;;;;;;;;;;;;;;;;;
ProjRep/000/000/000/001/561,ProjRep/000/000/000/001,561,,8704,388a2bca23ee68b61afeeea8e8696ed21339d66dc4450dab4a9418e95ae026e4,False,,,,binary,,,,,,;;;;;;;;;;;;;;;;;;;;;;
ProjRep/000/000/000/001/562,ProjRep/000/000/000/001,562,,43,2cd55c3b6f8e079a18e0dc1af69ea056537e781fc5c5f1357a2f501a50625e42,True,utf-8-sig,1.0000,1,text,,,,,,;;;;;;;;;;;;;;;;;;;;;;
ProjRep/000/000/000/001/563,ProjRep/000/000/000/001,563,,327680,0be84dfab74a0a3d596c6b91edf7b1e7c0d9b27be1faccb03f4c42acc2e1bdaf,False,,,,binary,,,,,,;;;;;;;;;;;;;;;;;;;;;;
ProjRep/000/000/000/001/565,ProjRep/000/000/000/001,565,,10240,bf736d129f19fa96d4ea0e481f3c2f5eb1eebe56a6efd4ef81d22885812731ed,False,,,,binary,,,,,,;;;;;;;;;;;;;;;;;;;;;;
ProjRep/000/000/000/001/566,ProjRep/000/000/000/001,566,,525,779863628b93cd511051d26753ae01693bc4e5de3fa455de88363c4e5b6d6310,True,utf-8-sig,1.0000,11,text; uft_script_candidate; contains_object_references; contains_parameter_references; contains_control_flow,Reporter.ReportEvent; Browser(,Browser(,Parameter(; Environment(,If ; Then; Else; End If,,;;;;;;;;;;;;;
ProjRep/000/000/000/001/612,ProjRep/000/000/000/001,612,,901,fd14d888197a202e8db54280e6f4caad3426986c0db5e25b88501fdae836c6ee,True,utf-8-sig,1.0000,59,text,,,,,,;;;;;;;;;;;;;;;;;;;;;;
ProjRep/000/000/000/001/613,ProjRep/000/000/000/001,613,,4608,61a36164c921ab219f01cd630d89aa383169bfb65b337efee0664ca8ffd577de,False,,,,binary,,,,,,;;;;;;;;;;;;;;;;;;;;;;
ProjRep/000/000/000/001/614,ProjRep/000/000/000/001,614,,16384,7070370ee8f3419d834ac06194baef211ac7b453d91cf861ead7abca4da7e1a3,False,,,,binary,,,,,,;;;;;;;;;;;;;;;;;;;;;;
ProjRep/000/000/000/001/615,ProjRep/000/000/000/001,615,,10392,dea085889cefb0003a60c17c3f2368692f514281ac9d4ab51cbfdf24ea8afeba,True,utf-8-sig,1.0000,236,text; contains_function_or_sub; xml_candidate,,,,,Function ,;;;;;;;;;;;;;;;;;;;;
ProjRep/000/000/000/001/616,ProjRep/000/000/000/001,616,,5120,429d7aa30f6598fa8d002783bfcbf34c2cb33fef164a6ed92b0a51546c6837fd,False,,,,binary,,,,,,;;;;;;;;;;;;;;;;;;;;;;
ProjRep/000/000/000/001/617,ProjRep/000/000/000/001,617,,59392,ed4dcc9404f7e4b616bf561539b4f54b9111aac523a06b8cba0f98014b2f3d8d,False,,,,binary,,,,,,;;;;;;;;;;;;;;;;;;;;;;
ProjRep/000/000/000/001/620,ProjRep/000/000/000/001,620,,1506,188c5841e5a7f697265b7db2731547170f7d2173218a004c4610831709ac5159,True,utf-8-sig,1.0000,89,text,,,,,,;;;;;;;;;;;;;;;;;;;;;;
ProjRep/000/000/000/001/622,ProjRep/000/000/000/001,622,,73728,037d0fe4a0e9312dd2504d28f00d70a6b0a6bf1183f07ee3c341b31fc732cac7,False,,,,binary,,,,,,;;;;;;;;;;;;;;;;;;;;;;
ProjRep/000/000/000/001/623,ProjRep/000/000/000/001,623,,901,c08f874eaca5dfbe3b91badf7b5d4fb3ae48070ac6f03b65d3c95d7078ee5caa,True,utf-8-sig,1.0000,61,text,,,,,,;;;;;;;;;;;;;;;;;;;;;;
ProjRep/000/000/000/001/624,ProjRep/000/000/000/001,624,,1506,c481338948de4c50fd43b9ea5fbbce6fa914cd870ed0a9170b1cba2e52b65e71,True,utf-8-sig,1.0000,89,text,,,,,,;;;;;;;;;;;;;;;;;;;;;;
ProjRep/000/000/000/001/626,ProjRep/000/000/000/001,626,,12288,d2b175b404b09a828002813388b78544bf3679b18e4b905fd2d713e2e40e7420,False,,,,binary,,,,,,;;;;;;;;;;;;;;;;;;;;;;
ProjRep/000/000/000/001/627,ProjRep/000/000/000/001,627,,4308,db63f3d9918b9ceb37745fd0acd34c78bdbfca1632b56ca48c8414704f037bd5,False,,,,binary,,,,,,;;;;;;;;;;;;;;;;;;;;;;
ProjRep/000/000/000/001/629,ProjRep/000/000/000/001,629,,5120,c527bcc8b2bf1080517a631de245e234a4b1c7d14173902bf919ac56c52bd06e,False,,,,binary,,,,,,;;;;;;;;;;;;;;;;;;;;;;
ProjRep/000/000/000/001/630,ProjRep/000/000/000/001,630,,16384,b2df1401aaf84a0ff4f89aefcc9c701a6f23df59bcfd67670a93df41e6f87188,False,,,,binary,,,,,,;;;;;;;;;;;;;;;;;;;;;;
ProjRep/000/000/000/001/631,ProjRep/000/000/000/001,631,,6604,bc96134219334623c7446afbbda247f61a6b2e0d63dcd1b0d15c8945f395797a,True,utf-8-sig,1.0000,152,text; contains_function_or_sub; xml_candidate,,,,,Function ,;;;;;;;;;;;;;;;;;;;;
ProjRep/000/000/000/001/632,ProjRep/000/000/000/001,632,,8704,0f497676b0542e99a3ae927656a986e3651de3be7eea3c77abed41187097d14f,False,,,,binary,,,,,,;;;;;;;;;;;;;;;;;;;;;;
ProjRep/000/000/000/001/634,ProjRep/000/000/000/001,634,,10240,19d3ee4b255eb1e43562631648ebcde07163b8b84c5ae6287f3026dbd509eb07,False,,,,binary,,,,,,;;;;;;;;;;;;;;;;;;;;;;
ProjRep/000/000/000/001/638,ProjRep/000/000/000/001,638,,38400,a925fa0f6b86bc8f213b27d4268e66cab81347d9e3687ee1c85d72696decb4b5,False,,,,binary,,,,,,;;;;;;;;;;;;;;;;;;;;;;
ProjRep/000/000/000/001/641,ProjRep/000/000/000/001,641,,13824,8fa50fe1d8913a8023517b1978df39cbbfe0bcb91e454a4c8b14a65df49d0098,False,,,,binary,,,,,,;;;;;;;;;;;;;;;;;;;;;;
ProjRep/000/000/000/001/644,ProjRep/000/000/000/001,644,,13824,3ea69fbaa162fd9878b6331d638135eb93d27b20e0ae0aa8d637c8ac7ed8f1d6,False,,,,binary,,,,,,;;;;;;;;;;;;;;;;;;;;;;
ProjRep/000/000/000/001/646,ProjRep/000/000/000/001,646,,101888,55557ae35bf5348e4902a1564c82d1bce31710aae5d7b18c66860b250ab48441,False,,,,binary,,,,,,;;;;;;;;;;;;;;;;;;;;;;
ProjRep/000/000/000/001/647,ProjRep/000/000/000/001,647,,48,dc1ff063f5df9d80db46cc511e8b3ba599822ea5d9663b01a5a27641b8d8931c,True,utf-8-sig,1.0000,1,text,,,,,,;;;;;;;;;;;;;;;;;;;;;;
ProjRep/000/000/000/001/648,ProjRep/000/000/000/001,648,,14336,4df8be0fcd82d7383e5dfe83af93d93d10f33e6d8a5ba4dacb547b5ff90792a3,False,,,,binary,,,,,,;;;;;;;;;;;;;;;;;;;;;;
ProjRep/000/000/000/001/650,ProjRep/000/000/000/001,650,,13824,5b2dd7fa6615891cf7233054dd2cfd7d6abef0455b0c4590f521596f748506f7,False,,,,binary,,,,,,;;;;;;;;;;;;;;;;;;;;;;
ProjRep/000/000/000/001/651,ProjRep/000/000/000/001,651,,71680,e99c04b5347bc35e590c152a68e80c187f454bc2d04d2b9dcc57a5a05637c76c,False,,,,binary,,,,,,;;;;;;;;;;;;;;;;;;;;;;
ProjRep/000/000/000/001/652,ProjRep/000/000/000/001,652,,909,d37296d0cf41a2e78267729c9b12e8190c83b38b075446badf5e2a8f24d31977,True,utf-8-sig,1.0000,61,text,,,,,,;;;;;;;;;;;;;;;;;;;;;;
ProjRep/000/000/000/001/653,ProjRep/000/000/000/001,653,,1506,b83d34b2a254e50f537da44eafd971bcdf731eef786b844fe5e5a3130d8e081c,True,utf-8-sig,1.0000,89,text,,,,,,;;;;;;;;;;;;;;;;;;;;;;
ProjRep/000/000/000/001/655,ProjRep/000/000/000/001,655,,12288,280bf4ffb76ba114b71d7ccb5e3991bdf6991becc2d39472de8d2a22f6a71934,False,,,,binary,,,,,,;;;;;;;;;;;;;;;;;;;;;;
ProjRep/000/000/000/001/656,ProjRep/000/000/000/001,656,,4308,6ff53221b6ef4c4d3fcbf21b25d13dc2743fd0f3bc793994fb76a714b306c11e,False,,,,binary,,,,,,;;;;;;;;;;;;;;;;;;;;;;
ProjRep/000/000/000/001/658,ProjRep/000/000/000/001,658,,5120,a229191ef4ac059f454ad6aeadb28f55d1c17faa07fc84edc14c6efc6e982b64,False,,,,binary,,,,,,;;;;;;;;;;;;;;;;;;;;;;
ProjRep/000/000/000/001/659,ProjRep/000/000/000/001,659,,16384,d59aea8c5968fb12133ce2f2a378df09e1ec79cc4e28db535a0a97ce825e169b,False,,,,binary,,,,,,;;;;;;;;;;;;;;;;;;;;;;
ProjRep/000/000/000/001/660,ProjRep/000/000/000/001,660,,8780,12185eef3c305f5073d61d22c1ec1c1481b6d3ac43ffa30d880a8a8e008be2f9,True,utf-8-sig,1.0000,200,text; contains_function_or_sub; xml_candidate,,,,,Function ,;;;;;;;;;;;;;;;;;;;;
ProjRep/000/000/000/001/662,ProjRep/000/000/000/001,662,,8704,953020562b0d4ba39612ee77c7a082c21f8fa959da32dda44dcd5ca7f5198673,False,,,,binary,,,,,,;;;;;;;;;;;;;;;;;;;;;;
ProjRep/000/000/000/001/663,ProjRep/000/000/000/001,663,,50,f6cb81b322cb4108cd9f0fb6d6c1ad57c9abbcbca3c8ab82d9b09cd1bf9dec81,True,utf-8-sig,1.0000,1,text,,,,,,;;;;;;;;;;;;;;;;;;;;;;
ProjRep/000/000/000/001/664,ProjRep/000/000/000/001,664,,196608,8c414cb948088ee4c2c4c732d321ed48df5cdb6d4efdee735671be649c17d77d,False,,,,binary,,,,,,;;;;;;;;;;;;;;;;;;;;;;
ProjRep/000/000/000/001/665,ProjRep/000/000/000/001,665,,8192,ec9ecc7a261a436e9a91d4c4557bb90ac1a6ce4197e20f13b08e22d3f8d563ea,False,,,,binary,,,,,,;;;;;;;;;;;;;;;;;;;;;;
ProjRep/000/000/000/001/666,ProjRep/000/000/000/001,666,,364,ddfd78cb36d263c5fd6bebecec82858daabcbcd5f65d6f3861accf0b3b2a721d,True,utf-8-sig,1.0000,8,text; uft_script_candidate; contains_object_references; contains_parameter_references; contains_control_flow,Reporter.ReportEvent; Browser(,WebElement(; Page(; Browser(,Environment(,If ; Then; Else,,;;;;;;;;;;;;;
ProjRep/000/000/000/001/667,ProjRep/000/000/000/001,667,,71680,31961a31527b5898c2262f1650d0c9d5241724eef75bc8a33e56de1d539245af,False,,,,binary,,,,,,;;;;;;;;;;;;;;;;;;;;;;
ProjRep/000/000/000/001/669,ProjRep/000/000/000/001,669,,1506,8da0184375481ecb975703e7ed3187c906c2a108ea7c1fc789dafd73e8395ad8,True,utf-8-sig,1.0000,89,text,,,,,,;;;;;;;;;;;;;;;;;;;;;;
ProjRep/000/000/000/001/670,ProjRep/000/000/000/001,670,,5120,eb40ac1e24352b182c63453c5de1f02d77024702d908485a22da9bee0d4fdc01,False,,,,binary,,,,,,;;;;;;;;;;;;;;;;;;;;;;
ProjRep/000/000/000/001/671,ProjRep/000/000/000/001,671,,8704,c02b2793315621caf171b049a8b4e98dce07ccd0821330a8380152d8396a63c9,False,,,,binary,,,,,,;;;;;;;;;;;;;;;;;;;;;;
ProjRep/000/000/000/001/673,ProjRep/000/000/000/001,673,,8192,4b23730f9c62016479696bdfa442e62d1774bfe1232ed9a3c2aa882bedebeb5a,False,,,,binary,,,,,,;;;;;;;;;;;;;;;;;;;;;;
ProjRep/000/000/000/001/674,ProjRep/000/000/000/001,674,,365,b7380eb3abfbfa0ff558b8a19abbb4dbcf923e3cfc523dca1ec5f946f37fe924,True,utf-8-sig,1.0000,8,text; uft_script_candidate; contains_object_references; contains_parameter_references; contains_control_flow,Option Explicit; Reporter.ReportEvent; Browser(,WebElement(; Page(; Browser(,Environment(,If ; Then; Else,,;;;;;;;;;;;;
ProjRep/000/000/000/001/675,ProjRep/000/000/000/001,675,,6835,2330c98052e35b39a64f81eedf900661f53efd38c9a3a8813ddeb509f04954d5,True,utf-8-sig,1.0000,159,text; contains_function_or_sub; xml_candidate,,,,,Function ,;;;;;;;;;;;;;;;;;;;;
ProjRep/000/000/000/001/676,ProjRep/000/000/000/001,676,,71680,a815d3a388f02c68de31dd8627ea17cce2eb981ba08873f2850de10fedf421c9,False,,,,binary,,,,,,;;;;;;;;;;;;;;;;;;;;;;
ProjRep/000/000/000/001/677,ProjRep/000/000/000/001,677,,8192,d3bfed01cabb28c6a2a39d8006caf33cb1589ff2390df07ccfeb3f26408c8657,False,,,,binary,,,,,,;;;;;;;;;;;;;;;;;;;;;;
ProjRep/000/000/000/001/678,ProjRep/000/000/000/001,678,,8192,1b4f64e9c927929ae65f5ff0361ea7eeda1e85c4c92f2a6a6b7faecd3f0d4e4a,False,,,,binary,,,,,,;;;;;;;;;;;;;;;;;;;;;;
ProjRep/000/000/000/001/679,ProjRep/000/000/000/001,679,,8922,add9f2859ce5470b80dd643c9f704491ca75d75d3fa3bc33d4d67e105b46fbd4,True,utf-8-sig,1.0000,207,text; contains_function_or_sub; xml_candidate,,,,,Function ,;;;;;;;;;;;;;;;;;;;;
ProjRep/000/000/000/001/680,ProjRep/000/000/000/001,680,,71680,14f1882f89f7ba4dbb36054b04aea3d4f60fbae8d15979f77197930b5be6cafc,False,,,,binary,,,,,,;;;;;;;;;;;;;;;;;;;;;;
ProjRep/000/000/000/001/681,ProjRep/000/000/000/001,681,,8192,90aeeb78dd731c1f96f78dc7c683737db78db6b36d10c1ad53314453a4d2c71f,False,,,,binary,,,,,,;;;;;;;;;;;;;;;;;;;;;;
ProjRep/000/000/000/001/682,ProjRep/000/000/000/001,682,,7680,fd8da2ff79dae535273e3f9c8748e7320918b391dabe2f0d5d1c113109b7e3b3,False,,,,binary,,,,,,;;;;;;;;;;;;;;;;;;;;;;
ProjRep/000/000/000/001/683,ProjRep/000/000/000/001,683,,4698,720161bdb5b5d0afc77f5256e6f0c93df02624c0ede806e3156c85504c9c07c7,True,utf-8-sig,1.0000,111,text; contains_function_or_sub; xml_candidate,,,,,Function ,;;;;;;;;;;;;;;;;;;;;
ProjRep/000/000/000/001/684,ProjRep/000/000/000/001,684,,73728,8d6ea39ca7147ddcc4ec1af1b2e3585287258bf64de070cb3a159b9e5a740c00,False,,,,binary,,,,,,;;;;;;;;;;;;;;;;;;;;;;
ProjRep/000/000/000/001/685,ProjRep/000/000/000/001,685,,8192,0cac14082ebd7405e78e60f9730c38233998870f5f8f8d13ae3328d547d92d10,False,,,,binary,,,,,,;;;;;;;;;;;;;;;;;;;;;;
ProjRep/000/000/000/001/686,ProjRep/000/000/000/001,686,,8192,ec26ee940c23aeaa259e5851f7534c20d04dfead55cdcfac14ef01b2567aae9a,False,,,,binary,,,,,,;;;;;;;;;;;;;;;;;;;;;;
ProjRep/000/000/000/001/687,ProjRep/000/000/000/001,687,,189147,df546e625f957affd59e9d8370216e854906d8789ceb3e72c8650ddb9cfa10c1,False,,,,binary,,,,,,;;;;;;;;;;;;;;;;;;;;;;
ProjRep/000/000/000/001/767,ProjRep/000/000/000/001,767,,71680,57906ca0fecdaf62d9dde137729854d8edd6e368eaa5b6b919ed55abec814c49,False,,,,binary,,,,,,;;;;;;;;;;;;;;;;;;;;;;
ProjRep/000/000/000/001/769,ProjRep/000/000/000/001,769,,1506,e2b761278793fda49aedf6a447c928e3d3873e57e86c8269ec7c8de85f6e58f8,True,utf-8-sig,1.0000,89,text,,,,,,;;;;;;;;;;;;;;;;;;;;;;
ProjRep/000/000/000/001/770,ProjRep/000/000/000/001,770,,12288,4fecc3beb2754cd60e1fffe88e9788fe3fd9fcd836ef6af5f1907d97d6423bcf,False,,,,binary,,,,,,;;;;;;;;;;;;;;;;;;;;;;
ProjRep/000/000/000/001/773,ProjRep/000/000/000/001,773,,5120,f7a65b2217f4d4741e8cbce30be5bddff51abc812fff2395cf4121921a4bb9ae,False,,,,binary,,,,,,;;;;;;;;;;;;;;;;;;;;;;
ProjRep/000/000/000/001/774,ProjRep/000/000/000/001,774,,16384,17d9bc8f984fbc697cb441be47b1596ee0dc299cb469cfd5d892b4c6e4ec3e17,False,,,,binary,,,,,,;;;;;;;;;;;;;;;;;;;;;;
ProjRep/000/000/000/001/775,ProjRep/000/000/000/001,775,,16384,3979f7355b87ce74e187822dc3598515ae2c9fdf71d6ae0cbd3ad4dba170cee2,False,,,,binary,,,,,,;;;;;;;;;;;;;;;;;;;;;;
ProjRep/000/000/000/001/776,ProjRep/000/000/000/001,776,,5689,80f6a4e3e9cba31c69fc0aa24e68c3c752d6d527820e36202db2ac26463de532,True,utf-8-sig,1.0000,128,text; contains_function_or_sub; xml_candidate,,,,,Function ,;;;;;;;;;;;;;;;;;;;;
ProjRep/000/000/000/001/777,ProjRep/000/000/000/001,777,,8704,d039114326350b4519d411358ae220af7b49ed6601c8796693c2500f199e593e,False,,,,binary,,,,,,;;;;;;;;;;;;;;;;;;;;;;
ProjRep/000/000/000/001/779,ProjRep/000/000/000/001,779,,11264,5df8ed867a1d68ccaef9ba6466a5dc3756a0ef97e9b83e7604abdeb4927af8f9,False,,,,binary,,,,,,;;;;;;;;;;;;;;;;;;;;;;
ProjRep/000/000/000/001/780,ProjRep/000/000/000/001,780,,3251,ebf6df449c899868abef9c4fbf5758ebf5cfb4127895bf9deb4f80bb8a06f93a,True,utf-8-sig,1.0000,82,text; uft_script_candidate; contains_object_references; contains_parameter_references; contains_control_flow; contains_function_or_sub,Reporter.ReportEvent; Browser(; Window(; Dialog(,Browser(,Parameter(; Environment(,If ; Then; Else; End If,Function ; End Function,;;;;;;;;;
ProjRep/000/000/000/001/781,ProjRep/000/000/000/001,781,,72704,c07983431198127f3290e93c2873bf4c84470146fe21353a0e008e6153e7cc5c,False,,,,binary,,,,,,;;;;;;;;;;;;;;;;;;;;;;
ProjRep/000/000/000/001/783,ProjRep/000/000/000/001,783,,1506,649db55382940056f38bfdd53b800b3f4d9f89658e50aefa4c95a2f448c5f15c,True,utf-8-sig,1.0000,89,text,,,,,,;;;;;;;;;;;;;;;;;;;;;;
ProjRep/000/000/000/001/784,ProjRep/000/000/000/001,784,,5120,0a8f5de228b9b9c87a8ede91f4fa05ad491a82db0ffd27524034c0b82215699e,False,,,,binary,,,,,,;;;;;;;;;;;;;;;;;;;;;;
ProjRep/000/000/000/001/785,ProjRep/000/000/000/001,785,,8704,b9147bb4d4309fe68ebc927863e4b807b502cad66d05f1c04f444ee55fc05ad7,False,,,,binary,,,,,,;;;;;;;;;;;;;;;;;;;;;;
ProjRep/000/000/000/001/787,ProjRep/000/000/000/001,787,,11264,28f8454814ef3c781686f4e1a3ddf7b399fb5a6f8e36bdf9025bbc80f830e358,False,,,,binary,,,,,,;;;;;;;;;;;;;;;;;;;;;;
ProjRep/000/000/000/001/788,ProjRep/000/000/000/001,788,,3253,d6b6f36be70d5450c130ec684a355f73b69a1624379eca260cb8096be4e1ce0b,True,utf-8-sig,1.0000,82,text; uft_script_candidate; contains_object_references; contains_parameter_references; contains_control_flow; contains_function_or_sub,Reporter.ReportEvent; Browser(; Window(; Dialog(,Browser(,Parameter(; Environment(,If ; Then; Else; End If,Function ; End Function,;;;;;;;;;
ProjRep/000/000/000/001/789,ProjRep/000/000/000/001,789,,71680,d21f5f706825426257a18f95f5b4f81dab27f00b410cee4e705d676c102942cc,False,,,,binary,,,,,,;;;;;;;;;;;;;;;;;;;;;;
ProjRep/000/000/000/001/790,ProjRep/000/000/000/001,790,,909,cb69daf06e2065d847e37c43ebb41067f2d6d4c166e74d229ceca4017419ceb4,True,utf-8-sig,1.0000,61,text,,,,,,;;;;;;;;;;;;;;;;;;;;;;
ProjRep/000/000/000/001/791,ProjRep/000/000/000/001,791,,1506,884953d4f9aae9b9aa729a3d49b678b879261ded1ef7987e94a6262bac48f3bf,True,utf-8-sig,1.0000,89,text,,,,,,;;;;;;;;;;;;;;;;;;;;;;
ProjRep/000/000/000/001/792,ProjRep/000/000/000/001,792,,12288,a36bf12a429b49368e142e3f621f00ce9d8040ea6739984d1d40207052627c89,False,,,,binary,,,,,,;;;;;;;;;;;;;;;;;;;;;;
ProjRep/000/000/000/001/793,ProjRep/000/000/000/001,793,,4306,a54621a2871c172a24a2fe93959aaf7cb4a93082656f2abbf532df9ada853cc6,False,,,,binary,,,,,,;;;;;;;;;;;;;;;;;;;;;;
ProjRep/000/000/000/001/795,ProjRep/000/000/000/001,795,,5120,34ce2dab2bbb41408eb120815b1e7de55da95cadfa6f76376491ea2dae1d4ca9,False,,,,binary,,,,,,;;;;;;;;;;;;;;;;;;;;;;
ProjRep/000/000/000/001/796,ProjRep/000/000/000/001,796,,16384,5e729b82d51ca2addef8f1110d6581a254db928ccd37c1ecd16e3aca15cefd72,False,,,,binary,,,,,,;;;;;;;;;;;;;;;;;;;;;;
ProjRep/000/000/000/001/797,ProjRep/000/000/000/001,797,,16384,2c2bb6c069c58d3b363047a9674e57b4954fe5935f69e16f1f8d09844169b9cb,False,,,,binary,,,,,,;;;;;;;;;;;;;;;;;;;;;;
ProjRep/000/000/000/001/798,ProjRep/000/000/000/001,798,,5679,982da2073299a98db2233a12585d19b6a64ed10049309d7357ed91e7ab1e225e,True,utf-8-sig,1.0000,128,text; contains_function_or_sub; xml_candidate,,,,,Function ,;;;;;;;;;;;;;;;;;;;;
ProjRep/000/000/000/001/799,ProjRep/000/000/000/001,799,,8704,920a031f95fcb5f34152725fc2a1fb78d52aca5bf7cdd944bd8423de7634cee3,False,,,,binary,,,,,,;;;;;;;;;;;;;;;;;;;;;;
ProjRep/000/000/000/001/800,ProjRep/000/000/000/001,800,,50,edd3b897d5a467db6b97b65ea517142f2647a4490e8da54593603367387500e5,True,utf-8-sig,1.0000,1,text,,,,,,;;;;;;;;;;;;;;;;;;;;;;
ProjRep/000/000/000/001/801,ProjRep/000/000/000/001,801,,245760,1a93efc945e296f135f336809f1c0b28a372680de110cbaef299933cd3de13ec,False,,,,binary,,,,,,;;;;;;;;;;;;;;;;;;;;;;
ProjRep/000/000/000/001/802,ProjRep/000/000/000/001,802,,9216,c48028033aefb5210d6ff7908e98fa49a08c01dd338a9c8138b6488ced832c8c,False,,,,binary,,,,,,;;;;;;;;;;;;;;;;;;;;;;
ProjRep/000/000/000/001/803,ProjRep/000/000/000/001,803,,764,3d8c0059603cc3d1977536652016366c038df5fc68fb1cccf050defaf1a8e1c4,True,utf-8-sig,1.0000,14,text; uft_script_candidate; contains_object_references; contains_parameter_references; contains_control_flow,Option Explicit; Reporter.ReportEvent; ExitTest; Browser(,WebEdit(; WebButton(; WebElement(; Page(; Browser(,Parameter(; Environment(,If ; Then; Else,,;;;;;;;;
ProjRep/000/000/000/001/804,ProjRep/000/000/000/001,804,,71680,ef1a879e06d3606a776adee4892d64522c8ecf279d214c0d067d1ee092c8a8b8,False,,,,binary,,,,,,;;;;;;;;;;;;;;;;;;;;;;
ProjRep/000/000/000/001/806,ProjRep/000/000/000/001,806,,1506,773db7a6a4655c50abdc389a4542eba27a6081453f48a890a074ab31e7162983,True,utf-8-sig,1.0000,89,text,,,,,,;;;;;;;;;;;;;;;;;;;;;;
ProjRep/000/000/000/001/807,ProjRep/000/000/000/001,807,,5120,3c115551d7f3c07826d05f1a81c4e707855f84d7e9ad8e684feb115fbf7e16f4,False,,,,binary,,,,,,;;;;;;;;;;;;;;;;;;;;;;
ProjRep/000/000/000/001/808,ProjRep/000/000/000/001,808,,8704,be9515ff7189243d2150663bccfdd0ced35a174eaa2ffeadb7eebc521068b66d,False,,,,binary,,,,,,;;;;;;;;;;;;;;;;;;;;;;
ProjRep/000/000/000/001/810,ProjRep/000/000/000/001,810,,9216,683e65a510b5725e000cb2bb8795a886a4bd8aa8d811ceacc8da5a99698812e9,False,,,,binary,,,,,,;;;;;;;;;;;;;;;;;;;;;;
ProjRep/000/000/000/001/811,ProjRep/000/000/000/001,811,,756,77bc94dd81237611caa73a7c9df180924b9a87af3231cab1e2bb68f0ce96b93d,True,utf-8-sig,1.0000,14,text; uft_script_candidate; contains_object_references; contains_parameter_references; contains_control_flow,Option Explicit; Reporter.ReportEvent; ExitTest; Browser(,WebEdit(; WebButton(; WebElement(; Page(; Browser(,Parameter(; Environment(,If ; Then; Else,,;;;;;;;;
ProjRep/000/000/000/001/812,ProjRep/000/000/000/001,812,,71680,33e48ae945ef1c801ebf928b59bd0cbf322cb32d154e17e40c242a794c9a7804,False,,,,binary,,,,,,;;;;;;;;;;;;;;;;;;;;;;
ProjRep/000/000/000/001/814,ProjRep/000/000/000/001,814,,1506,b9d47f02a3968505dd100ce2ad80368a2f1bfc81e251f2ef6c5641a01bdf90c0,True,utf-8-sig,1.0000,89,text,,,,,,;;;;;;;;;;;;;;;;;;;;;;
ProjRep/000/000/000/001/815,ProjRep/000/000/000/001,815,,5120,0322e97f3ba32ccb74891cfbb24b40782803eb36c9b3c2877e8ad120b0c495fd,False,,,,binary,,,,,,;;;;;;;;;;;;;;;;;;;;;;
ProjRep/000/000/000/001/816,ProjRep/000/000/000/001,816,,8704,5598472942326a0640710ff737a458cb399482c4247878fc4c9f739a26caddaa,False,,,,binary,,,,,,;;;;;;;;;;;;;;;;;;;;;;
ProjRep/000/000/000/001/818,ProjRep/000/000/000/001,818,,245760,738ab35d023c78a889c830a35c3a36d14789f872d821335298d03ab8269cf908,False,,,,binary,,,,,,;;;;;;;;;;;;;;;;;;;;;;
ProjRep/000/000/000/001/819,ProjRep/000/000/000/001,819,,9216,eedd7273a5dc7b22a1db42e8dcd891a7012235545c0f4554fea7dff8954a7e80,False,,,,binary,,,,,,;;;;;;;;;;;;;;;;;;;;;;
ProjRep/000/000/000/001/820,ProjRep/000/000/000/001,820,,1077,78bf1f305e337152f7d9e6d4e727eeb785028aa0275451dbc0ee71756e314dc5,True,utf-8-sig,1.0000,20,text; uft_script_candidate; contains_object_references; contains_parameter_references; contains_control_flow,Option Explicit; Reporter.ReportEvent; ExitTest; Browser(,WebEdit(; WebButton(; WebElement(; Page(; Browser(,Parameter(; Environment(,If ; Then; Else,,;;;;;;;;
ProjRep/000/000/000/001/821,ProjRep/000/000/000/001,821,,71168,20d8dd91be1476f3fb80ff588674ab6951900a673cef395d08ebaf521f7c51e3,False,,,,binary,,,,,,;;;;;;;;;;;;;;;;;;;;;;
ProjRep/000/000/000/001/822,ProjRep/000/000/000/001,822,,872,95600db478ecb69a624ee9811ffd5c43f23736cb4624a9da1930f8374ff148e3,True,utf-8-sig,1.0000,56,text,,,,,,;;;;;;;;;;;;;;;;;;;;;;
ProjRep/000/000/000/001/823,ProjRep/000/000/000/001,823,,1506,d5051945e1ef6f0b98680781c25287954efb1fb7c6d7d860553d016216bf8174,True,utf-8-sig,1.0000,89,text,,,,,,;;;;;;;;;;;;;;;;;;;;;;
ProjRep/000/000/000/001/824,ProjRep/000/000/000/001,824,,12288,29f5c9c159542f86ad3da38d432a2675f654ec9f104e952b4a576f318b6a42c8,False,,,,binary,,,,,,;;;;;;;;;;;;;;;;;;;;;;
ProjRep/000/000/000/001/825,ProjRep/000/000/000/001,825,,4314,ccaa587a98c87333ffdd3ef068374a6f5f7c42e8e294e87755bdcce20365d92e,False,,,,binary,,,,,,;;;;;;;;;;;;;;;;;;;;;;
ProjRep/000/000/000/001/827,ProjRep/000/000/000/001,827,,5120,af688d44ce17401647b6102eb44615da54c5a9daf499f0ed952fad47d8769af1,False,,,,binary,,,,,,;;;;;;;;;;;;;;;;;;;;;;
ProjRep/000/000/000/001/828,ProjRep/000/000/000/001,828,,16384,14d19997d6e55c41a00328e85d5c159e3556c80b23703554d8a12444caf6f00d,False,,,,binary,,,,,,;;;;;;;;;;;;;;;;;;;;;;
ProjRep/000/000/000/001/829,ProjRep/000/000/000/001,829,,7254,80e59f62dbb4d1ac453c81af3e253e2ba3468f58266dd9fd26ca2caacf3a28ca,True,utf-8-sig,1.0000,164,text; contains_function_or_sub; xml_candidate,,,,,Function ,;;;;;;;;;;;;;;;;;;;;
ProjRep/000/000/000/001/830,ProjRep/000/000/000/001,830,,8704,3ec4f3a8860864c46eb80d0121ff0a30d14ad33b709fc307e430e31fbfc7a28d,False,,,,binary,,,,,,;;;;;;;;;;;;;;;;;;;;;;
ProjRep/000/000/000/001/831,ProjRep/000/000/000/001,831,,58,ca1d1211f02aa0773bbba633ac0bfc6d400195a69d6941c9e848df86721e3317,True,utf-8-sig,1.0000,1,text,,,,,,;;;;;;;;;;;;;;;;;;;;;;
ProjRep/000/000/000/001/832,ProjRep/000/000/000/001,832,,12800,1619d287db6f7806d93b3bcff0b025aec68d68f9a2381494c1cf6e4351c72e2e,False,,,,binary,,,,,,;;;;;;;;;;;;;;;;;;;;;;
ProjRep/000/000/000/001/833,ProjRep/000/000/000/001,833,,4688,5fe6425b265c145f8595e44e9d3aa7486bef2eaffa5d05575ddd4972a3befb4c,True,utf-8-sig,1.0000,111,text; uft_script_candidate; contains_parameter_references; contains_control_flow; contains_function_or_sub,Reporter.ReportEvent; ExitTest,,Parameter(,If ; Then; Else; End If; For ; Next,Function ; End Function,;;;;;;;;;;;
ProjRep/000/000/000/001/834,ProjRep/000/000/000/001,834,,71168,f05c4b5be2cd9b563250c33a3930074803ce1640a5cbffb6106e4073e9c31b5c,False,,,,binary,,,,,,;;;;;;;;;;;;;;;;;;;;;;
ProjRep/000/000/000/001/836,ProjRep/000/000/000/001,836,,1506,7a4f67733e5153cf70378bfc788ff4eed0592584697e4c886ac5cd04926753c0,True,utf-8-sig,1.0000,89,text,,,,,,;;;;;;;;;;;;;;;;;;;;;;
ProjRep/000/000/000/001/837,ProjRep/000/000/000/001,837,,5120,62b60c484f7f5568cf67d2c28b1e4584f69d4b3d1779881cc6a4057b5572c546,False,,,,binary,,,,,,;;;;;;;;;;;;;;;;;;;;;;
ProjRep/000/000/000/001/838,ProjRep/000/000/000/001,838,,8704,72e451e471111d528cb962381f8d6b66011a9dfa240bb18213cdedef8b55523d,False,,,,binary,,,,,,;;;;;;;;;;;;;;;;;;;;;;
ProjRep/000/000/000/001/840,ProjRep/000/000/000/001,840,,12800,f00eac69edb595e7763974abf6635537b7db2793db743cd2cb1daab263768c5d,False,,,,binary,,,,,,;;;;;;;;;;;;;;;;;;;;;;
ProjRep/000/000/000/001/841,ProjRep/000/000/000/001,841,,71680,7ae46ff221a1a9250aea02eb01e3037e23650f7a412016aa04c237eda73661d5,False,,,,binary,,,,,,;;;;;;;;;;;;;;;;;;;;;;
ProjRep/000/000/000/001/842,ProjRep/000/000/000/001,842,,917,8e8bfb4c9e3f02bd8957f3bf1f3e9081c6e0fdc3f6c9f16d8efb1e645a88b918,True,utf-8-sig,1.0000,61,text,,,,,,;;;;;;;;;;;;;;;;;;;;;;
ProjRep/000/000/000/001/843,ProjRep/000/000/000/001,843,,1506,429c67184d97fae77d401e21195cbb970402a4f90a2c8b17415dd5c763e4d7a7,True,utf-8-sig,1.0000,89,text,,,,,,;;;;;;;;;;;;;;;;;;;;;;
ProjRep/000/000/000/001/844,ProjRep/000/000/000/001,844,,5120,ea5aa25d4f0938cd855da1aac4fb7a6d75bb6765240e998d4527c10aec1d5a40,False,,,,binary,,,,,,;;;;;;;;;;;;;;;;;;;;;;
ProjRep/000/000/000/001/845,ProjRep/000/000/000/001,845,,8704,b6b055950916dbcdd957b600d8a028fd282314bae1ae91bf834a0314ba17624e,False,,,,binary,,,,,,;;;;;;;;;;;;;;;;;;;;;;
ProjRep/000/000/000/001/847,ProjRep/000/000/000/001,847,,12800,26c2557b41a458442029d089c6679a695f55e0312d9ae9b384b9978671bfc5c9,False,,,,binary,,,,,,;;;;;;;;;;;;;;;;;;;;;;
ProjRep/000/000/000/001/848,ProjRep/000/000/000/001,848,,4960,2ff57f9e39193f6dad939e1ec94b32fd889ce9a36c211ee9823c62209336b3a7,True,utf-8-sig,1.0000,125,text; uft_script_candidate; contains_parameter_references; contains_control_flow; contains_function_or_sub,Reporter.ReportEvent; ExitTest,,Parameter(,If ; Then; Else; End If; For ; Next,Function ; End Function,;;;;;;;;;;;
ProjRep/000/000/000/001/849,ProjRep/000/000/000/001,849,,17398,016fc1c5f555133d93a9c74033a2e5a1726d76693a0ca9e1faf18caef7287b12,True,utf-16,1.0000,260,text; uft_script_candidate; contains_control_flow; contains_function_or_sub,Option Explicit; Reporter.ReportEvent,,,If ; Then; Else; End If; For ; Next; Wend,Function ; End Function; Sub ; End Sub,;;;;;;;;;
ProjRep/000/000/000/001/850,ProjRep/000/000/000/001,850,,8695,ce90b9d6e9ae0daf83fbc72c7643db014a6fdf90fd14033f96f472771eb42f2e,True,utf-8-sig,1.0000,260,text; uft_script_candidate; contains_control_flow; contains_function_or_sub,Option Explicit; Reporter.ReportEvent,,,If ; Then; Else; End If; For ; Next; Wend,Function ; End Function; Sub ; End Sub,;;;;;;;;;
ProjRep/000/000/000/001/851,ProjRep/000/000/000/001,851,,9004,7b2e82f2c4711a343ae155f86687ba2b28ef362f45fb6feb9493002205003306,True,utf-8-sig,1.0000,276,text; uft_script_candidate; contains_control_flow; contains_function_or_sub,Option Explicit; Reporter.ReportEvent,,,If ; Then; Else; End If; For ; Next; Wend,Function ; End Function; Sub ; End Sub,;;;;;;;;;
ProjRep/000/000/000/001/855,ProjRep/000/000/000/001,855,,38400,2bd16aa43b43207e6d50a5c66ba120f7578cabb040d27bf965796626937114aa,False,,,,binary,,,,,,;;;;;;;;;;;;;;;;;;;;;;
ProjRep/000/000/000/001/858,ProjRep/000/000/000/001,858,,13824,bfc522ca11b21762bd3c21a72e9c4be1b7d26d9d6b6f46bdfc91ec85a3ab1cfc,False,,,,binary,,,,,,;;;;;;;;;;;;;;;;;;;;;;
ProjRep/000/000/000/001/861,ProjRep/000/000/000/001,861,,13824,7054f684b3cba43aceb443f2da25d75198782c075b6b1844d0d7d03ed8fa3a99,False,,,,binary,,,,,,;;;;;;;;;;;;;;;;;;;;;;
ProjRep/000/000/000/001/863,ProjRep/000/000/000/001,863,,100864,96706a957b70e007d9576d6192f815d35644046e64b52ce927be3af3c3ace843,False,,,,binary,,,,,,;;;;;;;;;;;;;;;;;;;;;;
ProjRep/000/000/000/001/864,ProjRep/000/000/000/001,864,,62,f8078fcbe01f8f30619bd27336df1ad897c94ffce620cae8f080c5c59b5a47a7,True,utf-8-sig,1.0000,1,text,,,,,,;;;;;;;;;;;;;;;;;;;;;;
ProjRep/000/000/000/001/865,ProjRep/000/000/000/001,865,,14336,dd3873c369d1b888808600c74dcccbf6263e0518cfcb31f739796d13fa2ebd1f,False,,,,binary,,,,,,;;;;;;;;;;;;;;;;;;;;;;
ProjRep/000/000/000/001/867,ProjRep/000/000/000/001,867,,13312,feb8e788b62cfc13df4d9eee4b86318896626609f24c16ce6463157cb3fe9c71,False,,,,binary,,,,,,;;;;;;;;;;;;;;;;;;;;;;
ProjRep/000/000/000/001/868,ProjRep/000/000/000/001,868,,71680,c5bdc89c3ad62c587e4870af337df16fe91e7577d85db2ce67c208e669a1144b,False,,,,binary,,,,,,;;;;;;;;;;;;;;;;;;;;;;
ProjRep/000/000/000/001/869,ProjRep/000/000/000/001,869,,923,fd3a66f3d70fcef255998d354ba6695ee5f5eb534da722cbc506eb6c4a2562ea,True,utf-8-sig,1.0000,61,text,,,,,,;;;;;;;;;;;;;;;;;;;;;;
ProjRep/000/000/000/001/870,ProjRep/000/000/000/001,870,,1506,12d2079e3bb16f8e61fe44bde68d62f19161a82d50f9b4d2c82fc1e4a7a76717,True,utf-8-sig,1.0000,89,text,,,,,,;;;;;;;;;;;;;;;;;;;;;;
ProjRep/000/000/000/001/872,ProjRep/000/000/000/001,872,,12288,130affe2f30aeba2294a75115167db4094d59e7d84f0cd0e22f8c386edf54d5e,False,,,,binary,,,,,,;;;;;;;;;;;;;;;;;;;;;;
ProjRep/000/000/000/001/873,ProjRep/000/000/000/001,873,,4322,9db01e8e9d34de235ffc87aee18cdb3c5bbbc149e571a5826cf177a0d15fde61,False,,,,binary,,,,,,;;;;;;;;;;;;;;;;;;;;;;
ProjRep/000/000/000/001/875,ProjRep/000/000/000/001,875,,5120,f577bc17a8ca11604c53f46ec875881b7338c700300813d329290ce30a50ca1f,False,,,,binary,,,,,,;;;;;;;;;;;;;;;;;;;;;;
ProjRep/000/000/000/001/876,ProjRep/000/000/000/001,876,,16384,15f7db0c23e6aa66dea1237c147001fa14ac1e6d72cf1081b7a3b3dea1f65536,False,,,,binary,,,,,,;;;;;;;;;;;;;;;;;;;;;;
ProjRep/000/000/000/001/877,ProjRep/000/000/000/001,877,,5777,1a5d574ebf66fb4f7f0933d663f2578e22142beb6918213bd501e41df61e0312,True,utf-8-sig,1.0000,128,text; contains_function_or_sub; xml_candidate,,,,,Function ,;;;;;;;;;;;;;;;;;;;;
ProjRep/000/000/000/001/879,ProjRep/000/000/000/001,879,,8704,b2dba855b90512f301a84a8d929144314aebdb06df1dc471338fccb3d6a8b3ee,False,,,,binary,,,,,,;;;;;;;;;;;;;;;;;;;;;;
ProjRep/000/000/000/001/880,ProjRep/000/000/000/001,880,,64,2a7b71c60989e7c246da6a695c2f1d9ed7dfd4e7c94def784b2408de5f384c13,True,utf-8-sig,1.0000,1,text,,,,,,;;;;;;;;;;;;;;;;;;;;;;
ProjRep/000/000/000/001/881,ProjRep/000/000/000/001,881,,229376,2504e9e6b22c90110e4e723593a978be1f232f3b4e4d38b87ebe44a9860d5c45,False,,,,binary,,,,,,;;;;;;;;;;;;;;;;;;;;;;
ProjRep/000/000/000/001/882,ProjRep/000/000/000/001,882,,8704,25a47fae1c918f42b374e56e7692dfffb3e4c57e3980e99feaea83720683c3e2,False,,,,binary,,,,,,;;;;;;;;;;;;;;;;;;;;;;
ProjRep/000/000/000/001/883,ProjRep/000/000/000/001,883,,367,d97f3596897b0f4c9481025c1df7bc1915519696dad018838dfab08a6b3f7be9,True,utf-8-sig,1.0000,8,text; uft_script_candidate; contains_object_references; contains_control_flow,Option Explicit; Browser(,WebElement(; Page(; Browser(,,If ; Then,,;;;;;;;;;;;;;;;
ProjRep/000/000/000/001/884,ProjRep/000/000/000/001,884,,71680,b4a9c8b93988a20ed7db6b038aa38f40f5c46346cb041bcec66be79f5ed4c867,False,,,,binary,,,,,,;;;;;;;;;;;;;;;;;;;;;;
ProjRep/000/000/000/001/886,ProjRep/000/000/000/001,886,,1506,a63f7a910cb9a43463a7ea40c0074884e465972514b50b3e18ec32af616a1a65,True,utf-8-sig,1.0000,89,text,,,,,,;;;;;;;;;;;;;;;;;;;;;;
ProjRep/000/000/000/001/887,ProjRep/000/000/000/001,887,,5120,6c156b5e7f8f3b1818c4f5f1823425969e3f431521e97d6da45284c3641f4e8c,False,,,,binary,,,,,,;;;;;;;;;;;;;;;;;;;;;;
ProjRep/000/000/000/001/888,ProjRep/000/000/000/001,888,,8704,fc52a4f20574aeffcc825fdfa059c34b154f6f5ee48873cb71ce57f909d897af,False,,,,binary,,,,,,;;;;;;;;;;;;;;;;;;;;;;
ProjRep/000/000/000/001/890,ProjRep/000/000/000/001,890,,245760,4be11b10d361c10144d7977718e484a901238849045c24b288e21829e49aee64,False,,,,binary,,,,,,;;;;;;;;;;;;;;;;;;;;;;
ProjRep/000/000/000/001/891,ProjRep/000/000/000/001,891,,8704,dea81c7fb83eec088f6ce29c971fecee4ac3e1b1e314c712201f5752e1352e0d,False,,,,binary,,,,,,;;;;;;;;;;;;;;;;;;;;;;
ProjRep/000/000/000/001/892,ProjRep/000/000/000/001,892,,361,1321f336ebfb0125957e1a244c5912bccffe1829e8888dbcda1c138d47d49b35,True,utf-8-sig,1.0000,8,text; uft_script_candidate; contains_object_references; contains_control_flow,Option Explicit; Browser(,WebElement(; Page(; Browser(,,If ; Then,,;;;;;;;;;;;;;;;
ProjRep/000/000/000/001/893,ProjRep/000/000/000/001,893,,71680,2b8d44a662632bd3f63eafe38c0f074cf21a9b4ff91b8ace61044bcbf3baba86,False,,,,binary,,,,,,;;;;;;;;;;;;;;;;;;;;;;
ProjRep/000/000/000/001/895,ProjRep/000/000/000/001,895,,1506,b530c26e9f49b30f0e3f2d606ab5468cfc2221e7f88079c0ea94782cd7a7b49b,True,utf-8-sig,1.0000,89,text,,,,,,;;;;;;;;;;;;;;;;;;;;;;
ProjRep/000/000/000/001/896,ProjRep/000/000/000/001,896,,5120,2c2e5166aa0036d838cf487b590a227038360782c4bf0ca7e6e5ff9ba75fc989,False,,,,binary,,,,,,;;;;;;;;;;;;;;;;;;;;;;
ProjRep/000/000/000/001/897,ProjRep/000/000/000/001,897,,8704,7cd6d70e1263e64dd2e7c53291a1bb35f044aa0bd0d4e20ca8f85cc7ee13aa71,False,,,,binary,,,,,,;;;;;;;;;;;;;;;;;;;;;;
ProjRep/000/000/000/001/899,ProjRep/000/000/000/001,899,,8704,d74effca80320c560414aa995cb20a5100ba71b3aa045d86ce362ecb9930f37e,False,,,,binary,,,,,,;;;;;;;;;;;;;;;;;;;;;;
ProjRep/000/000/000/001/900,ProjRep/000/000/000/001,900,,355,80615716d555baa88c1df671cbeb42bea51f53b1849fb36fadd5697b63c3a6d3,True,utf-8-sig,1.0000,8,text; uft_script_candidate; contains_object_references; contains_control_flow,Option Explicit; Browser(,WebElement(; Page(; Browser(,,If ; Then,,;;;;;;;;;;;;;;;
ProjRep/000/000/000/001/901,ProjRep/000/000/000/001,901,,71680,c0dcda678e3c7bba26363ffff83d127e4fcbbdc5fa744d7df9be59dfad9bcf35,False,,,,binary,,,,,,;;;;;;;;;;;;;;;;;;;;;;
ProjRep/000/000/000/001/903,ProjRep/000/000/000/001,903,,1506,0f9c3c5a1841dd1e4e6ecc0265bc1dfc4a86ba0eb1af41ec2b8ce6817227339c,True,utf-8-sig,1.0000,89,text,,,,,,;;;;;;;;;;;;;;;;;;;;;;
ProjRep/000/000/000/001/904,ProjRep/000/000/000/001,904,,5120,a1fb1e66d1e6baba72261a22b814e320c76972dc3e8f432b08d53990cb80221f,False,,,,binary,,,,,,;;;;;;;;;;;;;;;;;;;;;;
ProjRep/000/000/000/001/905,ProjRep/000/000/000/001,905,,8704,d2ee25bc34761e13f7114dc456e8a311719b44cc1568889f2653ab891123dc0b,False,,,,binary,,,,,,;;;;;;;;;;;;;;;;;;;;;;
ProjRep/000/000/000/001/907,ProjRep/000/000/000/001,907,,245760,456e34f4d0df64094926bc156584eda7aaeb06d32b6681852d277b816f2d5564,False,,,,binary,,,,,,;;;;;;;;;;;;;;;;;;;;;;
ProjRep/000/000/000/001/908,ProjRep/000/000/000/001,908,,8704,5b0b97ccce4d7d41805233eadc215a3d602d7492a76e57b44753941e54bceee5,False,,,,binary,,,,,,;;;;;;;;;;;;;;;;;;;;;;
ProjRep/000/000/000/001/909,ProjRep/000/000/000/001,909,,458,df7ba5abe21bc913389192e9582f2da203dff72ef4a8fe989006b1c92ea98cdc,True,utf-8-sig,1.0000,8,text; uft_script_candidate; contains_object_references; contains_control_flow,Option Explicit; Browser(,WebElement(; WebList(; Page(; Browser(,,If ; Then,,;;;;;;;;;;;;;;
ProjRep/000/000/000/001/910,ProjRep/000/000/000/001,910,,71680,1ec5b6fb492d5780db1fa1ba2b2fa23853c4d92930a258ce20a1f1b6127f6888,False,,,,binary,,,,,,;;;;;;;;;;;;;;;;;;;;;;
ProjRep/000/000/000/001/912,ProjRep/000/000/000/001,912,,1506,56d5e9ff935829cb4547d1ca6031c49c2045cd96173f596aa3e0adba34d1a104,True,utf-8-sig,1.0000,89,text,,,,,,;;;;;;;;;;;;;;;;;;;;;;
ProjRep/000/000/000/001/913,ProjRep/000/000/000/001,913,,5120,45ec900fb7798e79acfd3d8563cc0e358a0ed1d617017b09a6bc06ebf7e372ae,False,,,,binary,,,,,,;;;;;;;;;;;;;;;;;;;;;;
ProjRep/000/000/000/001/914,ProjRep/000/000/000/001,914,,8704,c6c3066f27aab97b5156b53f98c1bf18a4abf38acf74686fc8f57375a5cf2930,False,,,,binary,,,,,,;;;;;;;;;;;;;;;;;;;;;;
ProjRep/000/000/000/001/916,ProjRep/000/000/000/001,916,,262144,b03c228f9eeeb7e102c532e635ff5bf09c621f1ea829496a87990b83f8484a2f,False,,,,binary,,,,,,;;;;;;;;;;;;;;;;;;;;;;
ProjRep/000/000/000/001/917,ProjRep/000/000/000/001,917,,8704,000b70b22dcbabeaf28e61cb4c6091a339789f5af8a88cbf7d3f0d37e6bbb1e0,False,,,,binary,,,,,,;;;;;;;;;;;;;;;;;;;;;;
ProjRep/000/000/000/001/918,ProjRep/000/000/000/001,918,,484,af9dcd52a87168ccf7d71cd26dc4bb73c489243a1291e3b7cbc538dac040bfd6,True,utf-8-sig,1.0000,8,text; uft_script_candidate; contains_object_references; contains_control_flow,Option Explicit; Browser(,WebElement(; WebList(; Page(; Browser(,,If ; Then,,;;;;;;;;;;;;;;
ProjRep/000/000/000/001/919,ProjRep/000/000/000/001,919,,71680,9a285bcf3a830d77b7551afcced901eb776d5c568744a60c97a2ffc1405c84c0,False,,,,binary,,,,,,;;;;;;;;;;;;;;;;;;;;;;
ProjRep/000/000/000/001/921,ProjRep/000/000/000/001,921,,1506,25def3141c0ae1656278a20e5babd8d2b226d98328dbbb632472dd440e216146,True,utf-8-sig,1.0000,89,text,,,,,,;;;;;;;;;;;;;;;;;;;;;;
ProjRep/000/000/000/001/923,ProjRep/000/000/000/001,923,,12288,993506943d6506289f6f15ba4050716ca179eafeaa94b7463072bc45de4907c3,False,,,,binary,,,,,,;;;;;;;;;;;;;;;;;;;;;;
ProjRep/000/000/000/001/924,ProjRep/000/000/000/001,924,,4315,5d394b3f619e71c4ce912a5a012d4aef9c8a4eb9d33bad39287ca19357b217d0,False,,,,binary,,,,,,;;;;;;;;;;;;;;;;;;;;;;
ProjRep/000/000/000/001/926,ProjRep/000/000/000/001,926,,5120,5346a28a407715ae85abf4a5a7b287f6e0c3577b26d5721d880243841e223094,False,,,,binary,,,,,,;;;;;;;;;;;;;;;;;;;;;;
ProjRep/000/000/000/001/927,ProjRep/000/000/000/001,927,,16384,03abc806329df5a024df98e767d949870595f6e39dfff575693d296c6d931e60,False,,,,binary,,,,,,;;;;;;;;;;;;;;;;;;;;;;
ProjRep/000/000/000/001/928,ProjRep/000/000/000/001,928,,5782,8fa92a8604c01d008d0ff4229c0ece628586bb105e38e8559676bb4fb6ebb78f,True,utf-8-sig,1.0000,128,text; contains_function_or_sub; xml_candidate,,,,,Function ,;;;;;;;;;;;;;;;;;;;;
ProjRep/000/000/000/001/930,ProjRep/000/000/000/001,930,,8704,3d2d0c66b08a5cf37224326de386ff7bfd70056902f7d1b5872f1a2c0ac27631,False,,,,binary,,,,,,;;;;;;;;;;;;;;;;;;;;;;
ProjRep/000/000/000/001/932,ProjRep/000/000/000/001,932,,196608,6b6d086768f8b55818b1a7f04681b1150c3768f682b280b2d1ebe69ff5af332a,False,,,,binary,,,,,,;;;;;;;;;;;;;;;;;;;;;;
ProjRep/000/000/000/001/933,ProjRep/000/000/000/001,933,,8704,b86772a1cfecfefd6748f66e05b551998854e6f051742f7987ab53aa4e33b3c8,False,,,,binary,,,,,,;;;;;;;;;;;;;;;;;;;;;;
ProjRep/000/000/000/001/934,ProjRep/000/000/000/001,934,,405,aa17a9a0a6859a73a960456be31986c03fe673a099e02e192d45055c43adb3dd,True,utf-8-sig,1.0000,10,text; uft_script_candidate; contains_object_references; contains_parameter_references; contains_control_flow,Option Explicit; Reporter.ReportEvent; Browser(,WebElement(; Page(; Browser(,Parameter(; Environment(,If ; Then; Else,,;;;;;;;;;;;
ProjRep/000/000/000/001/935,ProjRep/000/000/000/001,935,,71680,28363e754253ac124e7ed06c09975345149ff9d3670b07514fad607b66fa30d0,False,,,,binary,,,,,,;;;;;;;;;;;;;;;;;;;;;;
ProjRep/000/000/000/001/937,ProjRep/000/000/000/001,937,,1506,49b8cffba377e22c514767f3c75cdd52fdfb8dc599af594fb13633ef0ff1835d,True,utf-8-sig,1.0000,89,text,,,,,,;;;;;;;;;;;;;;;;;;;;;;
ProjRep/000/000/000/001/938,ProjRep/000/000/000/001,938,,5120,d10ef7b45a3aceb40cdd8fe570d2151b6b67177754daeb2a81ca6e5ac59ec13b,False,,,,binary,,,,,,;;;;;;;;;;;;;;;;;;;;;;
ProjRep/000/000/000/001/939,ProjRep/000/000/000/001,939,,8704,bbe6ee1bbd80670bf2fb4d34970ef9d9979b0501c90605f2fab6a66b9d0fbe82,False,,,,binary,,,,,,;;;;;;;;;;;;;;;;;;;;;;
ProjRep/000/000/000/001/941,ProjRep/000/000/000/001,941,,8704,213a941445a3ad84a96873a6d7643674b5376b27fea1a8f2e4d4f7b9204d2aa1,False,,,,binary,,,,,,;;;;;;;;;;;;;;;;;;;;;;
ProjRep/000/000/000/001/942,ProjRep/000/000/000/001,942,,338,deb232f3bcb089bf375edda6e55b7b16a4851004b97f54da0de1aa448c5012b4,True,utf-8-sig,1.0000,8,text; uft_script_candidate; contains_object_references; contains_parameter_references; contains_control_flow,Option Explicit; Reporter.ReportEvent; Browser(,WebElement(; Page(; Browser(,Parameter(; Environment(,If ; Then; Else,,;;;;;;;;;;;
ProjRep/000/000/000/001/943,ProjRep/000/000/000/001,943,,71680,104d7b153def0bd57c72fe0c992260ad649f2f09f42fde537a24059f22a24cd6,False,,,,binary,,,,,,;;;;;;;;;;;;;;;;;;;;;;
ProjRep/000/000/000/001/945,ProjRep/000/000/000/001,945,,1506,4d03ffbee1860cda3a88ef2b6972924691a7daab747af0071de4863936410896,True,utf-8-sig,1.0000,89,text,,,,,,;;;;;;;;;;;;;;;;;;;;;;
ProjRep/000/000/000/001/946,ProjRep/000/000/000/001,946,,5120,6e99fe8c041e5b6c6aa80a83657355e58e919f86b9ead1a09dc46a98dcab2e26,False,,,,binary,,,,,,;;;;;;;;;;;;;;;;;;;;;;
ProjRep/000/000/000/001/947,ProjRep/000/000/000/001,947,,8704,f76121b024a212c5af0bfde210b440d8cae392bb9dfe784ecf11498b330b1cbe,False,,,,binary,,,,,,;;;;;;;;;;;;;;;;;;;;;;
ProjRep/000/000/000/001/949,ProjRep/000/000/000/001,949,,196608,e230a31a9d8b73b7c223a6bf89596a610eb020add80fbf607bf51ba83f3a2401,False,,,,binary,,,,,,;;;;;;;;;;;;;;;;;;;;;;
ProjRep/000/000/000/001/950,ProjRep/000/000/000/001,950,,8704,cc66ef1b86d4959281ddbb0e3db2def2c199c624ea43339b6d4f9958684647e0,False,,,,binary,,,,,,;;;;;;;;;;;;;;;;;;;;;;
ProjRep/000/000/000/001/951,ProjRep/000/000/000/001,951,,404,e7959dc8b0fefea330908e21e986bac200ca85381b576180d9932d44ff2d5608,True,utf-8-sig,1.0000,10,text; uft_script_candidate; contains_object_references; contains_parameter_references; contains_control_flow,Option Explicit; Reporter.ReportEvent; Browser(,WebElement(; Page(; Browser(,Parameter(; Environment(,If ; Then; Else,,;;;;;;;;;;;
ProjRep/000/000/000/001/952,ProjRep/000/000/000/001,952,,71680,7945a097b0f102ea3144e8c18e3a7e3fd9832676be90a5e627d4e9760ea0176d,False,,,,binary,,,,,,;;;;;;;;;;;;;;;;;;;;;;
ProjRep/000/000/000/001/954,ProjRep/000/000/000/001,954,,1506,7d5851bd739c1b3755a39928116ead81ac70a48db00abd79477da527f845e940,True,utf-8-sig,1.0000,89,text,,,,,,;;;;;;;;;;;;;;;;;;;;;;
ProjRep/000/000/000/001/955,ProjRep/000/000/000/001,955,,12288,48c73de80ee706db4521b795b3fefd03323e130d75928c02bda0fab9260ab8e5,False,,,,binary,,,,,,;;;;;;;;;;;;;;;;;;;;;;
ProjRep/000/000/000/001/958,ProjRep/000/000/000/001,958,,5120,8956971e06069c86c4e00239477b831d934ac6c02140a4e7f25d2562373c1fa6,False,,,,binary,,,,,,;;;;;;;;;;;;;;;;;;;;;;
ProjRep/000/000/000/001/959,ProjRep/000/000/000/001,959,,16384,4c3005c80851ca7a19dc8ee03ee341c60abc2e2a79b14a2dac6e79dd85100552,False,,,,binary,,,,,,;;;;;;;;;;;;;;;;;;;;;;
ProjRep/000/000/000/001/960,ProjRep/000/000/000/001,960,,16384,13841361e59429fab2c3f6f170a79d0f6506e95b7fec4a4abef635927f56acec,False,,,,binary,,,,,,;;;;;;;;;;;;;;;;;;;;;;
ProjRep/000/000/000/001/962,ProjRep/000/000/000/001,962,,8704,3c1e02d4ed08797d331db52c3b264bad4ced2e4e8654b0de81dae3349eb008de,False,,,,binary,,,,,,;;;;;;;;;;;;;;;;;;;;;;
ProjRep/000/000/000/001/964,ProjRep/000/000/000/001,964,,8704,840d972a0e7324be3713ef64ad39f03abb495d2070472b7c4667c454c223da8f,False,,,,binary,,,,,,;;;;;;;;;;;;;;;;;;;;;;
ProjRep/000/000/000/001/965,ProjRep/000/000/000/001,965,,502,953721a4c615d8e3d23d3162b944c83c51082490379f21911edba5819ee24972,True,utf-8-sig,1.0000,8,text; uft_script_candidate; contains_object_references; contains_parameter_references; contains_control_flow,Option Explicit; Browser(,WebElement(; WebList(; Page(; Browser(,Parameter(,If ; Then,,;;;;;;;;;;;;;
ProjRep/000/000/000/001/966,ProjRep/000/000/000/001,966,,21371,bd9e447f899e843853c3389f0ead983535a6d332cb231067585c8c2e3caf2e91,False,,,,binary,,,,,,;;;;;;;;;;;;;;;;;;;;;;
ProjRep/000/000/000/001/967,ProjRep/000/000/000/001,967,,71680,48f3662c8e1129cdd696326092c5294c634d106c81624ebef9d088caf4a8f745,False,,,,binary,,,,,,;;;;;;;;;;;;;;;;;;;;;;
ProjRep/000/000/000/001/968,ProjRep/000/000/000/001,968,,944,8906181251316cf54608418847ad71fade9ff8a7eca8f0ca7383a03b9f3f540d,True,utf-8-sig,1.0000,63,text,,,,,,;;;;;;;;;;;;;;;;;;;;;;
ProjRep/000/000/000/001/969,ProjRep/000/000/000/001,969,,1506,9cb974424c3c70719641666227c4f35c4467e253f60ff5f4e86f707c240ef455,True,utf-8-sig,1.0000,89,text,,,,,,;;;;;;;;;;;;;;;;;;;;;;
ProjRep/000/000/000/001/970,ProjRep/000/000/000/001,970,,12288,12cc27cd8d8faa4e8331a2685f6ecc395069e7eb0489d77c7b947f43ad830b53,False,,,,binary,,,,,,;;;;;;;;;;;;;;;;;;;;;;
ProjRep/000/000/000/001/971,ProjRep/000/000/000/001,971,,4321,f74129f679ee07bcc8ef9b0e7fa1a5c38359ca4f58c406f2ba0e2d91cd8cf16a,False,,,,binary,,,,,,;;;;;;;;;;;;;;;;;;;;;;
ProjRep/000/000/000/001/973,ProjRep/000/000/000/001,973,,5120,83623f2e8a18c9c2459e10bf64fac290900572f8f3a7a78102e63c78feec4751,False,,,,binary,,,,,,;;;;;;;;;;;;;;;;;;;;;;
ProjRep/000/000/000/001/974,ProjRep/000/000/000/001,974,,16384,7c29a4b354c08ffd8f020167d1252b5a4ab006ec57b2f59582846a41ea3ee36d,False,,,,binary,,,,,,;;;;;;;;;;;;;;;;;;;;;;
ProjRep/000/000/000/001/975,ProjRep/000/000/000/001,975,,16384,3d02c965f424e8b8cd79b332d3ecb7173dcc7d30f39034e2faa1af3d6dc679a9,False,,,,binary,,,,,,;;;;;;;;;;;;;;;;;;;;;;
ProjRep/000/000/000/001/977,ProjRep/000/000/000/001,977,,8704,b563168e6e5a82aa8c0bde17d90a06b165d9e2122e3173b5c0298e9a7d56a291,False,,,,binary,,,,,,;;;;;;;;;;;;;;;;;;;;;;
ProjRep/000/000/000/001/979,ProjRep/000/000/000/001,979,,8704,0e3846d0428ed8093f20127053d6fec96ecd89b70d2d77b2a51af8792caf5393,False,,,,binary,,,,,,;;;;;;;;;;;;;;;;;;;;;;
ProjRep/000/000/000/001/980,ProjRep/000/000/000/001,980,,404,cb123e93e63ddfa87b6d290359bb3820a730d62efbb13633d72e44bb2615d267,True,utf-8-sig,1.0000,10,text; uft_script_candidate; contains_object_references; contains_parameter_references; contains_control_flow,Option Explicit; Reporter.ReportEvent; Browser(,WebElement(; Page(; Browser(,Parameter(; Environment(,If ; Then; Else,,;;;;;;;;;;;
ProjRep/000/000/000/001/981,ProjRep/000/000/000/001,981,,71680,28f2bad02b3516ecf270d116ef1b1c1dd5ad524f8140ac0d1d81ca08640e019d,False,,,,binary,,,,,,;;;;;;;;;;;;;;;;;;;;;;
ProjRep/000/000/000/001/983,ProjRep/000/000/000/001,983,,1506,28dc7a1a9e68d3a7236de1a32611460c826e23e8481d6561c00e0ce13ca882b5,True,utf-8-sig,1.0000,89,text,,,,,,;;;;;;;;;;;;;;;;;;;;;;
ProjRep/000/000/000/001/984,ProjRep/000/000/000/001,984,,12288,093e999454cb391a4eeb0b91a0e544adc3ddaff5e502b2a02eab40fc1c259cc1,False,,,,binary,,,,,,;;;;;;;;;;;;;;;;;;;;;;
ProjRep/000/000/000/001/987,ProjRep/000/000/000/001,987,,5120,e1635776bd91cce0dc3533ee63d8f5baa6347767c584c9de7c7c69989efe8b24,False,,,,binary,,,,,,;;;;;;;;;;;;;;;;;;;;;;
ProjRep/000/000/000/001/988,ProjRep/000/000/000/001,988,,16384,e645d865470926531e54b6d62832bbe59e9300684d07769a5a025c980f1eb7d2,False,,,,binary,,,,,,;;;;;;;;;;;;;;;;;;;;;;
ProjRep/000/000/000/001/989,ProjRep/000/000/000/001,989,,16384,547fec59bfba5c18e212a6fdfdc79f7bb423a6e711d4036fb57de2c2b3129e53,False,,,,binary,,,,,,;;;;;;;;;;;;;;;;;;;;;;
ProjRep/000/000/000/001/991,ProjRep/000/000/000/001,991,,8704,46a7d00d5139199b7d900eb68811fdb6600d9ccc4be06db7f6f3aba393b43b89,False,,,,binary,,,,,,;;;;;;;;;;;;;;;;;;;;;;
ProjRep/000/000/000/001/993,ProjRep/000/000/000/001,993,,196608,ad23f8ace41db74e3dffaf4ad6c99f366e5111a98edeca89327afc6f0e5105d7,False,,,,binary,,,,,,;;;;;;;;;;;;;;;;;;;;;;
ProjRep/000/000/000/001/994,ProjRep/000/000/000/001,994,,8704,6bcc09932868fa68f5751cfbdb29bca52d6816a2f6a9837baebb30e394c00c29,False,,,,binary,,,,,,;;;;;;;;;;;;;;;;;;;;;;
ProjRep/000/000/000/001/995,ProjRep/000/000/000/001,995,,882990,8256c989b53b9f7e3757c9cf08803a29388724d8c0bfecec0bd2383587073cbc,False,,,,binary,,,,,,;;;;;;;;;;;;;;;;;;;;;;
ProjRep/000/000/000/001/996,ProjRep/000/000/000/001,996,,959668,cf6d9d3c9e5c91f7a9319b56a4ab32e3d93a1d06139b469133b58633f4f502de,False,,,,binary,,,,,,;;;;;;;;;;;;;;;;;;;;;;
ProjRep/000/000/000/001/997,ProjRep/000/000/000/001,997,,139821,ba0d0fcbdd70d45abffd9a4e21351f81d5a1091da38372e378d4227274e1cb2c,False,,,,binary,,,,,,;;;;;;;;;;;;;;;;;;;;;;
ProjRep/000/000/000/001/998,ProjRep/000/000/000/001,998,,71680,17a5a1cf3c932089daceaa506225ce197e03a8c3ca5534f15286e04c82763e04,False,,,,binary,,,,,,;;;;;;;;;;;;;;;;;;;;;;
ProjRep/000/000/000/002/000,ProjRep/000/000/000/002,000,,1506,2db0029aea56632e6fc4a4c2b8b29aac6d96bcae4dc526ddc071d85691130d6e,True,utf-8-sig,1.0000,89,text,,,,,,;;;;;;;;;;;;;;;;;;;;;;
ProjRep/000/000/000/002/001,ProjRep/000/000/000/002,001,,12288,a9ae61439db613cad8efefef9a20b1e2d2cb9e2f217fc4aac84e538b58436987,False,,,,binary,,,,,,;;;;;;;;;;;;;;;;;;;;;;
ProjRep/000/000/000/002/004,ProjRep/000/000/000/002,004,,5120,03dacec81b7ee630c7cc1c2ca5d283726d0f51ceb76245c02a264956f757ce4a,False,,,,binary,,,,,,;;;;;;;;;;;;;;;;;;;;;;
ProjRep/000/000/000/002/005,ProjRep/000/000/000/002,005,,16384,523843a5e727b53628ba8a07fcc1fe761af4aedf636ede8d4fcd9401c023c326,False,,,,binary,,,,,,;;;;;;;;;;;;;;;;;;;;;;
ProjRep/000/000/000/002/006,ProjRep/000/000/000/002,006,,16384,a0ac575d5b0287ca383f513e1656d0764858ac18bfa4cb100cec01024fd391e0,False,,,,binary,,,,,,;;;;;;;;;;;;;;;;;;;;;;
ProjRep/000/000/000/002/008,ProjRep/000/000/000/002,008,,8704,3b1ea04150ecf57e01266df578f487ad3f8327e34ade1dd80745af2108667240,False,,,,binary,,,,,,;;;;;;;;;;;;;;;;;;;;;;
ProjRep/000/000/000/002/010,ProjRep/000/000/000/002,010,,9728,423fb419d01de6253a756612ab54c5b123c08463e0dafdc9a7b478347a789e24,False,,,,binary,,,,,,;;;;;;;;;;;;;;;;;;;;;;
ProjRep/000/000/000/002/011,ProjRep/000/000/000/002,011,,1366,91b30ec88f036f59da56d7bd45a8b3273cd3c8e7c111a3ccba7d29ff09d3f585,True,utf-8-sig,1.0000,26,text; uft_script_candidate; contains_object_references; contains_parameter_references; contains_control_flow,Option Explicit; Reporter.ReportEvent; ExitTest; Browser(,WebEdit(; WebButton(; WebElement(; Page(; Browser(,Parameter(; Environment(,If ; Then; Else; End If,,;;;;;;;
ProjRep/000/000/000/002/012,ProjRep/000/000/000/002,012,,71680,de5d8bbdcbb0a15af398b1a8581d56ce8c93c02079b6a11eb68b279e47a37dd0,False,,,,binary,,,,,,;;;;;;;;;;;;;;;;;;;;;;
ProjRep/000/000/000/002/014,ProjRep/000/000/000/002,014,,1506,f562b23b03f6561bd3906effc09613dd7bd0870f0e1d1d917d65e05e25582831,True,utf-8-sig,1.0000,89,text,,,,,,;;;;;;;;;;;;;;;;;;;;;;
ProjRep/000/000/000/002/015,ProjRep/000/000/000/002,015,,5120,c0d61c77f7dc341702b20736aacb4c182ebdd2816899dc7bae65fbdae8422d9b,False,,,,binary,,,,,,;;;;;;;;;;;;;;;;;;;;;;
ProjRep/000/000/000/002/016,ProjRep/000/000/000/002,016,,8704,9670f9209198b05e8103fa9957654b9d86a53fe01a23630d916869e0ca0e8680,False,,,,binary,,,,,,;;;;;;;;;;;;;;;;;;;;;;
ProjRep/000/000/000/002/018,ProjRep/000/000/000/002,018,,9728,15e843fc9dfb1bcfb625a556bc03b1b2cfc3dff96cef75ed47b4fe89ce3d0378,False,,,,binary,,,,,,;;;;;;;;;;;;;;;;;;;;;;
ProjRep/000/000/000/002/019,ProjRep/000/000/000/002,019,,1366,a53f252e5f74142972b656dd3f69fddd161163a4edc0a4575d8a68024847e19f,True,utf-8-sig,1.0000,26,text; uft_script_candidate; contains_object_references; contains_parameter_references; contains_control_flow,Option Explicit; Reporter.ReportEvent; ExitTest; Browser(,WebEdit(; WebButton(; WebElement(; Page(; Browser(,Parameter(; Environment(,If ; Then; Else; End If,,;;;;;;;
ProjRep/000/000/000/002/020,ProjRep/000/000/000/002,020,,71680,ab574be68c0bdfc0e3cb37619bdf251b893f7021b7d96f6894b0ae777228fe2f,False,,,,binary,,,,,,;;;;;;;;;;;;;;;;;;;;;;
ProjRep/000/000/000/002/022,ProjRep/000/000/000/002,022,,1506,e395003fc06e61a93b238ee9bf2c44a267cb0e88e1db66780d3fd64b1508eb60,True,utf-8-sig,1.0000,89,text,,,,,,;;;;;;;;;;;;;;;;;;;;;;
ProjRep/000/000/000/002/023,ProjRep/000/000/000/002,023,,5120,ef19bbbfa22ca9f100b071f336c98634bc2e9d35d03af21614b23cd5f3bc183c,False,,,,binary,,,,,,;;;;;;;;;;;;;;;;;;;;;;
ProjRep/000/000/000/002/024,ProjRep/000/000/000/002,024,,8704,8961d6fe26561552fb5a4383e93df8c9d11a698b8b8a5c6248413157d65ae56f,False,,,,binary,,,,,,;;;;;;;;;;;;;;;;;;;;;;
ProjRep/000/000/000/002/026,ProjRep/000/000/000/002,026,,9728,969d0d9a93ff0fbea7dcac12f651d1b67d7d95c77617034ab3ccaac86f154d84,False,,,,binary,,,,,,;;;;;;;;;;;;;;;;;;;;;;
ProjRep/000/000/000/002/027,ProjRep/000/000/000/002,027,,1154697,28abebcf54e78fc83c47a84cd5279eb94f8dae5489b2d5040e658f6ab5ea3d1c,False,,,,binary,,,,,,;;;;;;;;;;;;;;;;;;;;;;
tables/.timezone,tables,.timezone,,7,c48664a448d8a63d99349ce31b40aca5285c6f6b01a7c6bda646827a46062120,True,utf-8-sig,1.0000,1,text,,,,,,;;;;;;;;;;;;;;;;;;;;;;
tables/ACTIONS_!000001.ptd,tables,ACTIONS_!000001.ptd,.ptd,15961,fa3bc9fd1ec31f905ce2cfbfc84f4c99c8ad81b1ffa51097766fb37409315420,False,,,,binary,,,,,,;;;;;;;;;;;;;;;;;;;;;;
tables/ALL_LISTS_!000001.ptd,tables,ALL_LISTS_!000001.ptd,.ptd,164615,594bd004aed4d8f2b355ae2059c3ba64acd9572ed7252e6c8313433816411e92,True,latin-1,0.9440,1336,text; contains_control_flow; contains_function_or_sub,,,,If ; Then; For ; Next; Wend,Function ,;;;;;;;;;;;;;;;;
tables/ANALYSIS_ITEM_FILES_!000001.ptd,tables,ANALYSIS_ITEM_FILES_!000001.ptd,.ptd,264,330c4480bab3791fc2aac05b6e6ae42a0aadd526f600932a64ed7e4fefa68b74,False,,,,binary,,,,,,;;;;;;;;;;;;;;;;;;;;;;
tables/ANALYSIS_ITEM_FOLDERS_!000001.ptd,tables,ANALYSIS_ITEM_FOLDERS_!000001.ptd,.ptd,5040,f263e9ce4e87a0e76a55a1287eb359f3e3cd6ea8c016330b1bc276a184257b7c,False,,,,binary,,,,,,;;;;;;;;;;;;;;;;;;;;;;
tables/ANALYSIS_ITEMS_!000001.ptd,tables,ANALYSIS_ITEMS_!000001.ptd,.ptd,613824,401c4bcb6208fcb27ac0e7900d42374fea4a57c33a3cf5ff81d2189ba6c8bca5,True,latin-1,0.9875,3853,text; contains_control_flow,,,,If ; For ; Do ; Wend,,;;;;;;;;;;;;;;;;;;
tables/ANALYSIS_SEGMENTS_!000001.ptd,tables,ANALYSIS_SEGMENTS_!000001.ptd,.ptd,2074,389eca8634edaf2a4704f5b6a5f39a006fc85bdb536230972c52e059f343fa4a,False,,,,binary,,,,,,;;;;;;;;;;;;;;;;;;;;;;
tables/ASSET_RELATIONS_!000001.ptd,tables,ASSET_RELATIONS_!000001.ptd,.ptd,2195,b1ef57d748fe6f6a2fbb1d99be1d751fc9ddfc7da5a818d833f0eee90630fb56,False,,,,binary,,,,,,;;;;;;;;;;;;;;;;;;;;;;
tables/ASSET_REPOSITORY_ITEMS_!000001.ptd,tables,ASSET_REPOSITORY_ITEMS_!000001.ptd,.ptd,6458,87f9b2c528f6497b0ccf448495f7e6c04ed81b25933c170709618582b4fef035,False,,,,binary,,,,,,;;;;;;;;;;;;;;;;;;;;;;
tables/AUDIT_LOG_!000001.ptd,tables,AUDIT_LOG_!000001.ptd,.ptd,8003,d3bed3a6c04638629ee004752d4eeb0d9e25d429f93d5196bb660533dfc6c76b,False,,,,binary,,,,,,;;;;;;;;;;;;;;;;;;;;;;
tables/AUDIT_PROPERTIES_!000001.ptd,tables,AUDIT_PROPERTIES_!000001.ptd,.ptd,10709,0c621db5e6c8fc77fb5005b01b27ead8ac368ff145a09377f74ee9f1a94bf044,False,,,,binary,,,,,,;;;;;;;;;;;;;;;;;;;;;;
tables/BP_ITER_PARAM_!000001.ptd,tables,BP_ITER_PARAM_!000001.ptd,.ptd,1488,1ed6359ec54dce80cdc7edb221ca192975498ee66ce8c68a73f0879a1e792412,False,,,,binary,,,,,,;;;;;;;;;;;;;;;;;;;;;;
tables/BP_ITERATION_!000001.ptd,tables,BP_ITERATION_!000001.ptd,.ptd,288,1020d5eb9467471f4b4a3940bcbdc4bd518baf4c3f846618c9ce9e523d09342b,False,,,,binary,,,,,,;;;;;;;;;;;;;;;;;;;;;;
tables/BP_PARAM_!000001.ptd,tables,BP_PARAM_!000001.ptd,.ptd,655,c4298c412409ab118e2208237ca7e4a708a6469d40eed67a40ddad5f9bad43b4,False,,,,binary,,,,,,;;;;;;;;;;;;;;;;;;;;;;
tables/BP_STEP_PARAM_!000001.ptd,tables,BP_STEP_PARAM_!000001.ptd,.ptd,25300,2d7cf0e189746dffbc10066c725f01c06b9001112212bf7fc4ac3a8c5edaa247,False,,,,binary,,,,,,;;;;;;;;;;;;;;;;;;;;;;
tables/BPM_ELEMENT_TYPES_!000001.ptd,tables,BPM_ELEMENT_TYPES_!000001.ptd,.ptd,32381,05c79e4484ce170dbbbc1e3e13829cc95f7cc28622f891ff38e639bb3407b01d,False,,,,binary,,,,,,;;;;;;;;;;;;;;;;;;;;;;
tables/BPM_MODEL_FOLDERS_!000001.ptd,tables,BPM_MODEL_FOLDERS_!000001.ptd,.ptd,82,bfbda286b386a07af0186981481d1db845d2193584610948c7f63e68cc644094,False,,,,binary,,,,,,;;;;;;;;;;;;;;;;;;;;;;
tables/BPTA_CHANGE_STATUS_!000001.ptd,tables,BPTA_CHANGE_STATUS_!000001.ptd,.ptd,74,c4c5a939181a064a0f16de750b38e7ba522165ef442579791f0c0947f4fa17f2,False,,,,binary,,,,,,;;;;;;;;;;;;;;;;;;;;;;
tables/BPTEST_TO_COMPONENTS_!000001.ptd,tables,BPTEST_TO_COMPONENTS_!000001.ptd,.ptd,2484,6467b8200ef69729b6f22d1131fd84e45eefc24b468003e5330a4dc2b21f667d,False,,,,binary,,,,,,;;;;;;;;;;;;;;;;;;;;;;
tables/BUSINESS_VIEWS_!000001.ptd,tables,BUSINESS_VIEWS_!000001.ptd,.ptd,254762,0e0897211e0a8b8bd526c948354d4b7b8b87cedf19aa0633762f83c4c49000c2,True,cp1250,0.9908,2798,text; contains_control_flow,,,,Wend,,;;;;;;;;;;;;;;;;;;;;;
tables/COMMON_SETTINGS_!000001.ptd,tables,COMMON_SETTINGS_!000001.ptd,.ptd,162129,323ec104ddc2c3709ac4def509b9b45336c26c47110c10c8ecb1649634ec2055,True,cp1250,0.9644,3749,text; contains_control_flow,,,,Else,,;;;;;;;;;;;;;;;;;;;;;
tables/COMPONENT_!000001.ptd,tables,COMPONENT_!000001.ptd,.ptd,4634,4f7eb2fb6a385f25d9132cb442a16b40c38af932711ed32d9e4771b6f8bd7496,False,,,,binary,,,,,,;;;;;;;;;;;;;;;;;;;;;;
tables/COMPONENT_FOLDER_!000001.ptd,tables,COMPONENT_FOLDER_!000001.ptd,.ptd,622,915d86350a57fedddad6dd5a9a75816d2c0834c0e207d55872545da7f6574ce4,False,,,,binary,,,,,,;;;;;;;;;;;;;;;;;;;;;;
tables/CONFIGURATION_COVERAGE_!000001.ptd,tables,CONFIGURATION_COVERAGE_!000001.ptd,.ptd,39,c73d6178966e4654716551c0713a22ebb449d396de1e79fb1b709609b3d93f69,False,,,,binary,,,,,,;;;;;;;;;;;;;;;;;;;;;;
tables/CONTENT_DEFINITIONS_!000001.ptd,tables,CONTENT_DEFINITIONS_!000001.ptd,.ptd,36,9558d432c8ec40f873116d4129a9b067b7f9eb236234fba08f1101cacb51c5f2,False,,,,binary,,,,,,;;;;;;;;;;;;;;;;;;;;;;
tables/CRITERION_COVERAGE_!000001.ptd,tables,CRITERION_COVERAGE_!000001.ptd,.ptd,39,c73d6178966e4654716551c0713a22ebb449d396de1e79fb1b709609b3d93f69,False,,,,binary,,,,,,;;;;;;;;;;;;;;;;;;;;;;
tables/CROS_REF_!000001.ptd,tables,CROS_REF_!000001.ptd,.ptd,74,eecdfa334f172ecc33fde1173e7000f74ebc1c0ff77d02a6536a74b0986fea93,False,,,,binary,,,,,,;;;;;;;;;;;;;;;;;;;;;;
tables/CYCL_FOLD_!000001.ptd,tables,CYCL_FOLD_!000001.ptd,.ptd,47564,48575e747ad814c60f583c084d2ab9a5cbbe9769e91a21eb9847afd654577908,True,cp1250,0.9721,351,text; contains_control_flow; contains_function_or_sub,,,,Wend,Function ,;;;;;;;;;;;;;;;;;;;;
tables/CYCLE_!000001.ptd,tables,CYCLE_!000001.ptd,.ptd,2344,c6d41c6c2c374e2d6c73b1f9b5321f383826ed5f36e9e0f0c2ca1bdf6e8042aa,False,,,,binary,,,,,,;;;;;;;;;;;;;;;;;;;;;;
tables/DASHBOARD_FOLDERS_!000001.ptd,tables,DASHBOARD_FOLDERS_!000001.ptd,.ptd,2554,c4795981a2199be6f0637f90cad565fe9b2185a35d8bf3eada8bed8b3c3c047c,False,,,,binary,,,,,,;;;;;;;;;;;;;;;;;;;;;;
tables/DASHBOARD_PAGE_ITEMS_!000001.ptd,tables,DASHBOARD_PAGE_ITEMS_!000001.ptd,.ptd,399,ef3c5b5998801a91a72f83626ac24a182d16a6019126e0c2576384c24aa3ef17,False,,,,binary,,,,,,;;;;;;;;;;;;;;;;;;;;;;
tables/DASHBOARD_PAGES_!000001.ptd,tables,DASHBOARD_PAGES_!000001.ptd,.ptd,145,c2bbd32a87326c9370205616b128aab2c24c1571d2ed05849f6e2e910779cb3a,False,,,,binary,,,,,,;;;;;;;;;;;;;;;;;;;;;;
tables/DATACONST_!000001.ptd,tables,DATACONST_!000001.ptd,.ptd,321,6e73f2a44b0a9392250761be050ba0f74c2ff530da45a5b028b7c9283a72193f,False,,,,binary,,,,,,;;;;;;;;;;;;;;;;;;;;;;
tables/DESSTEPS_!000001.ptd,tables,DESSTEPS_!000001.ptd,.ptd,989,fe33812fa043aa552676b7f6822c3ff6a5977a8d669dfd3040557dacda60bcd1,False,,,,binary,,,,,,;;;;;;;;;;;;;;;;;;;;;;
tables/ENTITY_ATTRIBUTES_!000001.ptd,tables,ENTITY_ATTRIBUTES_!000001.ptd,.ptd,1746,603e2bec98a384774e1da03e7aa2aa7b9cb3172e2614a58ec412bed64f9312bb,False,,,,binary,,,,,,;;;;;;;;;;;;;;;;;;;;;;
tables/ENTITY_SUBTYPE_ATTRIBUTES_!000001.ptd,tables,ENTITY_SUBTYPE_ATTRIBUTES_!000001.ptd,.ptd,7737,175506666d6b1e9b7e0eaf856f9e45815c27dab554a12293ca676bae891c3a54,False,,,,binary,,,,,,;;;;;;;;;;;;;;;;;;;;;;
tables/ENTITY_SUBTYPE_FIELDS_!000001.ptd,tables,ENTITY_SUBTYPE_FIELDS_!000001.ptd,.ptd,2787,3d129abefbc1a35cc315b33043d6216c8767d077de0a13c6e65f26a7f3759f8c,False,,,,binary,,,,,,;;;;;;;;;;;;;;;;;;;;;;
tables/ENTITY_SUBTYPE_RELATIONS_!000001.ptd,tables,ENTITY_SUBTYPE_RELATIONS_!000001.ptd,.ptd,6165,fb421923d10c033f25ceea8cbdd956f4c4bd14796effa751dabcb747e3038ddb,False,,,,binary,,,,,,;;;;;;;;;;;;;;;;;;;;;;
tables/ENTITY_SUBTYPES_!000001.ptd,tables,ENTITY_SUBTYPES_!000001.ptd,.ptd,4632,e71cecb9c4d5c705dc4446536c15e23272ad2fe784c0675f8fa85236ce439644,False,,,,binary,,,,,,;;;;;;;;;;;;;;;;;;;;;;
tables/EVENT_LOG_!000001.ptd,tables,EVENT_LOG_!000001.ptd,.ptd,217,d17a2cc1884909a8472243c5626ecebc7d106e8f16f19c2dd0628e426727d05d,False,,,,binary,,,,,,;;;;;;;;;;;;;;;;;;;;;;
tables/EXTENSIONS_!000001.ptd,tables,EXTENSIONS_!000001.ptd,.ptd,85,2c8d14b57402107a59147a83dea48ec903ab039a9448ae469dbd9ea17351386a,False,,,,binary,,,,,,;;;;;;;;;;;;;;;;;;;;;;
tables/FACETS_!000001.ptd,tables,FACETS_!000001.ptd,.ptd,1448,54a6c540a76943f6b03d92ed813d553745239dc7a9fa876ccbea3aa571d619d7,False,,,,binary,,,,,,;;;;;;;;;;;;;;;;;;;;;;
tables/FAVORITE_FOLDERS_!000001.ptd,tables,FAVORITE_FOLDERS_!000001.ptd,.ptd,1152,8fc35a1f4cd79105ce9d498acb9532abcdd0014a86b734a37bbe4679b2432d5e,False,,,,binary,,,,,,;;;;;;;;;;;;;;;;;;;;;;
tables/FAVORITES_!000001.ptd,tables,FAVORITES_!000001.ptd,.ptd,5060,4acd73fc7df3620a884ad6cf4f7c57866b5e05d67f6d336c63da5f51fa9ac391,True,utf-16,0.9814,1,text,,,,,,;;;;;;;;;;;;;;;;;;;;;;
tables/FRAMEWORK_PARAM_!000001.ptd,tables,FRAMEWORK_PARAM_!000001.ptd,.ptd,2091,ddfc1cdc63aa7ad2464c6a1d1e4705df29336afb4187959aa92b1949ac2be141,False,,,,binary,,,,,,;;;;;;;;;;;;;;;;;;;;;;
tables/GROUPS_!000001.ptd,tables,GROUPS_!000001.ptd,.ptd,1210,320568abc0fef9f0873c54a7ffd115b2e376725fe6789b1e9bbffefe5b46b557,False,,,,binary,,,,,,;;;;;;;;;;;;;;;;;;;;;;
tables/LIBRARY_FOLDERS_!000001.ptd,tables,LIBRARY_FOLDERS_!000001.ptd,.ptd,39,f48c3a81ee81925deaa15d0ddab18a4b1a090c7989715868bc22ee6cf3481950,False,,,,binary,,,,,,;;;;;;;;;;;;;;;;;;;;;;
tables/LINKED_TEMPLATE_ITEMS_!000001.ptd,tables,LINKED_TEMPLATE_ITEMS_!000001.ptd,.ptd,116264,cd20e49fae0de45375257e00f28b663d1257d996689095daeb92bc23453103a5,False,,,,binary,,,,,,;;;;;;;;;;;;;;;;;;;;;;
tables/LISTS_!000001.ptd,tables,LISTS_!000001.ptd,.ptd,609995,5d86a645ac57bbd997db8c2274bdaf58f98def26d137d22f42f64bfc2ad97747,False,,,,binary,,,,,,;;;;;;;;;;;;;;;;;;;;;;
tables/MODULES_!000001.ptd,tables,MODULES_!000001.ptd,.ptd,1065,d8607f973fb6aaa9cab0de3e53f26b704b75f5bf8dbf96c1c4d90098cd34f53f,False,,,,binary,,,,,,;;;;;;;;;;;;;;;;;;;;;;
tables/POLICY_ENFORCEMENT_STATUS_!000001.ptd,tables,POLICY_ENFORCEMENT_STATUS_!000001.ptd,.ptd,832,9011beecb8a538b6070166f5fd052c95efe7512a7bc3006b556105d0afb93240,True,utf-16,0.9615,1,text,,,,,,;;;;;;;;;;;;;;;;;;;;;;
tables/QPM_KPI_BREAKDOWN_TYPES_!000001.ptd,tables,QPM_KPI_BREAKDOWN_TYPES_!000001.ptd,.ptd,2634,0232c9d32926682bae2f8cd80eec13a2d9a2de69c7d0fa8b442752bca6e9cd75,False,,,,binary,,,,,,;;;;;;;;;;;;;;;;;;;;;;
tables/QPM_KPI_TYPES_!000001.ptd,tables,QPM_KPI_TYPES_!000001.ptd,.ptd,4509,2a4334ba0e1ed87cc9e74734267baec4388ccf0cb7872f83b3bff1fc36a1ac5c,False,,,,binary,,,,,,;;;;;;;;;;;;;;;;;;;;;;
tables/QPM_SCOPE_ITEM_!000001.ptd,tables,QPM_SCOPE_ITEM_!000001.ptd,.ptd,76,418d3fd68de44abc6ba968bdbcdc9c3bc006e36a6432ce2eda7457379afd0eb0,False,,,,binary,,,,,,;;;;;;;;;;;;;;;;;;;;;;
tables/RBT_CUSTOMIZATION_!000001.ptd,tables,RBT_CUSTOMIZATION_!000001.ptd,.ptd,1401,72bf71228f708b279ddfd08baf354cdd15eede49602c9afd3c6076b5dc1390c2,True,utf-8-sig,0.9573,66,text,,,,,,;;;;;;;;;;;;;;;;;;;;;;
tables/RBT_CUSTOMIZATION_ANSWERS_!000001.ptd,tables,RBT_CUSTOMIZATION_ANSWERS_!000001.ptd,.ptd,1079,0b8e4d54b54516b6e5740de205a58de894c92712c5b74501537d223f57a38be3,False,,,,binary,,,,,,;;;;;;;;;;;;;;;;;;;;;;
tables/RBT_CUSTOMIZATION_QUESTIONS_!000001.ptd,tables,RBT_CUSTOMIZATION_QUESTIONS_!000001.ptd,.ptd,5103,00b37365941d3194f44eadee8c07e357b7cb1d76455d62a517b891928a597c46,True,cp1250,0.9443,8,text; contains_control_flow,,,,For ; Wend,,;;;;;;;;;;;;;;;;;;;;
tables/RELEASE_CYCLES_!000001.ptd,tables,RELEASE_CYCLES_!000001.ptd,.ptd,806,af760b79bb6db3faacdc15f89c1964971767f8415959ab7fcd18a800706d3d91,False,,,,binary,,,,,,;;;;;;;;;;;;;;;;;;;;;;
tables/RELEASE_FOLDERS_!000001.ptd,tables,RELEASE_FOLDERS_!000001.ptd,.ptd,261,72f8f59d2022fafc45d1b4784d25ba5808ba15df3995d18505bd2f6388f6340c,False,,,,binary,,,,,,;;;;;;;;;;;;;;;;;;;;;;
tables/RELEASES_!000001.ptd,tables,RELEASES_!000001.ptd,.ptd,193,5568e676ffd390f23b5fa924549a214dc92abc53f92f7787f49f8ae1c7eaf02d,False,,,,binary,,,,,,;;;;;;;;;;;;;;;;;;;;;;
tables/REPORT_PROJECT_TEMPLATES_!000001.ptd,tables,REPORT_PROJECT_TEMPLATES_!000001.ptd,.ptd,24819,0547fd26182ab36017c39b4129e9e6fd75a4a31aaf0150e6b66b13766d88084e,False,,,,binary,,,,,,;;;;;;;;;;;;;;;;;;;;;;
tables/REPORT_TO_RPT_LINKS_!000001.ptd,tables,REPORT_TO_RPT_LINKS_!000001.ptd,.ptd,21859,698e29f6845614c33a1612b1a9984eab3e09b41f69e1670c27916ade8121cdee,False,,,,binary,,,,,,;;;;;;;;;;;;;;;;;;;;;;
tables/REQ_!000001.ptd,tables,REQ_!000001.ptd,.ptd,21562,6546734ca73626d255c6cbb8da6135a5e11538e6662ad78302796bd9908c4bde,False,,,,binary,,,,,,;;;;;;;;;;;;;;;;;;;;;;
tables/REQ_COVER_!000001.ptd,tables,REQ_COVER_!000001.ptd,.ptd,74,cb8292d80a941913efc2981b1c035017321fabcba7819101667ad2c9919f36b1,False,,,,binary,,,,,,;;;;;;;;;;;;;;;;;;;;;;
tables/REQ_MULTIVALUE_!000001.ptd,tables,REQ_MULTIVALUE_!000001.ptd,.ptd,1386,516b1d510550b98394a0e6f994e41f38476fd3e64378d00a47594f95767bc1bb,False,,,,binary,,,,,,;;;;;;;;;;;;;;;;;;;;;;
tables/REQ_TRACE_!000001.ptd,tables,REQ_TRACE_!000001.ptd,.ptd,222,7b043379d023d3aeec4342cf436ddd44caf067ee5dcecefe5a269bcde873c78e,False,,,,binary,,,,,,;;;;;;;;;;;;;;;;;;;;;;
tables/REQ_TYPE_!000001.ptd,tables,REQ_TYPE_!000001.ptd,.ptd,34624,2d0985f9eb52bab13124f920af38b18404a81d2316fe3b8f287a3525adac4ad2,True,utf-16,0.9937,1,text,,,,,,;;;;;;;;;;;;;;;;;;;;;;
tables/REQ_TYPE_FIELD_!000001.ptd,tables,REQ_TYPE_FIELD_!000001.ptd,.ptd,22441,daa01d2e79f2ad896393c91fe941f7be76de166eab89730aa2b450a82fbf4a13,False,,,,binary,,,,,,;;;;;;;;;;;;;;;;;;;;;;
tables/REQ_TYPE_HIER_RULES_!000001.ptd,tables,REQ_TYPE_HIER_RULES_!000001.ptd,.ptd,135,ab1f9b53c569221d4bf663984d6d43b0d4fc9f2053cc3e58bf3b6b68074785f5,False,,,,binary,,,,,,;;;;;;;;;;;;;;;;;;;;;;
tables/RESOURCE_FOLDERS_!000001.ptd,tables,RESOURCE_FOLDERS_!000001.ptd,.ptd,879,ec9f27f6f3815277ab3d2524faed8d70bdfef01bed74b9489cc3ace13be90056,False,,,,binary,,,,,,;;;;;;;;;;;;;;;;;;;;;;
tables/RESOURCES_!000001.ptd,tables,RESOURCES_!000001.ptd,.ptd,5358,e1dea8b81a1bf65470a3622662670cfd706127eee52df04b8270ad3ec1026c71,False,,,,binary,,,,,,;;;;;;;;;;;;;;;;;;;;;;
tables/RULES_!000001.ptd,tables,RULES_!000001.ptd,.ptd,1824,e27b59b973af63cfdad4ed54fb6cdfa300400b658cb5fd94451528d14cd7c494,True,utf-16,0.8991,1,text,,,,,,;;;;;;;;;;;;;;;;;;;;;;
tables/RUN_!000001.ptd,tables,RUN_!000001.ptd,.ptd,3098,3a8d0cb61939242e17b8de369a038d674e7505d36dbbd706eed02de0a72e5ec4,False,,,,binary,,,,,,;;;;;;;;;;;;;;;;;;;;;;
tables/RUN_CRITERIA_!000001.ptd,tables,RUN_CRITERIA_!000001.ptd,.ptd,3945,979e0ff03ef3d6630187f3c77bf6cf3545b7176326e55413deecea3ca4eb3fa8,False,,,,binary,,,,,,;;;;;;;;;;;;;;;;;;;;;;
tables/RUN_ITERATIONS_!000001.ptd,tables,RUN_ITERATIONS_!000001.ptd,.ptd,378,b31201a0faf6a3bfc3651d21326129bea53736c57a83727b5ffe0092dad46887,False,,,,binary,,,,,,;;;;;;;;;;;;;;;;;;;;;;
tables/SEQUENCES_!000001.ptd,tables,SEQUENCES_!000001.ptd,.ptd,4014,23fedbb123a1d45a5f3d65804e2a2b2b7f0ab47372dae78518f4d88f31dac1a5,False,,,,binary,,,,,,;;;;;;;;;;;;;;;;;;;;;;
tables/SMART_REPOSITORY_LOGICAL_FILE_!000001.ptd,tables,SMART_REPOSITORY_LOGICAL_FILE_!000001.ptd,.ptd,53315,493ead909b17d75b82f65c0ac52910a349f94adf4d72ee73c7ef1798460e7190,False,,,,binary,,,,,,;;;;;;;;;;;;;;;;;;;;;;
tables/SMART_REPOSITORY_PHYSICAL_FILE_!000001.ptd,tables,SMART_REPOSITORY_PHYSICAL_FILE_!000001.ptd,.ptd,68360,8fa474690f19a266c756f27afdee8b82ac294badf2fd30f30946cc8976508b91,True,latin-1,0.8720,614,text,,,,,,;;;;;;;;;;;;;;;;;;;;;;
tables/STEP_!000001.ptd,tables,STEP_!000001.ptd,.ptd,117320,0e408f4f43c769728702097b3638d391840b9108a2433dcddd71bf68d35ba06a,False,,,,binary,,,,,,;;;;;;;;;;;;;;;;;;;;;;
tables/SYSTEM_FIELD_!000001.ptd,tables,SYSTEM_FIELD_!000001.ptd,.ptd,595438,8ea1e94c5a9246778f07b9ab4ba997cd8fa8f93f6e189a69334c5bdc6242a8bc,False,,,,binary,,,,,,;;;;;;;;;;;;;;;;;;;;;;
tables/TABLES_!000001.ptd,tables,TABLES_!000001.ptd,.ptd,21051,d464b582eea5914af75be6edaf56fc66ca5d28c0a1cbb71a5f4d30a4c30375ef,False,,,,binary,,,,,,;;;;;;;;;;;;;;;;;;;;;;
tables/TASK_LOG_TYPE_!000001.ptd,tables,TASK_LOG_TYPE_!000001.ptd,.ptd,46,935ca6c151dafe7da28c9c115c3179d8e5cf737f4228a6b13745d3450e5ab821,False,,,,binary,,,,,,;;;;;;;;;;;;;;;;;;;;;;
tables/TASK_STATE_!000001.ptd,tables,TASK_STATE_!000001.ptd,.ptd,143,d46fbee393dcc570d5775e3184b9235e405246784d05a47627c73ef57e02d4bf,False,,,,binary,,,,,,;;;;;;;;;;;;;;;;;;;;;;
tables/TEST_!000001.ptd,tables,TEST_!000001.ptd,.ptd,11222,eb2a5255ff029597f74e8e53944582e056c6589df026c91c57d12be19c6ca32e,False,,,,binary,,,,,,;;;;;;;;;;;;;;;;;;;;;;
tables/TEST_CONFIGS_!000001.ptd,tables,TEST_CONFIGS_!000001.ptd,.ptd,9885,960889f79d5954f9b5a48b9d7f991493286f4ba4069f08288979029195c996ea,False,,,,binary,,,,,,;;;;;;;;;;;;;;;;;;;;;;
tables/TEST_CRITERIA_!000001.ptd,tables,TEST_CRITERIA_!000001.ptd,.ptd,8570,f0edb590e6d1e0bc65590f558c7f79259beb93c35a77ddfbcbe31408142169b1,False,,,,binary,,,,,,;;;;;;;;;;;;;;;;;;;;;;
tables/TEST_PARAMS_!000001.ptd,tables,TEST_PARAMS_!000001.ptd,.ptd,3082,b0c09dd172866160363b3ebac62e8682559945dbb098542e5fc49723748af478,False,,,,binary,,,,,,;;;;;;;;;;;;;;;;;;;;;;
tables/TESTCYCL_!000001.ptd,tables,TESTCYCL_!000001.ptd,.ptd,4632,222fc4bf0132c0728b1d786ce142bb70868ffbfdb3a5074acaaaf2995637dde4,False,,,,binary,,,,,,;;;;;;;;;;;;;;;;;;;;;;
tables/TOKENS_!000001.ptd,tables,TOKENS_!000001.ptd,.ptd,817,fb5b26cc3c4485d78e682053fda8bb47b935dad28eba49ad9e8fe3d1ca38e531,False,,,,binary,,,,,,;;;;;;;;;;;;;;;;;;;;;;
tables/TRAN_RULES_!000001.ptd,tables,TRAN_RULES_!000001.ptd,.ptd,2320,47f354a772041ae9ba00ef8684f9caf37c6977affff39824d4111a07220275c6,True,utf-16-be,0.8750,2,text,,,,,,;;;;;;;;;;;;;;;;;;;;;;
tables/USER_ASSETS_!000001.ptd,tables,USER_ASSETS_!000001.ptd,.ptd,3148,fd32529f58e287e6a247bd98ebaba90d5ffb37989eb79203ddc28f969a747118,False,,,,binary,,,,,,;;;;;;;;;;;;;;;;;;;;;;
tables/USERS_!000001.ptd,tables,USERS_!000001.ptd,.ptd,487,825069ae0c8ee16f300e116e1503a4a9b1c9dc774bc217829dc6bd2cb9e6f416,False,,,,binary,,,,,,;;;;;;;;;;;;;;;;;;;;;;
